eval_split,K,variant,denominator,n,accuracy,ece_adaptive,ece_equal_width,brier_binary,nll_binary,conf_acc_gap,multiclass_nll,multiclass_brier,mean_entropy
val_select,5,native,common,5282,0.7860658841347974,0.020813393676339654,0.01954374418074503,0.12498256092503535,0.3838646809005872,0.018876601872413468,0.5613768643585694,0.294287400805347,0.47738339539938635
val_select,5,global_T_corrected,common,5282,0.7860658841347974,0.013897082444304362,0.01480778617892291,0.12448979688226221,0.38082135231242187,0.001288681392956792,0.554859118667859,0.29348809593234454,0.5201692070788106
val_select,5,oracle_T_K,common,5282,0.7860658841347974,0.015835410357085845,0.01688253469074015,0.12451065736986316,0.38071033440752666,-0.00232999478436835,0.554202769814006,0.2935021998393543,0.5289373765409342
val_select,10,native,common,5282,0.6664142370314274,0.02558690452555371,0.025442804248325762,0.1656383829894519,0.4894509828001082,0.024231387012409344,0.9399048519232465,0.4432851764986145,0.8223528163413663
val_select,10,global_T_corrected,common,5282,0.6664142370314274,0.013095487982587624,0.011877560936583131,0.16486896451131453,0.48692364894211654,-0.001492065302421075,0.9313859870720024,0.44221622176795805,0.8934956594424603
val_select,10,oracle_T_K,common,5282,0.6664142370314274,0.011465205272482643,0.01074832289372825,0.1648687358744863,0.4869265316101672,0.001791451037471803,0.9319770350422214,0.442223506787723,0.8844216622890004
val_select,20,native,common,5282,0.5588792124195381,0.02499974088652349,0.019690484975050986,0.17956532814179965,0.5280236595494848,0.007308238931776012,1.3840917081875603,0.5688212671825151,1.2657770242989932
val_select,20,global_T_corrected,common,5282,0.5588792124195381,0.029609420512750343,0.03044743803342109,0.18047086740386364,0.5310771289179059,-0.024650140613633464,1.3771593582901176,0.5696034710940763,1.3681288459370502
val_select,20,oracle_T_K,common,5282,0.5588792124195381,0.023727493735142442,0.02453978634194325,0.17987033331060945,0.5292790310397427,-0.01375197012094509,1.3781664322135465,0.5689875101471291,1.3331823573233679
val_select,50,native,common,5282,0.427300265051117,0.023874326991689617,0.021776805005880157,0.1793832854086918,0.5343038175843846,-0.019766327205287926,2.0687846117054076,0.7092539753575585,1.9740849031892507
val_select,50,global_T_corrected,common,5282,0.427300265051117,0.055453795685783014,0.05471115764576077,0.18365173412005656,0.5450745871051867,-0.05471115764576079,2.066419141722568,0.7135319957041073,2.115417235776355
val_select,50,oracle_T_K,common,5282,0.427300265051117,0.03141350235433144,0.030173806427064288,0.18020273500910183,0.5364055234605812,-0.028990244526741926,2.0666188152249187,0.7100332518541435,2.0111827084493807
val_calib,5,native,common,5231,0.7931561842859873,0.017696752611571217,0.01884591282040729,0.12075989129489464,0.36878074197957433,0.016709431854905143,0.524366846138068,0.2801611652026374,0.46719133302353977
val_calib,5,global_T_corrected,common,5231,0.7931561842859873,0.01579683935908875,0.012208014914648117,0.12057507096089351,0.3676614289740513,-0.0011601788982609218,0.5206949494873785,0.2800063289858512,0.5108446767980286
val_calib,5,oracle_T_K,common,5231,0.7931561842859873,0.017622334922141682,0.01535564096143516,0.12065770247863654,0.36791650110752117,-0.004842803605745405,0.5205787729983353,0.28015103409863834,0.5198026656616646
val_calib,10,native,common,5231,0.6807493787038807,0.01829726443398274,0.01772186100266446,0.15997322723707397,0.4728814733767536,0.0089868967709954,0.8898359629068435,0.42152393475142425,0.8220936470863826
val_calib,10,global_T_corrected,common,5231,0.6807493787038807,0.024723192096850397,0.027421521268253736,0.16057319334529147,0.47502877951079014,-0.016974330560879825,0.8865419592852929,0.42224997538268255,0.8936273906229113
val_calib,10,oracle_T_K,common,5231,0.6807493787038807,0.02144089237758521,0.023902249878051274,0.16039593843606204,0.4744642593206073,-0.013661993382264703,0.8865066224079303,0.4220265958079817,0.8845141433923253
val_calib,20,native,common,5231,0.5750334544064233,0.025083923970529488,0.02344695247796633,0.17868740404955955,0.5267430916939977,-0.00730483785992353,1.328882405367068,0.5506949338542892,1.255333349790239
val_calib,20,global_T_corrected,common,5231,0.5750334544064233,0.04458969175143307,0.04109523913824316,0.1810161115830536,0.5328385038411143,-0.03906628451322747,1.3266074018278031,0.5532107263048374,1.3573536924136675
val_calib,20,oracle_T_K,common,5231,0.5750334544064233,0.03645111843900867,0.030633249251900845,0.17993843645929483,0.5300361677682273,-0.028230259827721205,1.3260958570804997,0.5520143626330649,1.3225102394562034
val_calib,50,native,common,5231,0.4408334926400306,0.044249737175557885,0.03692107613616316,0.1787474704250781,0.5317267413936321,-0.03394506545817505,2.003459965788258,0.6936678245091407,1.9661517006371516
val_calib,50,global_T_corrected,common,5231,0.4408334926400306,0.07080291271212566,0.06988574429218435,0.18463798446996751,0.5461888036174206,-0.0685239468703498,2.007024545774734,0.6997142539510876,2.10629493005846
val_calib,50,oracle_T_K,common,5231,0.4408334926400306,0.05267089782729587,0.04638592076091345,0.18000295024638174,0.5348239240753676,-0.043069548944064395,2.0029237463043263,0.6949225003284226,2.0029257474832796
testA,5,native,common,5646,0.8219978746014878,0.01563367542120907,0.0181694169585856,0.10939115452196582,0.33418273341643867,0.014467913146733458,0.448186611836726,0.2476213260682738,0.405450058431546
testA,5,global_T_corrected,common,5646,0.8219978746014878,0.008253584585205032,0.010272216103282172,0.10907405630377731,0.3328207746173151,-0.0018091061849607737,0.44583435128207305,0.2470598291528328,0.445581266591789
testA,5,oracle_T_K,common,5646,0.8219978746014878,0.009197635794526253,0.01099993873636986,0.10911531545813763,0.3330036047328483,-0.005180544702562462,0.44591867067441626,0.24710574556701612,0.45385847241685107
testA,10,native,common,5646,0.7213956783563585,0.009918021073144575,0.013118833263862931,0.1492970520891546,0.4451673617500581,0.007625582972043188,0.774832899936902,0.38000658971540263,0.7229575436059776
testA,10,global_T_corrected,common,5646,0.7213956783563585,0.017768441311146736,0.018278000495596795,0.1497430067905256,0.44655004874347615,-0.017363869242325358,0.7730243868005784,0.38038368028312,0.7913681943199007
testA,10,oracle_T_K,common,5646,0.7213956783563585,0.015171194159410302,0.016277372148224455,0.14959300568030878,0.4460772540294681,-0.014159584254965996,0.7728297294160354,0.3802130272976979,0.7826101073301946
testA,20,native,common,5646,0.6089266737513284,0.02005511897065476,0.017858004700913727,0.1704413660997604,0.5049491671010048,0.002658420744155121,1.186268134766942,0.5096359635331283,1.1297706669640322
testA,20,global_T_corrected,common,5646,0.6089266737513284,0.03262884931106371,0.034667230191074115,0.17211191774599305,0.51011079598933,-0.029596630792657064,1.1857359368996438,0.5115090643713874,1.2312369887323888
testA,20,oracle_T_K,common,5646,0.6089266737513284,0.026780051175601265,0.02381411787575118,0.17124218393029805,0.5075794330190434,-0.018548613658958102,1.18466072363245,0.5105125935018654,1.196469014122447
testA,50,native,common,5646,0.4819341126461211,0.0401267248977489,0.04106019947610549,0.18262925571742689,0.5420893976316343,-0.036843125708731106,1.8418746039341436,0.6590650842480913,1.8215422900602527
testA,50,global_T_corrected,common,5646,0.4819341126461211,0.07435950191293653,0.0736548875749185,0.18853125821708724,0.5566183324015006,-0.07358798940424854,1.8473907373526819,0.6651674907187008,1.9652179943434087
testA,50,oracle_T_K,common,5646,0.4819341126461211,0.048227852943451985,0.046546766835981086,0.1838487073296115,0.5451284612115417,-0.04650041150879952,1.8418332881578467,0.6602939954271578,1.8591344796995142
testB,5,native,common,4640,0.7489224137931034,0.020774052680694852,0.02022062990621761,0.14644808821197086,0.43674322847764974,0.016774911372440693,0.6659356027424579,0.34624847236052575,0.5814187296191824
testB,5,global_T_corrected,common,4640,0.7489224137931034,0.01630334902940126,0.01365993047325778,0.14603071157828584,0.43520030320215036,-0.004378397480167218,0.6597755100615136,0.34566523768460117,0.6318566362994978
testB,5,oracle_T_K,common,4640,0.7489224137931034,0.019419578299054795,0.015189598157102698,0.1460961450088467,0.435433318330881,-0.008693656855230714,0.6592815512398665,0.345762792864895,0.6420644430496009
testB,10,native,common,4640,0.6191810344827586,0.01991508338150792,0.01919307176601784,0.18274028029149336,0.537654570356587,0.009044456112616062,1.0994511117926482,0.502965775895246,0.9936489974675761
testB,10,global_T_corrected,common,4640,0.6191810344827586,0.025600962520673357,0.025166246352781505,0.18322704435600964,0.5381578551503088,-0.019401847160068098,1.092531934726062,0.5035298453437709,1.0715552083658626
testB,10,oracle_T_K,common,4640,0.6191810344827586,0.023721571607065617,0.024114850548834627,0.1830548915207467,0.5377798270390507,-0.01580266967287347,1.0928926225221478,0.5033179646349638,1.0617146264254687
testB,20,native,common,4640,0.5038793103448276,0.01941366034142417,0.016596883262411273,0.1913746049401475,0.5603297978547804,-0.01315831395893774,1.5993096360721968,0.6335709694957189,1.4992277894732817
testB,20,global_T_corrected,common,4640,0.5038793103448276,0.045703120433307924,0.045721266219585104,0.19403058935691644,0.5671967659723205,-0.04570312043330793,1.5944886820983508,0.6364068767644739,1.605041107945941
testB,20,oracle_T_K,common,4640,0.5038793103448276,0.03527381552608106,0.035789736525701554,0.19283279771723041,0.5641686528470236,-0.03470352050719844,1.5947647347877207,0.6350977908810153,1.5692158580852027
testB,50,native,common,4640,0.36530172413793105,0.03800872059635303,0.03327443812138819,0.18183283350134616,0.5434136386325528,-0.032960450914206685,2.3606586144864563,0.774302009262709,2.264563087199272
testB,50,global_T_corrected,common,4640,0.36530172413793105,0.06956081251244478,0.06581073642050012,0.1869714704567801,0.5559258051932582,-0.06513183222489499,2.3579461445109606,0.7792960863402637,2.4015723045355135
testB,50,oracle_T_K,common,4640,0.36530172413793105,0.04738802926630939,0.04193916688432338,0.18294334381023158,0.5460872751205618,-0.041547169710573706,2.358442042555949,0.775334045459005,2.300850820552553
__pooled__,5,native,common,20799,0.7893167940766384,0.01666638108894651,0.016800762186446334,0.12447687224886747,0.3783811528831945,0.016665929877286323,0.544668415637548,0.2896587347931705,0.4785023747720185
__pooled__,5,global_T_corrected,common,20799,0.7893167940766384,0.010201147272756587,0.006904718964608477,0.12412606024053638,0.37661285726356136,-0.0014323793705212085,0.5400769392565081,0.2891342722194853,0.5224928544510639
__pooled__,5,oracle_T_K,common,20799,0.7893167940766384,0.011005150001721573,0.008493789732871768,0.12417793729559397,0.37675042804995185,-0.005155423881514909,0.5397937306645804,0.28920847527698124,0.5314966545497894
__pooled__,10,native,common,20799,0.674407423433819,0.013076924851143727,0.012591792786285862,0.16359286250662602,0.4840163089225136,0.012501608780773887,0.9180955364001118,0.4339488634375444,0.8335203174803051
__pooled__,10,global_T_corrected,common,20799,0.674407423433819,0.014304279983029345,0.015181726140181335,0.16377800601419182,0.4844021482973365,-0.013689830696487104,0.9130691686014076,0.4340881987537265,0.9055286285624927
__pooled__,10,oracle_T_K,common,20799,0.674407423433819,0.011132517299105775,0.013124944230324762,0.16365424412593707,0.48404822607733894,-0.010350153516436977,0.91323800479324,0.43394027566485593,0.8963594998267324
__pooled__,20,native,common,20799,0.5642578970142795,0.010121797682032635,0.01205299454689016,0.17950228346313588,0.5286449993696877,-0.002195039283407363,1.3645186242315002,0.5626411404787734,1.27831074205178
__pooled__,20,global_T_corrected,common,20799,0.5642578970142795,0.03431524752515963,0.03448624853543567,0.18136392247358674,0.5338865405454383,-0.034315247525159576,1.3609659903899889,0.5646136318692018,1.3811110394012995
__pooled__,20,oracle_T_K,common,20799,0.5642578970142795,0.0245589797100119,0.0250864982486052,0.18043706974102705,0.5313624243272862,-0.02336940252942543,1.3608627981337507,0.5635937791302534,1.3460428823130008
__pooled__,50,native,common,20799,0.43170344728111926,0.03337654641371941,0.031026466058560815,0.18065097632333918,0.5378014025190664,-0.030911349473698668,2.0558728489396443,0.7062213893211036,1.9954832683765262
__pooled__,50,global_T_corrected,common,20799,0.43170344728111926,0.06563404925542612,0.06582144627543622,0.185964943660641,0.5509091995599747,-0.0656340492554261,2.057060893271327,0.7115991517353643,2.136188225761536
__pooled__,50,oracle_T_K,common,20799,0.43170344728111926,0.041102869196944614,0.040255264232080305,0.1817536033424376,0.5405355147034381,-0.04008574801444276,2.054682269404046,0.7072986732353997,2.0324531338459524
