eval_split,K,denominator,n,n_correct,top1,top5,mean_target_rank,mrr
val_select,5,common,5282,4157,0.7870124952669444,1.0,1.3235516849678153,0.8784772182254197
val_select,10,common,5282,3539,0.6700113593335858,0.96932979931844,1.715070049223779,0.7941491919246557
val_select,20,common,5282,2967,0.5617190458159788,0.8943581976524044,2.5123059447179097,0.699810950860092
val_select,50,common,5282,2271,0.4299507762211284,0.7447936387731919,4.835668307459295,0.5705400095603049
val_calib,5,common,5231,4171,0.7973618810934812,1.0,1.2940164404511565,0.8857452367297522
val_calib,10,common,5231,3578,0.6839992353278532,0.9715159625310648,1.67444083349264,0.8045120966885447
val_calib,20,common,5231,2966,0.5670043968648442,0.8963869241062894,2.4140699675014337,0.7089812639299563
val_calib,50,common,5231,2288,0.4373924679793538,0.755113744981839,4.651691837124833,0.5791622656060561
testA,5,common,5646,4621,0.8184555437477861,1.0,1.2520368402408786,0.8987601842012043
testA,10,common,5646,4066,0.7201558625575629,0.9798087141339001,1.559156925256819,0.8283308452676147
testA,20,common,5646,3453,0.6115834218916046,0.9229543039319873,2.181367339709529,0.7401966463438927
testA,50,common,5646,2723,0.4822883457314913,0.7895855472901169,4.056323060573858,0.6180565840353749
testB,5,common,4640,3479,0.7497844827586206,1.0,1.380603448275862,0.8566810344827587
testB,10,common,4640,2852,0.6146551724137931,0.9571120689655173,1.865301724137931,0.7570291119321292
testB,20,common,4640,2306,0.49698275862068964,0.8603448275862069,2.8379310344827586,0.6495843031372933
testB,50,common,4640,1650,0.35560344827586204,0.6743534482758621,5.83426724137931,0.5036943643414177
__pooled__,5,common,20799,16428,0.7898456656570028,1.0,1.3094379537477763,0.8809486032982355
__pooled__,10,common,20799,14035,0.6747920573104477,0.9699985576229626,1.6960430789941825,0.7977532497365182
__pooled__,20,common,20799,11692,0.5621424106928218,0.8950430309149479,2.4704072311168805,0.7018752760168886
__pooled__,50,common,20799,8932,0.4294437232559258,0.7438338381652964,4.800615414202606,0.5706947192600949
