grouping,group,k5_availability,k5_same_name_availability,n_images,n_rows,recall_at_05,recall_at_07,same_name_distractors_mean,reportable,rate,wilson_low,wilson_high
level,1,0.775943,0.009434,720,1272,0.775943,0.65173,0.1022,,,,
level,2,0.728793,0.415771,374,837,0.728793,0.609319,3.6547,,,,
level,3,0.769841,0.444444,79,126,0.769841,0.68254,3.5635,,,,
tuple_type,0_hop,0.751825,0.093066,,548,0.751825,,,True,,,
tuple_type,1_hop,0.75534,0.252427,,515,0.75534,,,True,,,
tuple_type,2_hop,0.738983,0.257627,,590,0.738983,,,True,,,
tuple_type,and,0.782723,0.204188,,382,0.782723,,,True,,,
tuple_type,same_attr,0.8,0.033333,,150,0.8,,,False,,,
tuple_type,same_attr_two_hop,0.76,0.0,,50,0.76,,,False,,,
overall,recall_at_05,,,,,,,,,0.757942,0.739751,0.775248
overall,recall_at_07,,,,,,,,,0.637584,0.617434,0.657261
overall,k5_availability,,,,,,,,,0.757942,0.739751,0.775248
overall,k10_availability,,,,,,,,,0.757942,0.739751,0.775248
same_name_supply,max,,,,,,,,,42,,
same_name_supply,mean,,,,,,,,,1.6277,,
same_name_supply,median,,,,,,,,,0.0,,
same_name_supply,p90,,,,,,,,,6.0,,
same_name_supply,share_ge_1,,,,,,,,,0.275168,,
same_name_supply,share_ge_4,,,,,,,,,0.18613,,
same_name_supply,share_ge_9,,,,,,,,,0.059508,,
