scorer,model,information,params,eval_split,K,n,tune_mean_auroc,selected_hp,auroc_correct,aurc,aurc_oracle,e_aurc,rer_at_50,rer_at_80,rer_at_90,rer_at_95,ece_adaptive,brier_binary,nll_binary
b3_seed1,stats_logistic_noent,summary_statistics,16,val_select,5,5282,0.812772401002784,0.1,0.8443591265068292,0.06354594989308339,0.024489234090560863,0.039056715802522526,0.8151111111111109,0.41116685071252035,0.2069469452624687,0.11112882511846206,0.011650855908091085,0.12330460698049164,0.3782268202214589
b3_seed1,stats_logistic_noent,summary_statistics,16,testA,5,5646,0.812772401002784,0.1,0.8653867550577692,0.04512642022230094,0.017578184432274074,0.027548235790026868,0.8907317073170734,0.4597800180348494,0.2564563596049181,0.13329622960659124,0.017077930585122306,0.10782852610880954,0.3308009937501656
b3_seed1,stats_logistic_noent,summary_statistics,16,testB,5,4640,0.812772401002784,0.1,0.8115096386117864,0.08850100611240863,0.034300477075900726,0.054200529036507905,0.748492678725237,0.2937123169681311,0.14824385108622865,0.08155401423455289,0.025502380468475257,0.14623233542173603,0.43560793832965883
b3_seed1,stats_logistic_noent,summary_statistics,16,__pooled_test__,5,10286,0.812772401002784,0.1,0.8426279466413654,0.06226258171373015,0.024377848146793307,0.03788473356693684,0.8307410795974383,0.38530771220919224,0.1979781784631952,0.10389422286503748,0.01698267792605655,0.12515242997931111,0.3780792576864721
b3_seed1,stats_logistic_noent,summary_statistics,16,val_select,10,5282,0.812772401002784,0.1,0.8114894486921164,0.13319785586976823,0.061675481317947256,0.07152237455182098,0.6442914515203672,0.25924969569305545,0.1279770201667297,0.06877478598559815,0.018080973136560072,0.16396139100713283,0.48630021273012763
b3_seed1,stats_logistic_noent,summary_statistics,16,testA,10,5646,0.812772401002784,0.1,0.8292546402087082,0.09912346650791497,0.043425887165102706,0.05569757934281226,0.7126582278481014,0.3236058995132314,0.16817135683648918,0.08666001189363685,0.014566884462641599,0.14681426321928626,0.44174462707111894
b3_seed1,stats_logistic_noent,summary_statistics,16,testB,10,4640,0.812772401002784,0.1,0.7828812780230365,0.18203455134671906,0.08619592688948313,0.09583862445723593,0.5290827740492171,0.18833892617449682,0.0939597315436242,0.051571882726951714,0.0233907805795147,0.18237486026622435,0.5346460569490091
b3_seed1,stats_logistic_noent,summary_statistics,16,__pooled_test__,10,10286,0.812772401002784,0.1,0.8124995708122087,0.13142352518803685,0.06065784747778169,0.07076567771025516,0.6520190023752969,0.2562532310705808,0.12845448168599374,0.06803711316350082,0.013552796935046818,0.16285559807227018,0.4836523302242796
b3_seed1,stats_logistic_noent,summary_statistics,16,val_select,20,5282,0.812772401002784,0.1,0.8020651937329342,0.20817096275689206,0.11430754390305176,0.09386341885384031,0.5144708423326134,0.174484191761583,0.08331190467320478,0.0433292845540074,0.019331776641752542,0.1788044258267363,0.5262245107559457
b3_seed1,stats_logistic_noent,summary_statistics,16,testA,20,5646,0.812772401002784,0.1,0.8165852727044387,0.1682839440466346,0.08769861740256002,0.08058532664407458,0.5941632466940265,0.231110197166685,0.12003094530143416,0.06022008199773338,0.02291837347994237,0.1700470111699377,0.504631248497078
b3_seed1,stats_logistic_noent,summary_statistics,16,testB,20,4640,0.812772401002784,0.1,0.7757074982665094,0.27659323894228127,0.155526924188291,0.12106631475399027,0.3864610111396744,0.14631533847472145,0.06883747500714094,0.03350922292878731,0.025612415349882543,0.19033504445646804,0.5579446567351399
b3_seed1,stats_logistic_noent,summary_statistics,16,__pooled_test__,20,10286,0.812772401002784,0.1,0.8025728440800087,0.2111326349286008,0.1153670428396324,0.0957655920889684,0.50960901259112,0.19070886786865796,0.09315452189768185,0.04575494230686278,0.016916022389254153,0.17919891418855532,0.5286808512799486
b3_seed1,stats_logistic_noent,summary_statistics,16,val_select,50,5282,0.812772401002784,0.1,0.7967604765207742,0.3248960645248846,0.20713441598699367,0.11776164853789095,0.3749584855529724,0.12163744767372149,0.0568314441494635,0.02884348990595012,0.03669423819398851,0.17814684107082246,0.5327864699187438
b3_seed1,stats_logistic_noent,summary_statistics,16,testA,50,5646,0.812772401002784,0.1,0.8094547919805802,0.269229758257455,0.166020666799799,0.103209091457656,0.44372220321587424,0.14731794760827152,0.0760204557672914,0.03601192731258167,0.042213902247119704,0.1767590332152087,0.5281759853116389
b3_seed1,stats_logistic_noent,summary_statistics,16,testB,50,4640,0.812772401002784,0.1,0.7719574338704773,0.419401991481569,0.27672425016436136,0.14267774131720762,0.26555183946488287,0.09113712374581945,0.04645113340765507,0.02165111776095766,0.044540371662090725,0.17641937180377046,0.5332274525562745
b3_seed1,stats_logistic_noent,summary_statistics,16,__pooled_test__,50,10286,0.812772401002784,0.1,0.7982834722656815,0.32838530928363785,0.21122130479937307,0.11716400448426478,0.36411297141890747,0.12187150347104735,0.05994780586963475,0.03053347076060363,0.04348460137987729,0.17660581243462603,0.5304546950156162
b3_seed2,stats_logistic_noent,summary_statistics,16,val_select,5,5282,0.8252748025595203,0.1,0.8427144610977544,0.0639660224818401,0.024716527530644183,0.03924949495119592,0.8230088495575224,0.3971809573269563,0.19177441632756384,0.10667825915200846,0.01803654990058406,0.12489712892033647,0.3806224082462193
b3_seed2,stats_logistic_noent,summary_statistics,16,testA,5,5646,0.8252748025595203,0.1,0.8562668236065953,0.045770218667740434,0.016876182025353653,0.02889403664238678,0.8825870646766169,0.44281074151051264,0.23502675524385158,0.12756908967466893,0.018821120263706376,0.10961127889174524,0.3355905253874078
b3_seed2,stats_logistic_noent,summary_statistics,16,testB,5,4640,0.8252748025595203,0.1,0.8121270880291475,0.08909550670293577,0.034549222393449514,0.054546284309486257,0.7236051502145923,0.30793991416309024,0.15689079637577497,0.08109329116783395,0.02176597292496998,0.14615444129446095,0.4365493176906669
b3_seed2,stats_logistic_noent,summary_statistics,16,__pooled_test__,5,10286,0.8252748025595203,0.1,0.8381710020372797,0.06284026288216679,0.02400774092374186,0.03883252195842493,0.8156682027649768,0.3807754188429928,0.1941126518552145,0.10844357338091949,0.016575374317030888,0.12609584758206227,0.38113289329399175
b3_seed2,stats_logistic_noent,summary_statistics,16,val_select,10,5282,0.8252748025595203,0.1,0.8095313951088638,0.13530006728040228,0.0631256604671393,0.07217440681326298,0.6333711691259932,0.24950350594369342,0.12476881884996092,0.06507628157249123,0.03261316402240077,0.16595800126649096,0.4897965896224549
b3_seed2,stats_logistic_noent,summary_statistics,16,testA,10,5646,0.8252748025595203,0.1,0.8217328728455215,0.09994388407505478,0.04301993761155953,0.056923946463495245,0.7164653528289892,0.2888108932547113,0.15670054963819052,0.08393386154215896,0.02153916124170053,0.1498159105353568,0.4466795907380617
b3_seed2,stats_logistic_noent,summary_statistics,16,testB,10,4640,0.8252748025595203,0.1,0.7830701744536835,0.18020962981268265,0.08400983938137374,0.09619979043130891,0.5200905489530276,0.2013299377475948,0.09639690624410474,0.046257409227653166,0.028552505365819186,0.18261297285726655,0.5362975348798011
b3_seed2,stats_logistic_noent,summary_statistics,16,__pooled_test__,10,10286,0.8252748025595203,0.1,0.8076046007610463,0.13147134273669378,0.05958359027880322,0.07188775245789056,0.6425149700598802,0.2582515610412424,0.13312338382211591,0.06369089491912625,0.02036310907336759,0.1646106187964555,0.487106118136241
b3_seed2,stats_logistic_noent,summary_statistics,16,val_select,20,5282,0.8252748025595203,0.1,0.7992665189527431,0.2121766872623417,0.11595261835146137,0.09622406891088034,0.49785407725321895,0.18033510112140455,0.0873059235412328,0.04632575945480394,0.026276991786750872,0.18028176089961373,0.5296579289247313
b3_seed2,stats_logistic_noent,summary_statistics,16,testA,20,5646,0.8252748025595203,0.1,0.8149614338046218,0.1698884699993824,0.08901072975039664,0.08087774024898575,0.5797101449275363,0.22387947464169175,0.1124236435501259,0.05707028337061902,0.011436272820309654,0.17026722663931912,0.5044737081036624
b3_seed2,stats_logistic_noent,summary_statistics,16,testB,20,4640,0.8252748025595203,0.1,0.7748013963385132,0.2707165115114087,0.15075248697107424,0.11996402454033445,0.4135534317984362,0.13933536055603812,0.06506419538565511,0.031963052723032626,0.022078867683500127,0.1907262911985089,0.5590762860600756
b3_seed2,stats_logistic_noent,summary_statistics,16,__pooled_test__,20,10286,0.8252748025595203,0.1,0.8005440741104717,0.2101750499144599,0.114410862422471,0.0957641874919889,0.5166297117516631,0.1823923773987352,0.08751910614610789,0.04262479431254323,0.015847806646168236,0.17949628162227071,0.5291048535166273
b3_seed2,stats_logistic_noent,summary_statistics,16,val_select,50,5282,0.8252748025595203,0.1,0.7936296627205718,0.3293627860550311,0.20937985814061982,0.11998292791441129,0.36330578512396683,0.12239712445193643,0.061931109774457024,0.03159824631327211,0.02183346744576086,0.17777180767474451,0.5308459621834705
b3_seed2,stats_logistic_noent,summary_statistics,16,testA,50,5646,0.8252748025595203,0.1,0.7976771988679375,0.2776167454116271,0.16627910833295384,0.11133763707867328,0.41059829059829056,0.1474736465659644,0.06829614829614818,0.035951356622497516,0.03005833326512238,0.18124780661666573,0.5384579733297316
b3_seed2,stats_logistic_noent,summary_statistics,16,testB,50,4640,0.8252748025595203,0.1,0.7701492955912476,0.411524201708351,0.26682788683992525,0.14469631486842577,0.28896434634974527,0.0912563667232597,0.04395397094887762,0.023501027611473546,0.035182519735840315,0.17960919111971163,0.537941931175798
b3_seed2,stats_logistic_noent,summary_statistics,16,__pooled_test__,50,10286,0.8252748025595203,0.1,0.7903884048712441,0.3308114437342376,0.2076661170642679,0.12314532666996969,0.3611584327086881,0.1196977159143203,0.05949688339897011,0.030245857684682523,0.03027309046816928,0.1805086294918488,0.538225187446565
b3_seed3,stats_logistic_noent,summary_statistics,16,val_select,5,5282,0.8211171914199131,0.1,0.8422390593247607,0.0633826224972898,0.0240829741884431,0.039299648308846705,0.8243727598566308,0.3952185396088732,0.2005513561113599,0.1011309107999733,0.015928019284278325,0.12372262487715723,0.37884851254196783
b3_seed3,stats_logistic_noent,summary_statistics,16,testA,5,5646,0.8211171914199131,0.1,0.8565435667828069,0.04452333165943484,0.016053923723567953,0.028469407935866886,0.8695208970438328,0.45466227144616433,0.24575674533973108,0.13519510520926709,0.014953515863756742,0.10722395058561088,0.33052721367195637
b3_seed3,stats_logistic_noent,summary_statistics,16,testB,5,4640,0.8211171914199131,0.1,0.8189338408533797,0.08605873209750803,0.034114568604628415,0.051944163492879614,0.7357512953367875,0.3188687392055267,0.1594703511801958,0.08008362876102164,0.01436912428697058,0.14327308378772166,0.42865062319959213
b3_seed3,stats_logistic_noent,summary_statistics,16,__pooled_test__,5,10286,0.8211171914199131,0.1,0.8417802426922366,0.06087958104120657,0.023299379337029164,0.037580201704177404,0.8214118747078076,0.39225413537943843,0.20476817946820003,0.10241184849060705,0.012742940812525161,0.12348566340476254,0.37479054443301313
b3_seed3,stats_logistic_noent,summary_statistics,16,val_select,10,5282,0.8211171914199131,0.1,0.8053863664853944,0.13345806304160343,0.06091999265290571,0.07253807038869772,0.6399307559145989,0.23766593142388684,0.12166290676105727,0.05732737793108113,0.021686951707587294,0.16609047669681512,0.48992084945476433
b3_seed3,stats_logistic_noent,summary_statistics,16,testA,10,5646,0.8211171914199131,0.1,0.8253638027324646,0.09707562892684317,0.041474059494111676,0.05560156943273149,0.7179818887451487,0.3216665172622269,0.15850097215497652,0.08767954250125147,0.014686137136746559,0.14671089673908086,0.4407539904075487
b3_seed3,stats_logistic_noent,summary_statistics,16,testB,10,4640,0.8211171914199131,0.1,0.7863382608942907,0.1775768341588697,0.08287796391901076,0.09469887023985896,0.5284738041002277,0.20771640091116172,0.109719058466211,0.06006474043879641,0.018882391397430667,0.18084144909695976,0.531860674861918
b3_seed3,stats_logistic_noent,summary_statistics,16,__pooled_test__,10,10286,0.8211171914199131,0.1,0.8112817616176249,0.12851446806943023,0.05814321302285469,0.07037125504657554,0.6541490006056936,0.266371555766752,0.1362697234758512,0.07267981324904346,0.01464115223393454,0.16210714046264277,0.4818520864476297
b3_seed3,stats_logistic_noent,summary_statistics,16,val_select,20,5282,0.8211171914199131,0.1,0.8016120864280891,0.20990800843342303,0.11485430322550444,0.09505370520791859,0.5172413793103449,0.18542193645250266,0.09103441022442073,0.04312251755748272,0.02097692679395124,0.17944733118006131,0.5279630332041186
b3_seed3,stats_logistic_noent,summary_statistics,16,testA,20,5646,0.8211171914199131,0.1,0.8151589490439973,0.16479319086777344,0.08425593881065124,0.0805372520571222,0.5940548072457035,0.244111500744311,0.12122674437414979,0.06280451500481622,0.02190380348830365,0.16967151999275912,0.5039230914404483
b3_seed3,stats_logistic_noent,summary_statistics,16,testB,20,4640,0.8211171914199131,0.1,0.776864201329433,0.2706106497800826,0.1510481103940043,0.1195625393860783,0.4157986111111111,0.13845486111111108,0.06635802469135796,0.03600146198830414,0.016689608825437942,0.19003567491193257,0.5576056626579314
b3_seed3,stats_logistic_noent,summary_statistics,16,__pooled_test__,20,10286,0.8211171914199131,0.1,0.802972480252294,0.20633577466699293,0.11146098751328032,0.09487478715371261,0.5229975319721785,0.18893602423318184,0.09461655463626324,0.046354986581654295,0.015440204588816658,0.1788577613718146,0.528139223119344
b3_seed3,stats_logistic_noent,summary_statistics,16,val_select,50,5282,0.8211171914199131,0.1,0.7928144220262611,0.3260149844216292,0.20649586665110548,0.11951911777052371,0.3694712337878283,0.11839073712056312,0.05631579882531853,0.02965194935743805,0.030724864514421277,0.17839578460525124,0.5332855717551829
b3_seed3,stats_logistic_noent,summary_statistics,16,testA,50,5646,0.8211171914199131,0.1,0.8071536881850545,0.2645828352945594,0.1600217806091428,0.1045610546854166,0.456884561891516,0.14598705000395656,0.07675868195529349,0.03965549965307275,0.04114137510156498,0.17848094675414558,0.5318830605281109
b3_seed3,stats_logistic_noent,summary_statistics,16,testB,50,4640,0.8211171914199131,0.1,0.7687694646243934,0.4169537966001827,0.27031673618713487,0.14663706041304786,0.27592029719689287,0.09447821681864244,0.045742804608052814,0.02308963899109478,0.03472977383050505,0.1796228079347922,0.5393266960538522
b3_seed3,stats_logistic_noent,summary_statistics,16,__pooled_test__,50,10286,0.8211171914199131,0.1,0.7957451116460348,0.3243094012372622,0.20496534554659546,0.11934405569066675,0.3667980126777455,0.124143268062554,0.06274515420785594,0.031796223380833585,0.037563740763796094,0.17899603871197178,0.535240873948239
cosine,stats_logistic_noent,summary_statistics,16,val_select,5,5282,0.7336924035933935,1.0,0.7355551953782042,0.27275747824399493,0.13046668511809645,0.14229079312589848,0.3707773707773708,0.1291015692340824,0.06212963091381261,0.02835944446147722,0.02409597292238743,0.20553187004016985,0.5952717863930126
cosine,stats_logistic_noent,summary_statistics,16,testA,5,5646,0.7336924035933935,1.0,0.7470834705927071,0.2592349043209352,0.12175165128327825,0.13748325303765696,0.40298507462686556,0.1511569890199215,0.07534702675029749,0.03962042489776488,0.02591170781822002,0.20259094355444157,0.588946602879322
cosine,stats_logistic_noent,summary_statistics,16,testB,5,4640,0.7336924035933935,1.0,0.7476523770681351,0.2806810496258566,0.14549401329734218,0.13518703632851442,0.3795233892321272,0.1201456310679612,0.05217220751201328,0.02494541738282161,0.03155864889562251,0.2014523772321882,0.5858930743332569
cosine,stats_logistic_noent,summary_statistics,16,__pooled_test__,5,10286,0.7336924035933935,1.0,0.7486247995891406,0.268520386399893,0.13213517164269745,0.13638521475719556,0.39733998337489607,0.13941202205730446,0.06489851198316594,0.032054916944233666,0.02065729801059146,0.20207733790255986,0.5875691604863856
cosine,stats_logistic_noent,summary_statistics,16,val_select,10,5282,0.7336924035933935,1.0,0.7387730922482492,0.4154109826965328,0.244556362649474,0.17085462004705881,0.26361386138613874,0.09004591449443108,0.04638225444336613,0.022296712034695,0.02716191429961403,0.1958430414228977,0.5769160621073334
cosine,stats_logistic_noent,summary_statistics,16,testA,10,5646,0.7336924035933935,1.0,0.7369464233637462,0.39942475176912146,0.22903424627124702,0.17039050549787443,0.280952380952381,0.09788220690091408,0.04872343565525388,0.023864120592308493,0.017812221314611843,0.19909281165567902,0.5840552954057141
cosine,stats_logistic_noent,summary_statistics,16,testB,10,4640,0.7336924035933935,1.0,0.745128269904998,0.4397946777878772,0.2716335097623691,0.16816116802550807,0.24637681159420285,0.08830468486686884,0.040931730517170306,0.02045305376687426,0.03797066292605539,0.18914849043752238,0.5623254440254359
cosine,stats_logistic_noent,summary_statistics,16,__pooled_test__,10,10286,0.7336924035933935,1.0,0.7415128666109111,0.41716476216364073,0.24761592130404958,0.16954884085959115,0.26695116168800365,0.09319415929543136,0.044193799830461,0.022764648009708975,0.02406916286380848,0.19460694246918797,0.5742529902915308
cosine,stats_logistic_noent,summary_statistics,16,val_select,20,5282,0.7336924035933935,1.0,0.7403394695772247,0.5443350557691622,0.3654920390783707,0.1788430166907915,0.1849908160587774,0.06201479439731792,0.028583975245141644,0.0139543824336822,0.03581192188463526,0.16897326294093354,0.5155419381298351
cosine,stats_logistic_noent,summary_statistics,16,testA,20,5646,0.7336924035933935,1.0,0.7487056168916347,0.5062482808972222,0.33346746133595884,0.17278081956126334,0.21313980137509547,0.06835039447783463,0.03358608657587751,0.017652413822962548,0.03256089742919224,0.17492911622105967,0.5294162955545428
cosine,stats_logistic_noent,summary_statistics,16,testB,20,4640,0.7336924035933935,1.0,0.7383535974835176,0.5718793973515766,0.3919141030730277,0.17996529427854885,0.17233362394652713,0.05550712002324895,0.028060318382899106,0.013444684072867363,0.03938213682061257,0.16382514662479988,0.5027436374470096
cosine,stats_logistic_noent,summary_statistics,16,__pooled_test__,20,10286,0.7336924035933935,1.0,0.7453799621801556,0.5341653756952036,0.3589009043960999,0.17526447129910372,0.19679695982627585,0.06167454313015238,0.03145980622094252,0.01597397870136186,0.03431715772409007,0.16992013129721703,0.5173842973415393
cosine,stats_logistic_noent,summary_statistics,16,val_select,50,5282,0.7336924035933935,1.0,0.7463302644337128,0.6740005098254402,0.4987482775026207,0.17525223232281956,0.12954333643988816,0.04365995971329126,0.020958659034761903,0.009192257360919102,0.0435417950332966,0.13434082905193723,0.42991627465279186
cosine,stats_logistic_noent,summary_statistics,16,testA,50,5646,0.7336924035933935,1.0,0.7465171506512844,0.6353279047338367,0.4641082261676445,0.1712196785661922,0.14081038728453102,0.048900408025022386,0.024566088611512667,0.012462006992366062,0.03738975193145266,0.14221134618181888,0.44933446183062814
cosine,stats_logistic_noent,summary_statistics,16,testB,50,4640,0.7336924035933935,1.0,0.7336089832507928,0.7113337064200768,0.5469449701889512,0.1643887362311256,0.09953822473063112,0.028347870702924678,0.014594378883758096,0.007588236882611956,0.04001899080145873,0.11929797388272613,0.3936365132181156
cosine,stats_logistic_noent,summary_statistics,16,__pooled_test__,50,10286,0.7336924035933935,1.0,0.7454918783894496,0.6667192207314683,0.4998718028474752,0.1668474178839931,0.12612074118350286,0.03812857840897275,0.019390115358139542,0.009562606018537746,0.035775092754158876,0.13187515646105372,0.42420919626947146
