family,cell,variant,n_proposals_per_candidate_set,comparison_cohort,n_expressions,n_images,n_distinct_gt_object_references,total_proposals,n_proposals_sum,n_proposals_mean_per_expression,n_proposals_median_per_expression,n_matched_proposals_sum,n_matched_proposals_mean_per_expression,n_unmatched_to_coco_object_iou_ge_0_5_sum,n_unmatched_to_coco_object_iou_ge_0_5_mean_per_expression,n_distinct_matched_gt_objects_sum,n_distinct_matched_gt_objects_mean_per_expression,n_distinct_matched_gt_objects_median_per_expression,duplicate_excess_proposals_sum,duplicate_excess_proposals_mean_per_expression,duplicate_gt_object_pairs_sum,duplicate_gt_object_pairs_mean_per_expression,n_proposals_assigned_true_target_object_sum,n_proposals_assigned_target_proposal_gt_object_sum,n_proposal_iou_pairs_ge_0_5_sum,objectness_mean_mean_over_expressions,objectness_p10_mean_over_expressions,objectness_median_mean_over_expressions,objectness_p90_mean_over_expressions,area_px2_mean_mean_over_expressions,area_px2_p10_mean_over_expressions,area_px2_median_mean_over_expressions,area_px2_p90_mean_over_expressions,area_fraction_mean_mean_over_expressions,area_fraction_p10_mean_over_expressions,area_fraction_median_mean_over_expressions,area_fraction_p90_mean_over_expressions,max_iou_to_coco_object_mean_mean_over_expressions,max_iou_to_coco_object_p10_mean_over_expressions,max_iou_to_coco_object_median_mean_over_expressions,max_iou_to_coco_object_p90_mean_over_expressions,iou_to_true_target_object_mean_mean_over_expressions,iou_to_true_target_object_p10_mean_over_expressions,iou_to_true_target_object_median_mean_over_expressions,iou_to_true_target_object_p90_mean_over_expressions,mean_geometric_duplicate_pair_fraction,mean_gt_object_duplicate_fraction
RPN,hard5,old_proposal_category,5,manifest_candidate_supply_old_new_intersection,9602,1426,4820,48010,48010.0,5.0,5.0,48010.0,5.0,0.0,0.0,30051.0,3.129660487398459,3.0,17959.0,1.8703395126015414,29867.0,3.1104978129556344,9554.0,9633.0,24156.0,0.9978971451663694,0.9951569178667548,0.998856361124372,0.9997791038121167,54095.34694834973,31671.098918758464,51287.91690025417,78976.76149569676,0.1922998184004059,0.11326242830659915,0.1824785817341232,0.27991755487743103,0.7373813251434974,0.628358526224644,0.7414201365066454,0.8428438142274126,0.22742236274138616,0.03732934133254534,0.08792512087210895,0.5514088107371139,0.25157258904394914,0.3740679025203083
RPN,hard5,true_target_category_v1,5,manifest_candidate_supply_old_new_intersection,9602,1426,4817,48010,48010.0,5.0,5.0,48010.0,5.0,0.0,0.0,30057.0,3.130285357217246,3.0,17953.0,1.8697146427827536,29849.0,3.108623203499271,9554.0,9618.0,24144.0,0.9978993189642762,0.9951548155311049,0.9988651242921115,0.9997813036108584,54101.45076402464,31676.569340686965,51299.811950652605,78976.36274862992,0.1923284913048201,0.11329754548457306,0.1825247889166385,0.2799149545761411,0.7373946274104055,0.6282464813500785,0.7413780458071311,0.8430107550729292,0.22740059699451967,0.03726673815411146,0.08791307036768732,0.5514240370562482,0.25144761508019164,0.37394292855655076
RPN,hard10,old_proposal_category,10,manifest_candidate_supply_old_new_intersection,6856,1087,4628,68560,68560.0,10.0,10.0,68560.0,10.0,0.0,0.0,30832.0,4.49708284714119,4.0,37728.0,5.50291715285881,100949.0,14.724183197199533,6840.0,6872.0,70536.0,0.9956195905995897,0.9889043646704844,0.9977848591628542,0.9998221274843502,48571.43638959158,23516.92019673763,44963.26477435255,77165.54060440153,0.1733019547679627,0.0846285911492397,0.16062311367808782,0.27451192979308353,0.705875082503539,0.5779431442118304,0.7008505230997727,0.8404168615315454,0.14671956904763592,0.016274835636373008,0.06027090023485126,0.26289693364740846,0.22862699338778686,0.5502917152858811
RPN,hard10,true_target_category_v1,10,manifest_candidate_supply_old_new_intersection,6856,1087,4621,68560,68560.0,10.0,10.0,68560.0,10.0,0.0,0.0,30829.0,4.496645274212368,4.0,37731.0,5.503354725787632,100967.0,14.726808634772462,6840.0,6869.0,70557.0,0.9956206000376332,0.9889069936891351,0.9977851337606528,0.9998221996749992,48591.24784552275,23521.640630496928,44989.12137505721,77177.36590640093,0.17337159805852198,0.08464542412748413,0.16071680893220222,0.27454707652435706,0.705878452556762,0.5779324845122902,0.7008381159269754,0.8404261398569288,0.1467907777377057,0.016282539376744436,0.06038782349961645,0.2629236753847409,0.22869506028782577,0.5503354725787631
RPN,expb_m0,old_proposal_category,10,manifest_candidate_supply_old_new_intersection,7528,1193,5253,75280,75280.0,10.0,10.0,22829.0,3.0325451647183845,52451.0,6.9674548352816155,18956.0,2.518065887353879,2.0,3873.0,0.5144792773645058,4973.0,0.6606004250797024,7489.0,7528.0,17709.0,0.9776570093231107,0.9559511861657993,0.9794712563171016,0.9972099910388275,37957.49796525653,7507.17479543442,28205.474062493897,78393.86653551421,0.13345239582086665,0.026369301334072223,0.0992547629526888,0.2753907144870772,0.4235284413975867,0.18001875926279784,0.40487447678813093,0.6761530791778725,0.16620041026179683,0.008514570770109616,0.0694326852453082,0.3595555005467223,0.05227594757350336,0.1089264101850446
RPN,expb_m0,true_target_category_v1,10,manifest_candidate_supply_old_new_intersection,7528,1193,5247,75280,75280.0,10.0,10.0,22793.0,3.027763018065887,52487.0,6.972236981934112,18935.0,2.5152763018065887,2.0,3858.0,0.5124867162592986,4946.0,0.6570138150903294,7489.0,7528.0,17700.0,0.977647617776798,0.9559425486617907,0.9794639875116687,0.9971891393079387,37948.37608864756,7508.594977708925,28183.34436206122,78380.28956178905,0.1334128748148282,0.026373612181834868,0.0991713576104349,0.27531642843711596,0.42338227613408125,0.1799685534531962,0.4046843961032451,0.676016828332885,0.16617329626407595,0.008514570770109616,0.06940160461687074,0.3594968374288874,0.0522493800921006,0.10862752601926352
RPN,expb_m2,old_proposal_category,10,manifest_candidate_supply_old_new_intersection,7528,1193,5879,75280,75280.0,10.0,10.0,34434.0,4.574123273113709,40846.0,5.425876726886291,28876.0,3.8358129649309247,4.0,5558.0,0.7383103081827843,6083.0,0.8080499468650372,7489.0,7539.0,16948.0,0.9825446972902568,0.9593023117128898,0.9868633726475152,0.9998351007011124,41176.970971177354,8548.158492849705,32275.19039546151,83132.68535758309,0.1454339808931463,0.03024693171307252,0.11457925373300343,0.292929820692826,0.49767887200075134,0.21452603715594593,0.4804441858676321,0.806005043604517,0.16257451238249232,0.007676547586893113,0.0655900731893827,0.3526410750742142,0.05002951942378084,0.157339741156824
RPN,expb_m2,true_target_category_v1,10,manifest_candidate_supply_old_new_intersection,7528,1193,5878,75280,75280.0,10.0,10.0,34407.0,4.570536663124336,40873.0,5.429463336875664,28858.0,3.833421891604676,4.0,5549.0,0.73711477151966,6071.0,0.8064558979808714,7489.0,7530.0,16945.0,0.982543709055856,0.9593038482229274,0.986862562105899,0.9998326662852647,41174.20626261439,8550.247331465893,32259.698989321776,83146.85281091358,0.14542688265367812,0.030253593297548995,0.11452703751183525,0.2930068508259928,0.49758510228000663,0.21448293715211586,0.4802525120510674,0.806104223499041,0.16255638547040785,0.0076782877982586924,0.06543549206085514,0.35263059335910696,0.05002066359664659,0.15718887581600122
RPN,expb_m4,old_proposal_category,10,manifest_candidate_supply_old_new_intersection,7516,1192,5964,75160,75160.0,10.0,10.0,45984.0,6.118147951037786,29176.0,3.881852048962214,32370.0,4.3068121341138905,4.0,13614.0,1.8113358169238958,20797.0,2.767030335284726,7489.0,7523.0,26027.0,0.9871394675651277,0.9648119818900988,0.9958747530860619,0.9998299687347431,43970.54786468429,10159.283306779324,37725.29124985304,83892.49531475897,0.1558007511072475,0.03617569315421469,0.13453955147569002,0.29609494645221546,0.5615637761552261,0.26180175666025457,0.5945895846607687,0.8261206464327479,0.15857318182000724,0.008774362499400957,0.06274084224507863,0.3402265606165246,0.07695287091242387,0.30352512523547653
RPN,expb_m4,true_target_category_v1,10,manifest_candidate_supply_old_new_intersection,7516,1192,5961,75160,75160.0,10.0,10.0,45972.0,6.116551357104843,29188.0,3.883448642895157,32358.0,4.3052155401809475,4.0,13614.0,1.8113358169238958,20803.0,2.7678286322511974,7489.0,7520.0,26024.0,0.9871361598880003,0.9648111890610893,0.9958679111453369,0.9998294730613752,43968.79246289837,10160.630529147807,37716.626717099745,83905.40665385016,0.15579846772560021,0.036180231449606595,0.13451529238888757,0.2961527957788289,0.5615316977062397,0.2617705337940716,0.5945295963804833,0.8261590338279873,0.1586144313118994,0.008774362499400957,0.06284791067476529,0.34025313565152737,0.07694400094612974,0.30357264291205216
RPN,expb_m8,old_proposal_category,10,manifest_candidate_supply_old_new_intersection,7507,1192,5325,75070,75070.0,10.0,10.0,69243.0,9.223791128280272,5827.0,0.7762088717197283,33242.0,4.4281337418409485,4.0,36001.0,4.7956573864393235,92234.0,12.286399360596777,7489.0,7518.0,66950.0,0.9938046322884645,0.986132241930032,0.9973994901375747,0.9998046315707234,48752.84815768084,21297.17382871871,45330.36362836255,79227.73933619946,0.17347552215363157,0.07636898528867275,0.1616958426090583,0.28116426127396443,0.6755546915585925,0.5363073367328206,0.688844296206357,0.837085300631572,0.1505813035064609,0.016004629629367197,0.06302368698162872,0.28622882281989676,0.1981853973328597,0.5211521098826281
RPN,expb_m8,true_target_category_v1,10,manifest_candidate_supply_old_new_intersection,7507,1192,5319,75070,75070.0,10.0,10.0,69243.0,9.223791128280272,5827.0,0.7762088717197283,33242.0,4.4281337418409485,4.0,36001.0,4.7956573864393235,92237.0,12.286798987611563,7489.0,7515.0,66959.0,0.9938052686535996,0.9861335614277564,0.9973999163064179,0.999804697501067,48766.491268223544,21299.99908641236,45353.94005565509,79236.00960275278,0.1735229176105416,0.0763789215227429,0.16178055597614205,0.28118812588076386,0.6755813614818229,0.5363206975113378,0.6888853568473065,0.8371163394101152,0.15062732915456015,0.016010893008577737,0.0631178269139261,0.2862532455388459,0.19821203913384544,0.5211476695824637
DETR,hard5,old_proposal_category,5,manifest_candidate_supply_old_new_intersection,8373,1264,4771,41865,41865.0,5.0,5.0,41865.0,5.0,0.0,0.0,31117.0,3.716350173175684,4.0,10748.0,1.2836498268243162,18405.0,2.198136868505912,8359.0,8373.0,17389.0,0.7434869646228264,0.5108665285017344,0.7447556776535822,0.9667639555126403,51142.60070684987,27442.4531755244,46048.03676404307,79093.11462589247,0.1830546241789688,0.09888351918773913,0.16520562293861127,0.282017828418609,0.8424867511051866,0.7252522953861036,0.8579165001760086,0.9456196813134613,0.24905514840004503,0.03840893751638703,0.08515469986889129,0.6163436528796618,0.207679445837812,0.25672996536486326
DETR,hard5,true_target_category_v1,5,manifest_candidate_supply_old_new_intersection,8373,1264,4769,41865,41865.0,5.0,5.0,41865.0,5.0,0.0,0.0,31119.0,3.7165890361877465,4.0,10746.0,1.2834109638122537,18408.0,2.1984951630240057,8359.0,8373.0,17389.0,0.7435382020163045,0.511030489462785,0.74458896660148,0.9668090664505267,51158.52126593977,27449.052554737158,46072.92723342639,79112.87493404442,0.18310464464686363,0.09890519653271346,0.16528349524435879,0.28207921495835203,0.8424759751107691,0.7252289175118766,0.8579167273684413,0.9456203340900339,0.24907427776034416,0.038412286442915757,0.08518827724643718,0.6163651317227129,0.20767944583781203,0.25668219276245074
