family,image_id,n_expressions,n_mismatches,n_distinct_target_objects
DETR,154,6,0,2
DETR,605,6,0,2
DETR,839,6,0,2
DETR,2083,6,0,2
DETR,2281,5,0,2
DETR,2400,6,0,2
DETR,2843,6,0,2
DETR,3293,6,0,2
DETR,3751,3,0,1
DETR,4032,9,0,3
DETR,4424,6,0,2
DETR,4714,6,0,2
DETR,4993,9,0,3
DETR,5152,4,0,2
DETR,5215,6,0,2
DETR,5434,6,0,2
DETR,5962,6,0,2
DETR,6332,6,0,2
DETR,6964,6,0,2
DETR,7028,5,0,2
DETR,7145,4,0,3
DETR,7476,3,0,2
DETR,7944,6,3,2
DETR,7946,9,0,3
DETR,8630,6,0,2
DETR,8657,6,0,2
DETR,8936,9,0,3
DETR,9017,9,0,3
DETR,9353,8,0,3
DETR,9846,9,0,3
DETR,10229,12,3,4
DETR,10881,3,0,1
DETR,12424,7,0,3
DETR,12614,6,0,2
DETR,13763,6,0,2
DETR,14008,5,0,2
DETR,14025,6,0,2
DETR,14502,6,0,2
DETR,14864,2,0,2
DETR,15195,9,0,3
DETR,15485,17,3,6
DETR,16089,8,0,3
DETR,16322,6,0,2
DETR,16496,12,0,5
DETR,16659,5,0,2
DETR,16870,6,0,2
DETR,17938,9,0,3
DETR,17945,9,0,3
DETR,18276,9,0,4
DETR,18885,5,0,2
DETR,19123,9,0,3
DETR,19789,6,0,2
DETR,20044,6,0,2
DETR,20052,6,0,2
DETR,21276,6,0,2
DETR,21504,3,0,2
DETR,21780,9,0,3
DETR,21830,6,0,2
DETR,22102,12,0,4
DETR,23014,6,0,2
DETR,23420,5,0,2
DETR,23539,9,0,3
DETR,24038,3,0,1
DETR,24319,4,0,2
DETR,24706,8,0,4
DETR,24762,6,0,2
DETR,25414,6,0,2
DETR,26438,11,0,4
DETR,26583,6,0,2
DETR,26800,10,0,4
DETR,27299,15,0,5
DETR,27679,6,0,2
DETR,28069,6,0,2
DETR,28560,12,0,4
DETR,28870,8,0,3
DETR,28953,10,0,4
DETR,29712,15,0,6
DETR,29752,6,0,2
DETR,29799,9,0,3
DETR,30340,12,0,4
DETR,30631,6,0,2
DETR,31230,3,0,1
DETR,31329,3,0,1
DETR,31374,8,0,3
DETR,31382,8,0,3
DETR,31411,6,0,2
DETR,31885,13,0,5
DETR,33572,6,0,2
DETR,34223,9,0,3
DETR,34439,3,0,1
DETR,35150,6,0,2
DETR,35529,14,0,5
DETR,35796,4,0,2
DETR,35964,9,0,3
DETR,36017,8,0,4
DETR,36658,6,0,2
DETR,37282,6,0,2
DETR,37286,12,0,4
DETR,37429,5,0,2
DETR,37582,6,0,2
DETR,37800,6,0,3
DETR,38046,9,0,3
DETR,38365,3,0,1
DETR,38558,6,0,2
DETR,39185,7,0,2
DETR,39195,17,0,6
DETR,39258,6,0,2
DETR,39395,6,0,2
DETR,40346,6,0,2
DETR,40433,6,0,2
DETR,40708,5,0,2
DETR,41233,8,0,3
DETR,41713,6,0,2
DETR,41840,9,0,3
DETR,41913,5,0,2
DETR,42081,3,0,1
DETR,42297,8,0,3
DETR,42463,6,0,2
DETR,42804,13,0,4
DETR,43232,4,0,2
DETR,43813,6,0,2
DETR,44625,11,0,4
DETR,44901,7,0,2
DETR,45659,6,0,2
DETR,46592,6,0,2
DETR,46809,6,0,2
DETR,46997,9,0,4
DETR,47001,5,0,2
DETR,47093,6,0,2
DETR,47175,6,0,2
DETR,47953,9,0,3
DETR,48150,15,0,5
DETR,50105,6,0,2
DETR,50161,9,0,3
DETR,50736,6,0,2
DETR,51052,6,0,2
DETR,51835,7,0,3
DETR,52248,8,0,3
DETR,52299,6,0,2
DETR,52929,9,0,3
DETR,53335,3,0,1
DETR,53729,8,0,3
DETR,53823,6,0,2
DETR,54003,9,0,3
DETR,54402,6,0,2
DETR,54806,5,0,2
DETR,55966,11,0,5
DETR,56667,6,0,2
DETR,56676,17,0,7
DETR,56859,9,0,3
DETR,57242,5,0,2
DETR,57828,6,0,2
DETR,58405,15,0,5
DETR,58677,5,0,2
DETR,59231,6,0,2
DETR,59654,3,0,1
DETR,60155,6,0,2
DETR,60182,6,0,2
DETR,60378,4,0,2
DETR,60624,6,0,2
DETR,61144,8,0,3
DETR,61328,6,0,2
DETR,61372,6,0,2
DETR,61459,8,0,3
DETR,61478,8,0,3
DETR,61843,9,0,3
DETR,61936,6,0,2
DETR,62203,6,0,2
DETR,62455,9,0,3
DETR,62477,9,0,3
DETR,63084,6,0,2
DETR,63182,6,0,2
DETR,63275,3,0,1
DETR,63337,6,0,2
DETR,63485,16,0,7
DETR,63683,6,0,2
DETR,63820,6,0,2
DETR,64317,6,0,2
DETR,64392,6,0,2
DETR,64962,6,0,2
DETR,65085,6,0,2
DETR,65841,6,0,2
DETR,66566,9,0,4
DETR,66669,6,0,2
DETR,68159,9,0,3
DETR,68459,6,0,2
DETR,68797,3,0,1
DETR,68866,9,0,4
DETR,69432,6,0,2
DETR,69488,6,0,2
DETR,69510,4,0,2
DETR,71221,9,0,5
DETR,71714,6,0,2
DETR,72701,5,0,2
DETR,73174,6,0,2
DETR,73591,6,0,2
DETR,73602,6,0,2
DETR,73680,6,0,2
DETR,74065,15,0,5
DETR,74549,6,0,2
DETR,74942,12,0,4
DETR,75691,3,0,1
DETR,75841,6,0,2
DETR,76245,13,0,4
DETR,76590,17,0,6
DETR,76740,3,0,2
DETR,76746,6,0,2
DETR,76937,9,0,3
DETR,77005,14,0,5
DETR,77377,12,0,4
DETR,78009,5,0,2
DETR,78425,20,0,7
DETR,78517,3,0,1
DETR,78536,5,0,2
DETR,78583,8,0,4
DETR,79313,6,0,2
DETR,80305,9,0,3
DETR,80818,9,0,3
DETR,80835,5,0,2
DETR,81135,6,0,2
DETR,81799,3,0,1
DETR,83959,6,0,2
DETR,84167,6,0,2
DETR,84259,7,0,3
DETR,84594,6,0,2
DETR,87235,4,0,2
DETR,87671,6,0,2
DETR,87878,16,0,6
DETR,88425,6,0,2
DETR,88726,6,0,2
DETR,89005,6,0,2
DETR,89181,6,0,2
DETR,89651,7,0,2
DETR,89882,6,0,2
DETR,90350,6,0,2
DETR,91055,9,0,3
DETR,91056,10,0,4
DETR,92480,6,0,2
DETR,92974,6,0,2
DETR,93078,6,0,2
DETR,93171,6,0,2
DETR,93885,3,0,1
DETR,93992,12,0,5
DETR,94084,8,0,4
DETR,94826,6,0,2
DETR,95257,15,0,5
DETR,95455,9,0,3
DETR,96586,5,0,2
DETR,96808,5,0,2
DETR,97450,6,0,2
DETR,97795,6,0,2
DETR,99040,6,0,2
DETR,99159,3,0,1
DETR,99724,6,0,2
DETR,100667,11,0,4
DETR,100722,3,0,1
DETR,100812,5,0,2
DETR,101479,6,0,2
DETR,101548,6,0,2
DETR,101697,3,0,1
DETR,101807,6,0,2
DETR,102252,6,0,2
DETR,102667,6,0,2
DETR,104114,9,0,5
DETR,104410,6,0,2
DETR,104752,11,0,4
DETR,104973,9,0,3
DETR,105063,6,0,2
DETR,105620,7,0,3
DETR,105633,6,0,2
DETR,105660,5,0,2
DETR,106315,6,0,2
DETR,106397,6,0,2
DETR,106637,6,0,2
DETR,106994,5,0,2
DETR,108123,8,0,3
DETR,108501,9,0,3
DETR,108920,6,0,2
DETR,109008,6,0,2
DETR,109114,6,0,2
DETR,109777,6,0,2
DETR,109778,12,0,4
DETR,109908,5,0,2
DETR,110230,6,0,2
DETR,110252,6,0,2
DETR,110989,6,0,2
DETR,111045,6,0,2
DETR,111195,9,0,3
DETR,111543,3,0,1
DETR,111705,6,0,2
DETR,111754,6,0,2
DETR,111998,12,0,4
DETR,112495,6,0,2
DETR,113123,5,0,2
DETR,113244,9,0,4
DETR,113844,7,0,3
DETR,114132,5,0,2
DETR,114185,5,0,2
DETR,114801,6,0,2
DETR,115524,6,0,2
DETR,116049,9,0,3
DETR,116603,6,0,2
DETR,116607,5,0,2
DETR,117114,9,0,3
DETR,117250,6,0,2
DETR,117447,6,0,2
DETR,117578,8,0,3
DETR,117677,9,0,3
DETR,117969,5,0,2
DETR,118150,3,0,1
DETR,118543,9,0,3
DETR,118780,6,0,2
DETR,119129,5,0,2
DETR,119263,6,0,2
DETR,120333,9,0,3
DETR,120431,6,0,2
DETR,121174,14,0,5
DETR,121181,8,0,3
DETR,121683,17,0,6
DETR,122436,6,0,2
DETR,122459,6,0,2
DETR,122560,6,0,2
DETR,122918,5,0,2
DETR,122959,13,0,6
DETR,123180,6,0,2
DETR,124347,6,0,2
DETR,125298,5,0,2
DETR,125550,10,0,4
DETR,125690,6,0,2
DETR,125785,6,0,2
DETR,125882,12,0,4
DETR,126825,3,0,1
DETR,127214,7,0,3
DETR,127282,9,0,3
DETR,128127,6,0,2
DETR,128286,3,0,2
DETR,128434,3,0,1
DETR,128955,6,0,2
DETR,129551,6,0,2
DETR,129771,3,0,1
DETR,129806,9,0,3
DETR,130081,9,0,3
DETR,130324,5,0,2
DETR,131030,9,0,3
DETR,131058,6,0,2
DETR,131074,6,0,2
DETR,131118,3,0,1
DETR,131595,8,0,3
DETR,131816,9,0,3
DETR,132165,6,0,2
DETR,132529,11,0,4
DETR,132889,9,0,3
DETR,133654,11,0,4
DETR,134100,8,0,3
DETR,134447,9,0,3
DETR,134474,6,0,2
DETR,134755,12,0,4
DETR,135242,6,0,2
DETR,135338,4,0,3
DETR,136184,9,0,3
DETR,136232,8,0,3
DETR,136651,6,0,2
DETR,136811,9,0,3
DETR,137320,2,0,1
DETR,138772,6,0,2
DETR,139429,6,0,2
DETR,139568,6,0,2
DETR,139811,2,0,1
DETR,140108,5,0,2
DETR,140291,6,0,2
DETR,140320,6,0,2
DETR,140954,6,0,2
DETR,141056,4,0,2
DETR,141101,6,0,2
DETR,141702,6,0,2
DETR,141827,6,0,2
DETR,142426,8,0,3
DETR,143003,9,0,3
DETR,143323,9,0,3
DETR,143665,9,0,3
DETR,144018,4,0,2
DETR,144320,5,0,2
DETR,144817,6,0,2
DETR,144851,5,0,2
DETR,145351,5,0,2
DETR,147701,9,0,3
DETR,147733,6,0,2
DETR,148044,11,0,4
DETR,148047,6,0,2
DETR,148602,6,0,2
DETR,148809,9,0,3
DETR,149253,5,0,2
DETR,149498,6,0,2
DETR,150100,6,0,2
DETR,150477,6,0,2
DETR,151163,6,0,2
DETR,151236,6,0,2
DETR,151729,12,0,4
DETR,151854,9,0,3
DETR,152079,10,0,4
DETR,152197,6,0,2
DETR,152309,6,0,2
DETR,153591,6,0,2
DETR,153671,6,0,2
DETR,153845,9,0,3
DETR,154244,6,0,2
DETR,154888,12,0,4
DETR,154895,6,0,2
DETR,156757,6,0,2
DETR,157744,14,0,5
DETR,157793,6,0,2
DETR,158362,6,0,2
DETR,159682,7,0,3
DETR,160503,4,0,2
DETR,160648,6,0,2
DETR,161381,9,0,3
DETR,162046,6,0,2
DETR,162300,6,0,2
DETR,162963,7,0,2
DETR,163559,6,0,2
DETR,163991,6,0,2
DETR,164042,3,0,1
DETR,164100,6,0,2
DETR,164855,6,0,2
DETR,165606,12,0,4
DETR,165847,3,0,1
DETR,165868,6,0,2
DETR,166230,4,0,2
DETR,166408,5,0,2
DETR,166653,6,0,2
DETR,166985,6,0,2
DETR,167220,6,0,2
DETR,167765,12,0,4
DETR,168349,6,0,2
DETR,169529,12,0,5
DETR,170712,6,0,2
DETR,170809,15,0,5
DETR,170976,5,0,2
DETR,171086,6,0,3
DETR,171120,14,2,5
DETR,171536,8,0,3
DETR,171729,6,0,2
DETR,171943,6,0,2
DETR,172680,6,0,2
DETR,173538,6,0,2
DETR,173631,11,0,4
DETR,173814,6,0,2
DETR,173882,9,0,4
DETR,174059,3,0,1
DETR,174554,3,2,2
DETR,174896,6,0,2
DETR,175118,6,0,2
DETR,175195,6,0,2
DETR,175480,6,0,2
DETR,175881,6,0,2
DETR,176386,5,0,2
DETR,176810,6,0,2
DETR,177472,3,3,1
DETR,177821,6,0,2
DETR,178017,6,0,2
DETR,178987,5,0,2
DETR,179504,8,0,3
DETR,179753,11,0,4
DETR,179823,16,0,6
DETR,180285,9,0,3
DETR,180354,6,0,2
DETR,180667,6,0,2
DETR,182335,12,0,4
DETR,182505,6,0,2
DETR,182947,9,0,3
DETR,183495,9,0,3
DETR,184184,6,0,2
DETR,185153,5,0,2
DETR,186476,9,0,3
DETR,187566,15,0,6
DETR,187577,6,0,2
DETR,188184,6,0,2
DETR,188585,12,0,4
DETR,188621,6,0,2
DETR,189957,9,0,3
DETR,190087,10,0,3
DETR,190219,6,0,2
DETR,190277,4,0,2
DETR,191327,6,0,2
DETR,191561,8,0,3
DETR,191667,6,0,2
DETR,191754,9,0,3
DETR,192337,3,0,1
DETR,192400,6,0,2
DETR,192407,5,0,2
DETR,192476,8,0,3
DETR,192524,11,0,4
DETR,192878,6,0,2
DETR,194193,5,0,2
DETR,194564,5,0,2
DETR,194677,6,0,2
DETR,194726,3,0,1
DETR,194847,3,0,1
DETR,196653,7,0,2
DETR,196971,6,0,2
DETR,197407,16,0,6
DETR,199234,6,0,2
DETR,199836,9,0,3
DETR,199963,9,0,3
DETR,200181,11,0,5
DETR,200971,5,0,2
DETR,201368,6,0,2
DETR,202567,6,0,2
DETR,203036,12,0,4
DETR,204792,12,0,4
DETR,204800,6,0,2
DETR,205313,5,0,2
DETR,205354,6,0,2
DETR,205460,6,0,2
DETR,206198,6,0,2
DETR,206968,6,0,2
DETR,207496,6,0,2
DETR,207629,11,0,4
DETR,208243,6,0,2
DETR,208379,6,0,2
DETR,208845,5,0,2
DETR,209089,6,0,2
DETR,209178,6,0,2
DETR,209191,2,0,1
DETR,209794,6,0,2
DETR,209844,1,0,1
DETR,210710,6,0,2
DETR,212070,6,0,2
DETR,212450,6,0,2
DETR,212532,6,0,2
DETR,213005,8,0,3
DETR,213408,6,0,2
DETR,213426,6,0,2
DETR,214265,9,0,3
DETR,214524,6,0,2
DETR,214875,6,0,2
DETR,215003,12,0,4
DETR,215026,5,0,2
DETR,215289,7,0,2
DETR,215357,6,0,2
DETR,215493,3,0,1
DETR,215563,3,0,1
DETR,215701,5,0,2
DETR,216579,5,0,2
DETR,216822,15,0,5
DETR,216840,9,0,3
DETR,217043,7,0,3
DETR,217151,6,0,2
DETR,217290,7,0,3
DETR,217429,12,0,4
DETR,217461,6,0,2
DETR,217925,6,0,2
DETR,218579,11,0,4
DETR,219229,11,0,5
DETR,219248,6,0,2
DETR,219349,18,3,6
DETR,219535,8,0,3
DETR,219943,5,0,2
DETR,221119,6,0,2
DETR,221187,9,0,3
DETR,221252,6,0,2
DETR,221674,6,0,2
DETR,222113,6,0,2
DETR,223270,6,0,2
DETR,223650,6,0,2
DETR,223790,5,0,2
DETR,223871,6,0,2
DETR,224541,6,0,2
DETR,224753,6,0,2
DETR,225069,6,0,2
DETR,225468,6,0,2
DETR,225539,9,0,3
DETR,225755,8,0,2
DETR,226357,6,0,2
DETR,226541,7,0,3
DETR,226712,6,0,2
DETR,226734,6,0,2
DETR,227012,6,0,2
DETR,227520,10,0,4
DETR,227554,10,0,4
DETR,228356,21,0,8
DETR,229041,5,0,2
DETR,229105,6,0,2
DETR,229193,6,0,2
DETR,229362,6,0,2
DETR,229541,8,0,3
DETR,229598,6,0,2
DETR,230321,8,0,3
DETR,230515,6,0,2
DETR,231047,6,0,2
DETR,232167,5,0,2
DETR,234637,12,0,4
DETR,236174,6,0,2
DETR,236381,3,0,1
DETR,236397,2,0,1
DETR,236556,6,0,2
DETR,237002,6,0,2
DETR,237137,9,0,3
DETR,237355,6,0,2
DETR,237515,4,0,2
DETR,237922,6,0,2
DETR,239461,6,0,2
DETR,239784,11,0,4
DETR,239870,5,0,2
DETR,239933,9,0,3
DETR,240586,6,0,2
DETR,240662,6,0,2
DETR,240945,6,0,2
DETR,241265,9,0,3
DETR,242350,9,0,3
DETR,242453,6,0,2
DETR,242854,6,0,2
DETR,243071,12,0,4
DETR,243120,11,0,5
DETR,243373,6,0,2
DETR,243782,6,0,2
DETR,244179,6,3,2
DETR,244528,6,0,2
DETR,244839,7,0,2
DETR,244844,6,0,2
DETR,245946,6,0,2
DETR,246342,6,0,2
DETR,246356,6,0,2
DETR,246390,9,0,3
DETR,247082,6,0,2
DETR,247271,5,0,2
DETR,248830,5,0,2
DETR,248957,6,0,2
DETR,248979,3,0,1
DETR,249384,9,0,3
DETR,249869,9,0,3
DETR,249905,6,0,2
DETR,250295,6,0,2
DETR,253430,6,0,2
DETR,253904,12,0,4
DETR,254194,6,0,2
DETR,254291,6,0,2
DETR,254577,9,0,3
DETR,254585,6,0,2
DETR,257301,6,0,2
DETR,258165,9,0,3
DETR,258249,9,0,3
DETR,259484,3,0,1
DETR,259655,6,0,2
DETR,259809,14,0,5
DETR,260029,6,0,2
DETR,260299,3,0,1
DETR,260317,9,0,3
DETR,260668,5,0,2
DETR,261283,6,0,2
DETR,261521,6,0,2
DETR,261720,3,0,1
DETR,261843,6,0,2
DETR,261990,6,0,2
DETR,262239,6,0,2
DETR,262935,5,0,2
DETR,263924,6,0,2
DETR,264233,6,0,2
DETR,264371,6,0,2
DETR,264567,14,0,5
DETR,264885,6,0,2
DETR,265186,5,0,2
DETR,265292,6,0,2
DETR,266207,6,0,2
DETR,266240,15,0,5
DETR,266898,6,0,2
DETR,267189,6,0,2
DETR,267604,6,0,2
DETR,267697,8,0,3
DETR,267794,6,0,2
DETR,267898,6,0,2
DETR,267907,6,0,2
DETR,268897,6,0,2
DETR,270269,7,0,3
DETR,270715,6,0,2
DETR,271941,6,0,2
DETR,272235,9,0,3
DETR,272463,5,0,2
DETR,272773,6,0,2
DETR,274267,10,0,4
DETR,274275,6,0,2
DETR,274839,6,0,2
DETR,275180,9,0,3
DETR,275741,11,0,4
DETR,275775,9,0,3
DETR,275932,5,0,2
DETR,276244,6,0,2
DETR,276621,6,0,2
DETR,276845,6,0,2
DETR,277188,8,0,3
DETR,277267,6,0,2
DETR,277439,6,0,2
DETR,277867,12,0,4
DETR,278457,5,0,2
DETR,278816,11,0,4
DETR,279632,15,0,5
DETR,280873,6,0,2
DETR,281003,5,0,2
DETR,281840,12,0,4
DETR,282514,6,0,2
DETR,282930,6,0,3
DETR,284639,5,0,2
DETR,285093,6,0,2
DETR,285170,6,0,2
DETR,285220,6,0,2
DETR,285395,8,0,3
DETR,285529,6,0,2
DETR,285897,4,0,2
DETR,286000,6,0,2
DETR,286190,8,0,3
DETR,286469,6,0,2
DETR,286745,6,0,2
DETR,287029,6,0,2
DETR,288039,9,0,3
DETR,288610,6,0,2
DETR,288943,5,0,2
DETR,289140,6,0,2
DETR,289425,6,0,2
DETR,289791,6,0,2
DETR,290114,6,0,2
DETR,290265,3,0,1
DETR,290549,2,0,1
DETR,290620,6,0,2
DETR,290938,6,0,2
DETR,291039,6,0,2
DETR,293293,6,0,2
DETR,293489,3,0,1
DETR,294409,4,0,2
DETR,294823,8,0,3
DETR,295257,8,0,3
DETR,296009,10,0,4
DETR,296093,6,0,2
DETR,296631,8,0,3
DETR,296635,11,0,4
DETR,297011,4,0,2
DETR,297527,6,0,2
DETR,298353,2,0,2
DETR,298360,6,0,3
DETR,299041,9,0,3
DETR,299123,5,0,2
DETR,299463,5,0,2
DETR,299932,9,0,3
DETR,299933,6,0,2
DETR,300197,12,0,4
DETR,300392,11,0,4
DETR,300578,9,0,3
DETR,301109,9,0,3
DETR,301158,6,0,2
DETR,301938,6,0,2
DETR,301988,6,0,2
DETR,302199,5,0,2
DETR,302415,7,0,3
DETR,303144,11,0,4
DETR,303471,4,0,2
DETR,303804,6,0,3
DETR,303923,9,0,3
DETR,304125,6,0,2
DETR,304319,5,0,2
DETR,304757,6,0,2
DETR,304765,3,0,1
DETR,304833,3,0,1
DETR,305546,13,0,5
DETR,305905,6,0,2
DETR,306359,6,0,2
DETR,306393,6,0,2
DETR,306420,9,0,3
DETR,306561,6,0,2
DETR,307757,6,0,2
DETR,307881,6,0,2
DETR,308139,6,0,2
DETR,308210,6,0,2
DETR,308222,11,0,4
DETR,308470,12,0,4
DETR,308524,3,0,1
DETR,309087,10,0,5
DETR,309252,6,0,2
DETR,310158,6,0,2
DETR,310780,9,0,3
DETR,310865,9,0,3
DETR,311388,6,0,2
DETR,311616,6,0,2
DETR,311709,9,0,3
DETR,311773,6,0,2
DETR,312154,6,0,2
DETR,312454,8,0,3
DETR,313073,9,0,3
DETR,313360,6,0,2
DETR,313381,6,0,2
DETR,313518,3,0,1
DETR,313786,5,0,2
DETR,313946,5,0,2
DETR,314247,8,0,3
DETR,314257,8,0,3
DETR,314414,9,0,3
DETR,314951,9,0,3
DETR,315043,2,0,1
DETR,315057,5,0,2
DETR,315168,6,0,2
DETR,315521,8,0,3
DETR,315751,9,0,3
DETR,316293,14,0,5
DETR,316446,5,0,2
DETR,317054,4,0,2
DETR,317349,6,0,2
DETR,317905,6,0,2
DETR,318071,5,0,2
DETR,318117,5,0,2
DETR,318183,7,0,3
DETR,318937,6,0,2
DETR,318953,9,0,3
DETR,319712,9,0,3
DETR,319866,6,0,2
DETR,320077,7,0,3
DETR,320390,3,0,1
DETR,320432,12,0,4
DETR,320957,6,0,2
DETR,320963,7,0,3
DETR,321305,2,0,1
DETR,321673,6,0,2
DETR,321969,5,3,2
DETR,322634,5,0,2
DETR,323030,9,0,3
DETR,323052,6,0,2
DETR,323475,13,0,5
DETR,323896,8,0,3
DETR,324401,5,0,2
DETR,324682,4,0,2
DETR,326056,5,0,2
DETR,326569,6,0,2
DETR,326836,6,0,2
DETR,327063,14,0,5
DETR,327132,5,0,2
DETR,327198,10,0,4
DETR,327258,6,0,2
DETR,327881,6,0,2
DETR,328298,6,0,2
DETR,329343,5,0,2
DETR,329551,6,0,2
DETR,329993,5,0,2
DETR,330607,6,0,2
DETR,331216,6,0,2
DETR,331331,12,0,4
DETR,331409,8,0,3
DETR,331616,5,0,2
DETR,332547,3,0,1
DETR,333383,1,0,1
DETR,333461,22,0,8
DETR,333492,12,0,5
DETR,333546,5,0,2
DETR,334529,6,0,2
DETR,334714,14,0,5
DETR,334775,5,0,2
DETR,335107,4,0,2
DETR,335304,5,0,2
DETR,335525,6,0,2
DETR,335752,5,0,2
DETR,336078,10,0,4
DETR,336491,12,0,4
DETR,336688,6,0,2
DETR,337147,4,0,2
DETR,337164,6,0,2
DETR,337628,6,0,2
DETR,337689,5,0,2
DETR,337895,3,0,1
DETR,337975,9,0,3
DETR,337976,25,0,8
DETR,338120,8,0,3
DETR,338872,9,0,3
DETR,338978,5,3,2
DETR,339589,6,0,2
DETR,339597,6,0,2
DETR,339918,8,0,3
DETR,340160,6,0,2
DETR,340703,11,0,4
DETR,340897,18,0,6
DETR,341027,6,0,2
DETR,341636,6,0,2
DETR,342963,9,0,3
DETR,343009,6,0,2
DETR,343291,6,0,2
DETR,343407,9,0,3
DETR,343655,5,0,2
DETR,343969,5,0,2
DETR,344399,6,0,2
DETR,345207,6,0,2
DETR,345388,9,0,3
DETR,345390,15,0,5
DETR,345835,9,0,3
DETR,345882,6,0,2
DETR,346250,6,0,2
DETR,347796,13,0,5
DETR,348580,6,0,2
DETR,348616,8,0,3
DETR,348639,6,0,2
DETR,349038,6,0,2
DETR,349663,6,0,2
DETR,350070,12,0,4
DETR,350765,6,0,2
DETR,350819,6,0,2
DETR,351719,12,0,4
DETR,351807,6,0,2
DETR,352357,9,0,3
DETR,352389,6,0,2
DETR,352814,12,0,4
DETR,352821,7,0,2
DETR,353200,5,0,2
DETR,353284,6,0,2
DETR,353893,6,0,2
DETR,353997,6,0,2
DETR,354557,3,0,1
DETR,354608,12,0,4
DETR,354738,6,0,2
DETR,354771,12,0,4
DETR,354772,9,0,3
DETR,355159,9,0,3
DETR,355440,12,0,4
DETR,355571,6,0,2
DETR,355593,9,0,3
DETR,356702,6,0,2
DETR,357010,8,0,3
DETR,357340,6,0,2
DETR,357790,6,0,2
DETR,359308,9,0,3
DETR,359357,9,0,3
DETR,360017,9,0,3
DETR,360399,2,0,1
DETR,360555,12,0,4
DETR,360585,6,0,2
DETR,360811,3,0,1
DETR,361907,21,0,8
DETR,362031,3,0,1
DETR,362157,8,0,3
DETR,362247,6,0,2
DETR,362399,6,0,2
DETR,363150,6,0,2
DETR,363602,3,0,1
DETR,363624,6,0,2
DETR,363718,9,0,3
DETR,364455,9,0,3
DETR,364467,6,0,2
DETR,364653,6,0,2
DETR,364862,11,0,4
DETR,364913,8,0,3
DETR,365205,6,0,2
DETR,366329,9,0,3
DETR,367164,6,0,2
DETR,367716,6,0,2
DETR,367869,9,0,3
DETR,368589,4,0,2
DETR,368833,6,0,2
DETR,369016,6,0,2
DETR,369801,9,0,3
DETR,370152,6,0,2
DETR,370461,6,0,2
DETR,370524,6,0,2
DETR,370537,6,0,2
DETR,370741,6,0,2
DETR,370802,12,0,5
DETR,372292,3,0,1
DETR,372309,12,0,4
DETR,372352,6,0,2
DETR,372404,3,0,1
DETR,372669,6,0,2
DETR,372748,5,0,2
DETR,372788,6,0,2
DETR,373393,6,0,2
DETR,373444,12,0,4
DETR,373639,3,0,1
DETR,374374,6,0,2
DETR,374553,10,0,4
DETR,375331,6,0,2
DETR,375568,4,0,2
DETR,376750,11,0,4
DETR,376802,4,0,2
DETR,376819,6,0,2
DETR,376945,2,0,1
DETR,377513,6,0,2
DETR,377594,8,0,3
DETR,378775,6,0,2
DETR,378916,6,0,2
DETR,379093,6,0,2
DETR,379349,6,0,2
DETR,379434,6,0,2
DETR,379820,6,0,2
DETR,380122,6,0,2
DETR,380395,6,0,2
DETR,380429,6,0,2
DETR,381128,9,0,4
DETR,381858,6,0,2
DETR,382341,9,0,3
DETR,382620,6,3,2
DETR,384029,5,0,2
DETR,384691,6,0,2
DETR,384745,6,0,2
DETR,385882,5,0,2
DETR,386154,5,0,2
DETR,387202,6,0,2
DETR,387338,9,0,3
DETR,387365,3,0,1
DETR,388031,12,0,6
DETR,388057,4,0,2
DETR,388148,6,0,2
DETR,388403,9,0,3
DETR,388807,9,0,3
DETR,389145,9,0,4
DETR,389157,3,0,1
DETR,389425,11,0,4
DETR,390286,2,0,2
DETR,390365,9,0,3
DETR,390414,3,0,1
DETR,390567,6,0,2
DETR,391175,6,0,2
DETR,391272,12,0,4
DETR,391332,12,0,4
DETR,391439,9,0,3
DETR,391733,4,0,2
DETR,392015,10,0,3
DETR,392145,12,0,4
DETR,392197,3,0,1
DETR,392362,3,0,1
DETR,392394,8,0,4
DETR,392520,3,0,2
DETR,392747,9,0,3
DETR,392869,6,0,2
DETR,393325,8,0,3
DETR,394975,11,0,4
DETR,395271,6,0,2
DETR,395853,18,0,6
DETR,396380,6,0,2
DETR,396495,6,0,2
DETR,396663,9,0,3
DETR,396784,6,0,2
DETR,397390,6,0,2
DETR,397423,6,0,2
DETR,397569,9,0,3
DETR,398924,6,0,2
DETR,399442,6,0,2
DETR,400124,5,0,2
DETR,400343,6,0,2
DETR,400534,2,0,2
DETR,401001,3,0,1
DETR,401269,6,0,2
DETR,402298,6,0,2
DETR,402563,6,0,2
DETR,402632,5,0,2
DETR,403535,5,0,2
DETR,403730,8,0,3
DETR,403888,6,0,2
DETR,404473,3,0,1
DETR,404852,13,0,5
DETR,405136,6,0,2
DETR,405246,7,0,2
DETR,405582,6,0,2
DETR,405663,6,0,2
DETR,405709,11,0,4
DETR,406187,9,0,3
DETR,406295,5,0,2
DETR,407688,4,0,2
DETR,408204,9,0,3
DETR,408266,13,0,5
DETR,408390,7,0,3
DETR,409111,12,0,5
DETR,409166,6,0,2
DETR,409616,6,0,2
DETR,409732,6,0,2
DETR,409824,6,0,2
DETR,409918,6,0,2
DETR,410024,6,0,2
DETR,410107,6,0,2
DETR,410707,6,0,2
DETR,410779,6,0,2
DETR,410963,9,0,3
DETR,410992,9,0,3
DETR,411104,4,0,2
DETR,411191,6,0,2
DETR,411803,6,0,2
DETR,411862,8,0,3
DETR,412167,9,0,3
DETR,412194,11,0,4
DETR,412691,5,0,2
DETR,413088,6,0,2
DETR,413297,5,0,2
DETR,414002,9,0,3
DETR,414607,6,0,2
DETR,414916,13,0,4
DETR,414961,6,0,2
DETR,415235,6,0,2
DETR,415529,6,0,2
DETR,415697,6,0,2
DETR,416723,12,0,4
DETR,417070,6,0,2
DETR,417365,6,0,2
DETR,417844,6,0,2
DETR,418056,12,0,4
DETR,418065,11,0,4
DETR,419019,12,0,4
DETR,419171,6,0,2
DETR,420028,15,0,5
DETR,420146,3,0,1
DETR,420864,12,0,5
DETR,421086,12,0,4
DETR,422583,6,0,2
DETR,422705,11,0,4
DETR,422782,5,0,2
DETR,422969,6,0,2
DETR,423341,9,0,3
DETR,423412,9,0,3
DETR,423481,5,0,2
DETR,423806,6,0,2
DETR,424068,5,0,2
DETR,424485,3,0,1
DETR,425052,6,0,2
DETR,425325,9,0,3
DETR,426383,6,0,2
DETR,426510,6,0,2
DETR,426525,6,0,3
DETR,426979,9,0,3
DETR,427051,5,0,2
DETR,427238,12,0,4
DETR,427555,8,0,3
DETR,427756,6,0,2
DETR,427779,6,0,2
DETR,427852,5,0,2
DETR,427868,5,0,2
DETR,428208,19,0,8
DETR,428787,6,0,2
DETR,429437,13,0,4
DETR,429745,6,0,2
DETR,429887,6,0,2
DETR,430759,6,0,2
DETR,430925,5,0,2
DETR,431178,6,0,2
DETR,431211,5,0,2
DETR,431376,6,0,2
DETR,431704,9,0,3
DETR,432615,6,0,2
DETR,432754,6,0,2
DETR,433405,6,0,3
DETR,434951,6,0,2
DETR,435453,6,0,2
DETR,435869,9,0,3
DETR,436362,6,0,2
DETR,436515,6,0,2
DETR,438099,4,0,2
DETR,439060,7,0,3
DETR,439509,9,0,3
DETR,439692,6,0,2
DETR,439906,5,0,2
DETR,440313,6,0,2
DETR,441212,6,0,2
DETR,441640,8,0,3
DETR,441972,6,0,2
DETR,442680,6,0,2
DETR,443093,17,0,7
DETR,443527,6,0,2
DETR,443916,12,3,4
DETR,444166,9,0,3
DETR,444214,18,0,6
DETR,444285,6,0,2
DETR,444445,6,0,2
DETR,444598,21,0,10
DETR,445405,6,0,2
DETR,446539,6,0,2
DETR,446677,4,0,2
DETR,446726,5,0,2
DETR,447681,6,0,2
DETR,448274,9,0,3
DETR,449414,3,0,1
DETR,450878,9,0,3
DETR,451336,5,0,2
DETR,451818,12,6,4
DETR,452380,4,0,2
DETR,453137,6,0,2
DETR,453549,9,0,3
DETR,453563,5,0,2
DETR,453930,9,0,3
DETR,454174,6,0,2
DETR,454258,4,0,2
DETR,454541,11,0,4
DETR,455313,6,0,2
DETR,455369,9,0,3
DETR,455406,16,0,6
DETR,455543,6,0,2
DETR,456286,5,0,2
DETR,456389,6,0,2
DETR,456554,3,0,1
DETR,457085,2,0,1
DETR,457660,6,0,2
DETR,458143,6,0,2
DETR,459346,6,0,2
DETR,459747,6,0,2
DETR,460362,5,0,2
DETR,461530,4,0,2
DETR,462067,6,0,2
DETR,462383,6,0,2
DETR,462398,6,0,2
DETR,462445,12,0,4
DETR,462899,3,0,1
DETR,463474,6,0,2
DETR,463814,8,0,3
DETR,464174,8,0,3
DETR,464917,18,0,6
DETR,465101,6,0,2
DETR,465200,6,0,2
DETR,465829,9,0,3
DETR,466024,6,0,2
DETR,466223,6,0,2
DETR,467273,6,0,2
DETR,467774,9,0,3
DETR,468401,8,0,3
DETR,468465,9,0,3
DETR,468760,5,0,2
DETR,469024,6,0,2
DETR,469559,6,0,2
DETR,470174,6,0,2
DETR,471315,6,0,3
DETR,471332,3,0,1
DETR,471665,6,0,2
DETR,471905,8,0,3
DETR,471962,6,0,2
DETR,472393,9,0,3
DETR,472602,8,0,3
DETR,472749,6,0,2
DETR,473352,6,0,2
DETR,473588,9,0,4
DETR,475142,6,0,4
DETR,475236,6,0,2
DETR,475754,6,0,2
DETR,475999,6,0,2
DETR,476060,6,0,2
DETR,476347,9,0,3
DETR,480014,5,0,2
DETR,480196,12,0,4
DETR,480729,9,0,4
DETR,481218,6,0,2
DETR,481428,9,0,3
DETR,481530,6,0,2
DETR,481667,15,0,5
DETR,481736,9,0,3
DETR,482093,3,0,1
DETR,482326,8,0,3
DETR,482330,15,0,5
DETR,482454,9,0,3
DETR,482472,3,0,1
DETR,482775,6,0,2
DETR,484385,8,0,3
DETR,484563,10,0,3
DETR,485364,12,0,4
DETR,485705,6,0,3
DETR,485757,14,0,5
DETR,485954,12,0,4
DETR,485984,5,0,2
DETR,486606,9,0,3
DETR,487228,6,0,2
DETR,487502,12,0,4
DETR,487510,6,0,2
DETR,488553,2,0,1
DETR,488676,12,0,4
DETR,489107,6,0,2
DETR,489145,6,0,2
DETR,489167,3,0,1
DETR,490182,6,0,2
DETR,490610,6,0,2
DETR,490801,12,0,4
DETR,491302,6,0,2
DETR,491477,5,0,2
DETR,491666,6,0,2
DETR,491707,6,0,2
DETR,492096,15,0,5
DETR,492114,9,0,3
DETR,492155,8,0,3
DETR,492354,4,0,2
DETR,492408,6,0,2
DETR,493072,6,0,2
DETR,493448,9,0,3
DETR,494382,9,0,3
DETR,494415,6,0,2
DETR,494706,6,0,2
DETR,494733,12,0,4
DETR,495169,18,0,6
DETR,495233,9,0,3
DETR,495875,12,0,4
DETR,495987,6,0,2
DETR,496942,8,0,3
DETR,498007,8,0,3
DETR,498508,5,0,2
DETR,498679,6,0,2
DETR,498702,9,0,3
DETR,499141,6,0,2
DETR,499538,6,0,2
DETR,499679,9,0,3
DETR,499862,4,0,2
DETR,500036,6,0,2
DETR,501269,9,0,3
DETR,502148,6,0,2
DETR,502288,9,0,3
DETR,502553,9,0,3
DETR,503497,5,0,2
DETR,503822,6,0,2
DETR,503844,5,0,2
DETR,503906,6,0,2
DETR,505020,6,0,2
DETR,506056,3,0,1
DETR,507761,6,0,2
DETR,509652,6,0,2
DETR,510027,18,0,6
DETR,510334,8,3,3
DETR,510342,3,0,1
DETR,510572,9,0,3
DETR,510860,6,0,2
DETR,511869,6,0,2
DETR,512458,7,0,2
DETR,512561,5,0,2
DETR,512658,11,0,4
DETR,512941,6,0,2
DETR,513704,10,0,4
DETR,514295,10,0,4
DETR,515252,9,0,3
DETR,515470,6,0,2
DETR,515512,6,0,2
DETR,515590,6,0,2
DETR,515702,9,0,3
DETR,515815,6,0,2
DETR,515928,8,0,3
DETR,516906,6,3,2
DETR,517123,6,0,2
DETR,517403,9,0,3
DETR,517451,6,0,2
DETR,517685,3,0,1
DETR,518318,9,0,3
DETR,518455,18,0,7
DETR,518785,9,0,3
DETR,519616,6,0,2
DETR,520272,6,0,2
DETR,520456,9,0,3
DETR,520590,9,0,3
DETR,520883,6,0,2
DETR,520978,15,0,5
DETR,521437,6,0,2
DETR,521514,5,0,2
DETR,522240,13,0,4
DETR,522288,4,0,2
DETR,522416,6,0,2
DETR,522827,6,0,2
DETR,522856,6,0,2
DETR,523495,6,0,2
DETR,523505,3,0,2
DETR,523795,6,0,2
DETR,523831,8,0,3
DETR,524155,3,0,1
DETR,524340,6,0,2
DETR,524520,6,0,2
DETR,524662,3,0,2
DETR,525342,8,0,4
DETR,525459,10,0,5
DETR,525555,6,0,2
DETR,526070,7,0,3
DETR,526695,6,0,2
DETR,526769,3,0,1
DETR,527277,6,0,2
DETR,527822,3,0,1
DETR,528020,6,0,2
DETR,529016,6,0,2
DETR,529352,9,0,3
DETR,529376,6,0,2
DETR,530406,6,0,2
DETR,530629,14,0,5
DETR,530903,9,0,3
DETR,531778,6,0,2
DETR,532260,9,0,3
DETR,532376,6,0,2
DETR,532419,6,0,2
DETR,532622,6,0,2
DETR,534166,6,0,2
DETR,534224,3,0,1
DETR,534292,6,0,2
DETR,534419,8,0,3
DETR,534440,5,0,2
DETR,534559,6,0,2
DETR,534711,8,0,3
DETR,535218,6,0,2
DETR,535289,6,0,2
DETR,535399,10,0,4
DETR,536039,6,0,2
DETR,536055,12,0,4
DETR,536127,6,0,2
DETR,536145,6,0,2
DETR,536730,4,0,2
DETR,536823,9,0,3
DETR,536902,6,0,2
DETR,536960,7,0,2
DETR,537127,4,3,2
DETR,537188,8,0,3
DETR,537553,5,0,2
DETR,537807,4,0,2
DETR,538518,8,0,3
DETR,538805,6,0,2
DETR,538872,5,0,2
DETR,540370,5,0,2
DETR,543490,5,0,2
DETR,543803,5,0,2
DETR,544516,5,0,2
DETR,545187,12,0,4
DETR,545260,6,0,2
DETR,545411,9,0,3
DETR,546408,6,0,2
DETR,547662,6,0,2
DETR,548175,6,0,2
DETR,548559,6,0,2
DETR,548575,6,0,2
DETR,548704,12,0,5
DETR,548772,6,0,2
DETR,548875,8,0,3
DETR,549605,7,0,2
DETR,550140,8,0,3
DETR,550726,6,0,2
DETR,550993,4,0,2
DETR,551172,6,0,2
DETR,551472,8,0,3
DETR,551994,7,0,3
DETR,552549,11,0,4
DETR,553176,6,0,2
DETR,554010,5,0,2
DETR,554703,6,0,2
DETR,554950,6,0,2
DETR,555020,5,0,2
DETR,556176,6,0,2
DETR,556698,6,0,2
DETR,556830,6,0,2
DETR,557694,6,0,2
DETR,558444,9,0,3
DETR,558576,12,0,5
DETR,558817,9,0,3
DETR,559830,5,0,2
DETR,560155,6,0,2
DETR,560372,6,0,2
DETR,560476,9,0,4
DETR,561454,6,0,2
DETR,561545,20,3,7
DETR,561590,6,0,2
DETR,561907,6,0,2
DETR,562162,5,0,2
DETR,563364,16,0,6
DETR,563658,6,0,2
DETR,563791,6,0,2
DETR,564349,6,0,2
DETR,564449,5,0,2
DETR,566245,6,0,2
DETR,566584,6,0,2
DETR,566592,3,0,1
DETR,566612,7,0,2
DETR,566992,6,0,2
DETR,567008,6,0,2
DETR,567396,3,0,1
DETR,567616,6,0,2
DETR,567937,6,0,2
DETR,568341,6,0,2
DETR,568440,6,0,2
DETR,569234,5,0,2
DETR,569255,8,0,3
DETR,570211,6,0,2
DETR,570581,6,0,2
DETR,571563,8,0,3
DETR,571648,9,0,3
DETR,571654,6,0,2
DETR,571661,9,0,3
DETR,571694,11,0,4
DETR,572310,6,0,2
DETR,572487,5,0,2
DETR,572554,6,0,2
DETR,572689,6,0,2
DETR,573476,6,0,2
DETR,573704,9,0,3
DETR,573825,5,0,2
DETR,574299,5,0,2
DETR,574443,6,0,2
DETR,574760,6,0,2
DETR,574961,5,0,2
DETR,575519,3,0,1
DETR,575649,5,0,2
DETR,575980,7,0,2
DETR,576153,3,0,1
DETR,576188,9,0,3
DETR,576286,12,0,4
DETR,576322,6,0,2
DETR,576758,6,0,2
DETR,577197,6,0,2
DETR,577725,6,0,2
DETR,578002,12,0,5
DETR,578294,9,0,3
DETR,578619,6,0,2
DETR,578734,8,0,4
DETR,579057,8,0,3
DETR,579299,11,0,4
DETR,580238,8,0,3
DETR,580668,11,0,4
DETR,581282,3,0,1
DETR,581346,6,0,2
DETR,581518,6,0,2
DETR,581563,6,0,2
RPN,154,6,0,2
RPN,605,6,0,2
RPN,839,6,0,2
RPN,2083,6,0,2
RPN,2281,5,0,2
RPN,2400,6,0,2
RPN,2843,6,0,2
RPN,3293,6,0,2
RPN,3751,3,0,1
RPN,4032,9,0,3
RPN,4424,6,0,2
RPN,4714,6,0,2
RPN,4993,9,0,3
RPN,5152,4,0,2
RPN,5215,6,0,2
RPN,5434,6,0,2
RPN,5962,6,0,2
RPN,6332,6,0,2
RPN,6964,6,0,2
RPN,7028,5,0,2
RPN,7145,3,0,2
RPN,7476,3,0,2
RPN,7944,6,0,2
RPN,7946,9,0,3
RPN,8630,6,0,2
RPN,8657,6,0,2
RPN,8936,9,0,3
RPN,9017,9,0,3
RPN,9353,8,0,3
RPN,9846,9,0,3
RPN,10229,12,6,4
RPN,10881,3,0,1
RPN,12424,7,0,3
RPN,12614,6,0,2
RPN,13763,6,0,2
RPN,14008,5,0,2
RPN,14025,6,0,2
RPN,14502,6,0,2
RPN,14864,2,0,2
RPN,15195,9,0,3
RPN,15485,17,3,6
RPN,16089,8,0,3
RPN,16322,6,0,2
RPN,16496,12,0,5
RPN,16659,5,0,2
RPN,16870,6,0,2
RPN,17938,9,0,3
RPN,17945,9,0,3
RPN,18276,9,0,4
RPN,18885,5,0,2
RPN,19123,9,0,3
RPN,19789,6,0,2
RPN,20044,6,0,2
RPN,20052,6,0,2
RPN,21276,6,0,2
RPN,21780,9,0,3
RPN,21830,6,0,2
RPN,22102,12,0,4
RPN,23014,6,0,2
RPN,23420,5,0,2
RPN,23539,9,0,3
RPN,24038,3,0,1
RPN,24319,4,0,2
RPN,24706,8,0,4
RPN,24762,6,0,2
RPN,25414,6,0,2
RPN,26438,11,0,4
RPN,26583,6,0,2
RPN,26800,10,0,4
RPN,27299,18,0,6
RPN,27679,6,0,2
RPN,28069,6,0,2
RPN,28560,12,0,4
RPN,28870,8,0,3
RPN,28953,10,0,4
RPN,29712,15,0,6
RPN,29752,6,0,2
RPN,29799,9,0,3
RPN,30340,12,0,4
RPN,30631,6,0,2
RPN,31230,3,0,1
RPN,31329,3,0,1
RPN,31374,8,0,3
RPN,31382,8,0,3
RPN,31411,6,0,2
RPN,31885,13,0,5
RPN,33572,6,0,2
RPN,34223,9,0,3
RPN,34439,3,0,1
RPN,35150,6,0,2
RPN,35529,14,0,5
RPN,35796,4,0,2
RPN,35964,9,0,3
RPN,36017,8,0,4
RPN,36658,6,0,2
RPN,37282,6,0,2
RPN,37286,12,0,4
RPN,37429,5,0,2
RPN,37582,6,0,2
RPN,37800,6,0,3
RPN,38046,9,0,3
RPN,38365,3,0,1
RPN,38558,6,0,2
RPN,39185,7,0,2
RPN,39195,17,0,6
RPN,39258,6,0,2
RPN,39395,6,0,2
RPN,40346,6,0,2
RPN,40433,6,0,2
RPN,40708,5,0,2
RPN,41233,6,0,2
RPN,41713,6,0,2
RPN,41840,9,0,3
RPN,41913,5,0,2
RPN,42081,3,0,1
RPN,42297,6,0,2
RPN,42463,6,0,2
RPN,42804,13,0,4
RPN,43232,4,0,2
RPN,43813,6,0,2
RPN,44625,11,0,4
RPN,44901,7,0,2
RPN,45659,6,0,2
RPN,46592,6,0,2
RPN,46809,6,0,2
RPN,46997,9,0,4
RPN,47001,5,0,2
RPN,47093,6,0,2
RPN,47175,6,0,2
RPN,47953,9,0,3
RPN,48150,15,0,5
RPN,50105,6,0,2
RPN,50161,9,0,3
RPN,50736,6,0,2
RPN,51052,6,0,2
RPN,51835,7,0,3
RPN,52248,8,0,3
RPN,52299,6,0,2
RPN,52929,9,0,3
RPN,53335,3,0,1
RPN,53729,8,0,3
RPN,53823,6,0,2
RPN,54003,9,0,3
RPN,54402,6,0,2
RPN,54806,5,0,2
RPN,55966,11,0,5
RPN,56667,6,0,2
RPN,56676,17,0,7
RPN,56859,9,0,3
RPN,57242,5,0,2
RPN,57828,6,0,2
RPN,58405,15,0,5
RPN,58677,5,0,2
RPN,59231,6,0,2
RPN,59654,3,0,1
RPN,60155,6,0,2
RPN,60182,6,0,2
RPN,60378,4,0,2
RPN,60624,6,0,2
RPN,61144,8,0,3
RPN,61328,6,0,2
RPN,61372,6,0,2
RPN,61459,8,0,3
RPN,61478,8,0,3
RPN,61843,6,0,2
RPN,61936,6,0,2
RPN,62203,6,0,2
RPN,62455,9,0,3
RPN,62477,9,0,3
RPN,63084,6,0,2
RPN,63182,6,0,2
RPN,63275,3,0,1
RPN,63337,6,0,2
RPN,63485,16,0,7
RPN,63683,6,0,2
RPN,63820,6,0,2
RPN,64317,6,0,2
RPN,64392,6,0,2
RPN,64962,6,0,2
RPN,65085,6,0,2
RPN,65841,6,0,2
RPN,66566,7,0,3
RPN,66669,6,0,2
RPN,68159,9,0,3
RPN,68459,6,0,2
RPN,68797,3,0,1
RPN,68866,9,0,4
RPN,69432,6,0,2
RPN,69488,6,0,2
RPN,69510,4,0,2
RPN,71221,9,0,5
RPN,71714,6,0,2
RPN,72701,5,0,2
RPN,73174,6,0,2
RPN,73591,6,0,2
RPN,73602,6,0,2
RPN,73680,6,0,2
RPN,74065,15,0,5
RPN,74549,6,0,2
RPN,74942,9,0,3
RPN,75691,3,0,1
RPN,75841,6,0,2
RPN,76245,13,0,4
RPN,76590,17,0,6
RPN,76740,3,0,2
RPN,76746,6,0,2
RPN,76937,9,0,3
RPN,77005,11,0,4
RPN,77377,12,3,4
RPN,78009,5,0,2
RPN,78425,20,0,7
RPN,78517,3,0,1
RPN,78536,5,0,2
RPN,78583,8,0,4
RPN,79313,6,0,2
RPN,80305,6,0,2
RPN,80818,9,0,3
RPN,80835,5,0,2
RPN,81135,6,0,2
RPN,81799,3,0,1
RPN,83959,6,0,2
RPN,84167,6,0,2
RPN,84259,7,0,3
RPN,84594,6,0,2
RPN,87235,4,0,2
RPN,87671,6,0,2
RPN,87878,16,0,6
RPN,88425,6,0,2
RPN,88726,6,0,2
RPN,89005,6,0,2
RPN,89181,6,0,2
RPN,89651,7,0,2
RPN,89882,6,0,2
RPN,90350,6,0,2
RPN,91055,9,0,3
RPN,91056,10,0,4
RPN,92480,6,0,2
RPN,92974,6,0,2
RPN,93078,6,0,2
RPN,93171,6,0,2
RPN,93885,3,0,1
RPN,93992,9,0,4
RPN,94084,9,0,5
RPN,94826,6,0,2
RPN,95257,15,0,5
RPN,95455,9,0,3
RPN,96586,5,0,2
RPN,96808,5,0,2
RPN,97450,6,0,2
RPN,97795,6,0,2
RPN,99040,6,0,2
RPN,99159,3,0,1
RPN,99724,6,0,2
RPN,100667,11,0,4
RPN,100722,3,0,1
RPN,100812,5,0,2
RPN,101479,6,0,2
RPN,101548,6,0,2
RPN,101697,3,0,1
RPN,101807,6,0,2
RPN,102252,6,0,2
RPN,102667,6,0,2
RPN,104114,9,0,5
RPN,104410,6,0,2
RPN,104752,9,0,3
RPN,104973,9,0,3
RPN,105063,6,0,2
RPN,105620,5,0,2
RPN,105633,6,0,2
RPN,105660,5,0,2
RPN,106315,6,0,2
RPN,106397,6,0,2
RPN,106637,6,0,2
RPN,106994,5,0,2
RPN,108123,8,0,3
RPN,108501,9,0,3
RPN,108920,6,0,2
RPN,109008,6,0,2
RPN,109114,6,0,2
RPN,109777,6,0,2
RPN,109778,10,0,3
RPN,109908,5,0,2
RPN,110230,6,0,2
RPN,110252,3,0,1
RPN,110989,6,0,2
RPN,111045,6,0,2
RPN,111195,9,0,3
RPN,111543,3,0,1
RPN,111705,6,0,2
RPN,111754,6,0,2
RPN,111998,12,0,4
RPN,112495,6,0,2
RPN,113123,5,0,2
RPN,113244,9,0,4
RPN,113844,7,0,3
RPN,114132,5,0,2
RPN,114185,5,0,2
RPN,114801,6,0,2
RPN,115524,6,0,2
RPN,116049,9,0,3
RPN,116603,6,0,2
RPN,116607,5,0,2
RPN,117114,9,0,3
RPN,117250,6,0,2
RPN,117447,6,0,2
RPN,117578,8,0,3
RPN,117677,9,0,3
RPN,117969,5,0,2
RPN,118150,3,0,1
RPN,118543,9,0,3
RPN,118780,6,0,2
RPN,119129,5,0,2
RPN,119263,6,0,2
RPN,120333,9,0,3
RPN,120431,6,0,2
RPN,121174,14,0,5
RPN,121181,8,0,3
RPN,121683,17,0,6
RPN,122436,6,0,2
RPN,122459,6,0,2
RPN,122560,6,0,2
RPN,122918,5,0,2
RPN,122959,8,0,4
RPN,123180,6,0,2
RPN,124347,6,0,2
RPN,125298,5,0,2
RPN,125550,10,0,4
RPN,125690,6,0,2
RPN,125785,6,0,2
RPN,125882,12,0,4
RPN,126825,3,0,1
RPN,127214,7,0,3
RPN,127282,9,0,3
RPN,128127,6,0,2
RPN,128286,3,0,2
RPN,128434,3,0,1
RPN,128955,6,0,2
RPN,129551,6,0,2
RPN,129771,3,0,1
RPN,129806,9,0,3
RPN,130081,9,0,3
RPN,130324,5,0,2
RPN,131030,9,0,3
RPN,131058,6,0,2
RPN,131074,6,0,2
RPN,131118,3,0,1
RPN,131595,8,0,3
RPN,131816,9,0,3
RPN,132165,6,0,2
RPN,132529,11,0,4
RPN,132889,9,0,3
RPN,133654,11,0,4
RPN,134100,8,0,3
RPN,134447,9,0,3
RPN,134474,6,0,2
RPN,134755,12,0,4
RPN,135242,6,0,2
RPN,136184,9,0,3
RPN,136232,8,0,3
RPN,136651,6,0,2
RPN,136811,9,0,3
RPN,137320,2,0,1
RPN,138772,6,0,2
RPN,139429,6,0,2
RPN,139568,6,0,2
RPN,139811,2,0,1
RPN,140108,5,0,2
RPN,140291,6,0,2
RPN,140320,6,0,2
RPN,140954,6,0,2
RPN,141056,4,0,2
RPN,141101,6,0,2
RPN,141702,6,0,2
RPN,141827,6,0,2
RPN,142426,8,0,3
RPN,143003,9,0,3
RPN,143323,9,3,3
RPN,143665,9,0,3
RPN,144018,4,0,2
RPN,144320,5,0,2
RPN,144817,6,0,2
RPN,144851,5,0,2
RPN,145351,5,0,2
RPN,147701,9,0,3
RPN,147733,6,0,2
RPN,148044,11,0,4
RPN,148047,6,0,2
RPN,148602,6,0,2
RPN,148809,9,0,3
RPN,149253,5,0,2
RPN,149498,6,0,2
RPN,150100,6,0,2
RPN,150477,6,0,2
RPN,151163,6,0,2
RPN,151236,6,0,2
RPN,151729,12,0,4
RPN,151854,9,0,3
RPN,152079,10,0,4
RPN,152197,6,0,2
RPN,152309,6,0,2
RPN,153591,6,0,2
RPN,153671,6,0,2
RPN,153845,9,0,3
RPN,154244,6,0,2
RPN,154888,12,0,4
RPN,154895,6,0,2
RPN,156757,6,0,2
RPN,157744,14,0,5
RPN,157793,6,0,2
RPN,158362,3,0,1
RPN,159682,7,0,3
RPN,160503,4,0,2
RPN,160648,6,0,2
RPN,161381,9,0,3
RPN,162046,6,0,2
RPN,162300,6,0,2
RPN,162963,7,0,2
RPN,163559,6,0,2
RPN,163991,3,0,1
RPN,164042,3,0,1
RPN,164100,6,0,2
RPN,164855,6,0,2
RPN,165606,12,0,4
RPN,165847,3,0,1
RPN,165868,6,0,2
RPN,166230,4,0,2
RPN,166408,5,0,2
RPN,166653,6,0,2
RPN,166985,6,0,2
RPN,167220,6,0,2
RPN,167765,12,0,4
RPN,168349,6,0,2
RPN,169529,12,0,5
RPN,170712,6,0,2
RPN,170809,15,0,5
RPN,170976,5,0,2
RPN,171086,6,0,3
RPN,171120,14,0,5
RPN,171536,8,0,3
RPN,171729,6,0,2
RPN,171943,6,0,2
RPN,172680,6,0,2
RPN,173538,6,0,2
RPN,173631,11,0,4
RPN,173814,6,0,2
RPN,173882,9,0,4
RPN,174059,3,0,1
RPN,174554,3,2,2
RPN,174896,3,3,1
RPN,175118,6,0,2
RPN,175195,6,0,2
RPN,175480,6,0,2
RPN,175881,6,0,2
RPN,176386,5,0,2
RPN,176810,6,0,2
RPN,177472,3,0,1
RPN,177821,6,0,2
RPN,178017,6,0,2
RPN,178987,5,0,2
RPN,179504,8,0,3
RPN,179753,11,0,4
RPN,179823,13,0,5
RPN,180285,9,0,3
RPN,180354,6,0,2
RPN,180667,6,0,2
RPN,182335,12,0,4
RPN,182505,6,0,2
RPN,182947,9,0,3
RPN,183495,9,0,3
RPN,184184,6,0,2
RPN,185153,5,0,2
RPN,186476,9,0,3
RPN,187566,15,0,6
RPN,187577,6,0,2
RPN,188184,6,0,2
RPN,188585,12,0,4
RPN,188621,6,0,2
RPN,189957,9,0,3
RPN,190087,10,0,3
RPN,190219,6,0,2
RPN,190277,4,0,2
RPN,191327,6,0,2
RPN,191561,8,0,3
RPN,191667,6,0,2
RPN,191754,9,0,3
RPN,192337,3,0,1
RPN,192400,6,0,2
RPN,192407,5,0,2
RPN,192476,8,0,3
RPN,192524,11,0,4
RPN,192878,6,0,2
RPN,194193,5,0,2
RPN,194564,5,0,2
RPN,194677,6,0,2
RPN,194726,3,0,1
RPN,194847,3,0,1
RPN,196653,7,0,2
RPN,196971,6,0,2
RPN,197407,16,0,6
RPN,199234,6,0,2
RPN,199836,9,0,3
RPN,199963,9,0,3
RPN,200181,9,0,4
RPN,200971,5,0,2
RPN,201368,6,0,2
RPN,202567,6,0,2
RPN,203036,12,0,4
RPN,204792,12,0,4
RPN,204800,6,0,2
RPN,205313,5,0,2
RPN,205354,6,0,2
RPN,205460,6,0,2
RPN,206198,6,0,2
RPN,206968,6,0,2
RPN,207496,6,0,2
RPN,207629,11,0,4
RPN,208243,6,0,2
RPN,208379,6,0,2
RPN,208845,5,0,2
RPN,209089,6,0,2
RPN,209178,6,0,2
RPN,209794,6,0,2
RPN,209844,1,0,1
RPN,210710,6,0,2
RPN,212070,6,0,2
RPN,212450,6,0,2
RPN,212532,6,0,2
RPN,213005,8,0,3
RPN,213408,6,0,2
RPN,213426,6,0,2
RPN,214265,9,0,3
RPN,214524,6,0,2
RPN,214875,6,0,2
RPN,215003,12,0,4
RPN,215026,5,0,2
RPN,215289,7,0,2
RPN,215357,3,0,1
RPN,215493,3,0,1
RPN,215563,3,0,1
RPN,215701,5,0,2
RPN,216579,5,0,2
RPN,216822,15,0,5
RPN,216840,9,0,3
RPN,217043,7,0,3
RPN,217151,6,0,2
RPN,217290,7,0,3
RPN,217429,12,0,4
RPN,217461,6,0,2
RPN,217925,6,0,2
RPN,218579,11,0,4
RPN,219229,11,0,5
RPN,219248,6,0,2
RPN,219349,18,3,6
RPN,219535,8,0,3
RPN,219943,5,0,2
RPN,221119,6,0,2
RPN,221187,9,0,3
RPN,221252,6,0,2
RPN,221674,6,0,2
RPN,222113,6,0,2
RPN,223270,6,0,2
RPN,223650,6,0,2
RPN,223790,5,0,2
RPN,223871,6,0,2
RPN,224541,6,0,2
RPN,224753,6,0,2
RPN,225069,6,0,2
RPN,225468,6,0,2
RPN,225539,9,0,3
RPN,225755,8,0,2
RPN,226357,6,0,2
RPN,226541,7,0,3
RPN,226712,6,0,2
RPN,226734,6,0,2
RPN,227012,6,0,2
RPN,227520,10,0,4
RPN,227554,10,0,4
RPN,228356,21,0,8
RPN,229041,5,0,2
RPN,229105,6,0,2
RPN,229193,6,0,2
RPN,229362,6,0,2
RPN,229541,8,0,3
RPN,229598,6,0,2
RPN,230321,8,0,3
RPN,230515,6,0,2
RPN,231047,6,0,2
RPN,234637,12,0,4
RPN,236174,6,0,2
RPN,236381,3,0,1
RPN,236397,2,0,1
RPN,236556,6,0,2
RPN,237002,6,0,2
RPN,237137,9,0,3
RPN,237355,6,0,2
RPN,237515,4,0,2
RPN,237922,6,0,2
RPN,239461,6,0,2
RPN,239784,11,0,4
RPN,239870,5,0,2
RPN,239933,9,0,3
RPN,240586,6,0,2
RPN,240662,6,0,2
RPN,240945,6,0,2
RPN,241265,9,0,3
RPN,242350,9,0,3
RPN,242453,6,0,2
RPN,242854,6,0,2
RPN,243071,12,0,4
RPN,243120,11,0,5
RPN,243373,6,0,2
RPN,243782,6,0,2
RPN,244179,6,3,2
RPN,244528,6,0,2
RPN,244839,7,0,2
RPN,244844,6,0,2
RPN,245946,6,0,2
RPN,246342,6,0,2
RPN,246356,6,0,2
RPN,246390,9,0,3
RPN,247082,6,0,2
RPN,247271,5,0,2
RPN,248830,5,0,2
RPN,248957,6,0,2
RPN,248979,3,0,1
RPN,249384,6,0,2
RPN,249869,9,0,3
RPN,249905,6,0,2
RPN,250295,6,0,2
RPN,253430,6,0,2
RPN,253904,12,0,4
RPN,254194,6,0,2
RPN,254291,6,0,2
RPN,254577,9,0,3
RPN,254585,6,0,2
RPN,257301,6,0,2
RPN,258165,9,0,3
RPN,258249,9,0,3
RPN,259484,3,0,1
RPN,259655,6,0,2
RPN,259809,9,0,3
RPN,260029,6,0,2
RPN,260299,3,0,1
RPN,260317,9,0,3
RPN,260668,5,0,2
RPN,261283,6,0,2
RPN,261521,6,0,2
RPN,261720,3,3,1
RPN,261843,6,0,2
RPN,261990,6,0,2
RPN,262239,6,0,2
RPN,262935,5,0,2
RPN,263924,6,0,2
RPN,264233,6,0,2
RPN,264371,6,0,2
RPN,264567,14,0,5
RPN,264885,6,0,2
RPN,265186,5,0,2
RPN,265292,6,0,2
RPN,266207,6,0,2
RPN,266240,15,0,5
RPN,266898,6,0,2
RPN,267189,6,0,2
RPN,267604,6,0,2
RPN,267697,8,0,3
RPN,267794,6,0,2
RPN,267898,6,0,2
RPN,267907,6,0,2
RPN,268897,6,0,2
RPN,270269,3,0,1
RPN,270715,6,0,2
RPN,271941,6,0,2
RPN,272235,9,0,3
RPN,272463,3,0,1
RPN,272773,6,0,2
RPN,274267,9,3,3
RPN,274275,6,0,2
RPN,274839,6,0,2
RPN,275180,9,0,3
RPN,275741,11,0,4
RPN,275775,9,0,3
RPN,275932,5,0,2
RPN,276244,6,0,2
RPN,276621,6,0,2
RPN,276845,6,0,2
RPN,277188,8,0,3
RPN,277267,6,0,2
RPN,277439,6,0,2
RPN,277867,12,0,4
RPN,278457,5,0,2
RPN,278816,11,0,4
RPN,279632,15,0,5
RPN,280873,6,0,2
RPN,281003,3,0,1
RPN,281840,12,0,4
RPN,282514,6,0,2
RPN,282930,6,0,3
RPN,284639,5,0,2
RPN,285093,6,0,2
RPN,285170,6,0,2
RPN,285220,6,0,2
RPN,285395,8,0,3
RPN,285529,6,0,2
RPN,285897,4,0,2
RPN,286000,6,0,2
RPN,286190,8,0,3
RPN,286469,6,0,2
RPN,286745,6,0,2
RPN,287029,6,0,2
RPN,288039,9,0,3
RPN,288610,6,0,2
RPN,288943,5,0,2
RPN,289140,6,0,2
RPN,289425,6,0,2
RPN,289791,6,0,2
RPN,290114,6,0,2
RPN,290265,3,0,1
RPN,290549,2,0,1
RPN,290620,6,0,2
RPN,290938,6,0,2
RPN,291039,6,0,2
RPN,293293,6,0,2
RPN,293489,3,0,1
RPN,294409,4,0,2
RPN,294823,8,0,3
RPN,295257,8,0,3
RPN,296009,10,0,4
RPN,296093,6,0,2
RPN,296631,8,0,3
RPN,296635,11,0,4
RPN,297011,4,0,2
RPN,297527,6,0,2
RPN,298353,1,0,1
RPN,298360,6,0,3
RPN,299041,3,0,1
RPN,299123,5,0,2
RPN,299463,5,0,2
RPN,299932,9,0,3
RPN,299933,6,0,2
RPN,300197,12,0,4
RPN,300392,11,0,4
RPN,300578,9,0,3
RPN,301109,9,0,3
RPN,301158,6,0,2
RPN,301938,6,0,2
RPN,301988,6,0,2
RPN,302199,5,0,2
RPN,302415,7,0,3
RPN,303144,11,0,4
RPN,303471,4,0,2
RPN,303804,6,0,3
RPN,303923,9,0,3
RPN,304125,6,0,2
RPN,304319,5,0,2
RPN,304757,6,0,2
RPN,304765,3,0,1
RPN,304833,3,0,1
RPN,305546,13,3,5
RPN,305905,6,0,2
RPN,306359,6,0,2
RPN,306393,6,0,2
RPN,306420,9,0,3
RPN,306561,6,0,2
RPN,307757,6,0,2
RPN,307881,6,0,2
RPN,308139,6,0,2
RPN,308210,6,0,2
RPN,308222,11,0,4
RPN,308470,12,0,4
RPN,308524,3,0,1
RPN,309087,10,0,5
RPN,309252,6,0,2
RPN,310158,6,0,2
RPN,310780,9,3,3
RPN,310865,9,0,3
RPN,311388,6,0,2
RPN,311616,6,0,2
RPN,311709,9,0,3
RPN,311773,6,0,2
RPN,312154,6,0,2
RPN,312454,8,0,3
RPN,313073,9,0,3
RPN,313360,6,0,2
RPN,313381,6,0,2
RPN,313518,3,0,1
RPN,313786,5,0,2
RPN,313946,5,0,2
RPN,314247,8,0,3
RPN,314257,8,0,3
RPN,314414,9,0,3
RPN,314951,9,0,3
RPN,315043,2,0,1
RPN,315057,7,0,3
RPN,315168,6,0,2
RPN,315521,5,0,2
RPN,315751,9,0,3
RPN,316293,14,0,5
RPN,316446,5,0,2
RPN,317054,4,0,2
RPN,317349,6,0,2
RPN,317905,6,0,2
RPN,318071,3,0,1
RPN,318117,5,0,2
RPN,318183,7,0,3
RPN,318937,6,0,2
RPN,318953,9,0,3
RPN,319712,6,0,2
RPN,319866,6,0,2
RPN,320077,7,0,3
RPN,320390,3,0,1
RPN,320432,12,0,4
RPN,320957,6,0,2
RPN,320963,7,0,3
RPN,321305,2,0,1
RPN,321673,6,0,2
RPN,321969,5,0,2
RPN,322634,5,0,2
RPN,323030,9,3,3
RPN,323052,6,0,2
RPN,323475,13,0,5
RPN,323896,8,0,3
RPN,324401,5,0,2
RPN,324682,4,0,2
RPN,326056,5,0,2
RPN,326569,6,0,2
RPN,326836,6,0,2
RPN,327063,14,0,5
RPN,327132,5,0,2
RPN,327198,7,0,3
RPN,327258,6,0,2
RPN,327881,6,0,2
RPN,328298,6,0,2
RPN,329343,5,0,2
RPN,329551,6,0,2
RPN,329993,5,0,2
RPN,330607,6,0,2
RPN,331216,6,0,2
RPN,331331,12,0,4
RPN,331409,8,0,3
RPN,331616,5,0,2
RPN,332547,3,0,1
RPN,333383,1,0,1
RPN,333461,22,0,8
RPN,333492,12,0,5
RPN,333546,5,0,2
RPN,334529,6,0,2
RPN,334714,14,0,5
RPN,334775,5,0,2
RPN,335107,4,0,2
RPN,335304,5,0,2
RPN,335525,6,0,2
RPN,335752,5,0,2
RPN,336078,10,0,4
RPN,336491,12,0,4
RPN,336688,6,0,2
RPN,337147,4,0,2
RPN,337164,6,0,2
RPN,337628,6,0,2
RPN,337689,2,0,1
RPN,337895,3,0,1
RPN,337975,9,0,3
RPN,337976,25,0,8
RPN,338120,8,0,3
RPN,338872,9,0,3
RPN,338978,5,0,2
RPN,339589,6,0,2
RPN,339597,6,0,2
RPN,339918,8,0,3
RPN,340160,6,0,2
RPN,340703,11,0,4
RPN,340897,18,0,6
RPN,341027,6,0,2
RPN,341636,6,0,2
RPN,342963,9,0,3
RPN,343009,6,0,2
RPN,343291,6,0,2
RPN,343407,9,0,3
RPN,343655,5,0,2
RPN,343969,5,0,2
RPN,344399,6,0,2
RPN,345207,6,0,2
RPN,345388,9,0,3
RPN,345390,15,0,5
RPN,345835,9,0,3
RPN,345882,6,0,2
RPN,346250,6,0,2
RPN,347796,13,0,5
RPN,348580,6,0,2
RPN,348616,8,0,3
RPN,348639,6,0,2
RPN,349038,3,0,1
RPN,349663,6,0,2
RPN,350070,12,0,4
RPN,350765,6,0,2
RPN,350819,6,0,2
RPN,351719,12,0,4
RPN,351807,6,0,2
RPN,352357,9,0,3
RPN,352389,6,0,2
RPN,352814,12,0,4
RPN,352821,3,0,1
RPN,353200,5,0,2
RPN,353284,6,0,2
RPN,353893,3,0,1
RPN,353997,6,0,2
RPN,354557,3,0,1
RPN,354608,12,0,4
RPN,354738,6,0,2
RPN,354771,12,0,4
RPN,354772,9,0,3
RPN,355159,9,0,3
RPN,355440,12,0,4
RPN,355571,6,0,2
RPN,355593,9,0,3
RPN,356702,6,0,2
RPN,357010,8,0,3
RPN,357340,6,0,2
RPN,357790,6,0,2
RPN,359308,9,0,3
RPN,359357,9,0,3
RPN,360017,9,0,3
RPN,360399,2,0,1
RPN,360555,12,0,4
RPN,360585,6,0,2
RPN,360811,3,0,1
RPN,361907,18,0,7
RPN,362031,3,0,1
RPN,362157,8,0,3
RPN,362247,6,0,2
RPN,362399,6,0,2
RPN,363150,6,0,2
RPN,363602,3,0,1
RPN,363624,6,0,2
RPN,363718,9,0,3
RPN,364455,9,0,3
RPN,364467,6,0,2
RPN,364653,6,0,2
RPN,364862,11,0,4
RPN,364913,8,0,3
RPN,365205,6,0,2
RPN,366329,9,0,3
RPN,367164,6,0,2
RPN,367716,6,0,2
RPN,367869,9,0,3
RPN,368589,4,0,2
RPN,368833,6,0,2
RPN,369016,6,0,2
RPN,369801,9,0,3
RPN,370152,6,0,2
RPN,370461,6,0,2
RPN,370524,6,0,2
RPN,370537,6,0,2
RPN,370741,6,0,2
RPN,370802,7,0,3
RPN,372292,3,0,1
RPN,372309,12,3,4
RPN,372352,6,0,2
RPN,372404,3,0,1
RPN,372669,6,0,2
RPN,372748,5,0,2
RPN,372788,6,0,2
RPN,373393,6,0,2
RPN,373444,12,0,4
RPN,373639,3,0,1
RPN,374374,6,0,2
RPN,374553,10,0,4
RPN,375331,6,0,2
RPN,375568,4,0,2
RPN,376750,11,0,4
RPN,376802,4,0,2
RPN,376819,6,0,2
RPN,376945,2,0,1
RPN,377513,6,0,2
RPN,377594,8,0,3
RPN,378775,6,0,2
RPN,378916,6,0,2
RPN,379093,6,0,2
RPN,379349,6,0,2
RPN,379434,6,0,2
RPN,379820,6,0,2
RPN,380122,6,0,2
RPN,380395,6,0,2
RPN,380429,6,0,2
RPN,381128,9,0,4
RPN,381858,6,0,2
RPN,382341,9,0,3
RPN,382620,3,0,1
RPN,384029,5,0,2
RPN,384691,6,0,2
RPN,384745,6,0,2
RPN,385882,3,0,1
RPN,386154,5,0,2
RPN,387202,6,0,2
RPN,387338,9,0,3
RPN,387365,3,0,1
RPN,388031,12,0,6
RPN,388057,4,0,2
RPN,388148,6,0,2
RPN,388403,9,0,3
RPN,388807,9,0,3
RPN,389145,9,0,4
RPN,389157,3,0,1
RPN,389425,8,0,3
RPN,390286,1,0,1
RPN,390365,9,0,3
RPN,390414,3,3,1
RPN,390567,6,0,2
RPN,391175,6,0,2
RPN,391272,12,0,4
RPN,391332,12,0,4
RPN,391439,9,0,3
RPN,391733,4,0,2
RPN,392015,10,0,3
RPN,392145,12,0,4
RPN,392197,3,0,1
RPN,392362,3,0,1
RPN,392394,8,0,4
RPN,392520,3,0,2
RPN,392747,9,0,3
RPN,392869,6,0,2
RPN,393325,8,0,3
RPN,394975,11,0,4
RPN,395271,6,0,2
RPN,395853,18,0,6
RPN,396380,6,0,2
RPN,396495,6,0,2
RPN,396663,9,0,3
RPN,396784,6,0,2
RPN,397390,6,0,2
RPN,397423,6,0,2
RPN,397569,9,3,3
RPN,398924,6,0,2
RPN,399442,6,0,2
RPN,400124,5,0,2
RPN,400343,6,0,2
RPN,400534,2,0,2
RPN,401001,3,0,1
RPN,401269,6,0,2
RPN,402298,6,0,2
RPN,402563,6,0,2
RPN,402632,5,0,2
RPN,403535,5,0,2
RPN,403730,8,0,3
RPN,403888,6,0,2
RPN,404473,3,0,1
RPN,404852,13,0,5
RPN,405136,6,0,2
RPN,405246,7,0,2
RPN,405582,6,0,2
RPN,405663,6,0,2
RPN,405709,11,3,4
RPN,406187,9,0,3
RPN,406295,5,0,2
RPN,407688,4,0,2
RPN,408204,9,0,3
RPN,408266,13,0,5
RPN,408390,7,0,3
RPN,409111,12,0,5
RPN,409166,6,0,2
RPN,409616,6,0,2
RPN,409732,6,0,2
RPN,409824,6,0,2
RPN,409918,6,0,2
RPN,410024,6,3,2
RPN,410107,6,0,2
RPN,410707,6,0,2
RPN,410779,6,0,2
RPN,410963,9,0,3
RPN,410992,9,0,3
RPN,411104,4,0,2
RPN,411191,6,0,2
RPN,411803,6,0,2
RPN,411862,8,0,3
RPN,412167,9,0,3
RPN,412194,11,0,4
RPN,412691,5,0,2
RPN,413088,6,0,2
RPN,413297,5,0,2
RPN,414002,9,0,3
RPN,414607,3,0,1
RPN,414916,13,0,4
RPN,414961,6,0,2
RPN,415235,6,0,2
RPN,415529,6,0,2
RPN,415697,6,0,2
RPN,416723,12,0,4
RPN,417070,6,0,2
RPN,417365,6,0,2
RPN,417844,6,0,2
RPN,418056,12,0,4
RPN,418065,11,0,4
RPN,419019,12,0,4
RPN,419171,6,0,2
RPN,420028,15,0,5
RPN,420146,3,0,1
RPN,420864,12,0,5
RPN,421086,12,0,4
RPN,422583,6,0,2
RPN,422705,11,0,4
RPN,422782,5,0,2
RPN,422969,6,0,2
RPN,423341,3,0,1
RPN,423412,9,0,3
RPN,423481,5,0,2
RPN,423806,6,0,2
RPN,424068,5,0,2
RPN,424485,3,0,1
RPN,425052,6,0,2
RPN,425325,9,0,3
RPN,426383,6,0,2
RPN,426510,6,0,2
RPN,426525,6,0,3
RPN,426979,9,0,3
RPN,427051,5,0,2
RPN,427238,12,0,4
RPN,427555,8,0,3
RPN,427756,6,0,2
RPN,427779,6,0,2
RPN,427852,5,0,2
RPN,427868,5,0,2
RPN,428208,16,0,7
RPN,428787,6,0,2
RPN,429437,13,3,4
RPN,429745,6,0,2
RPN,429887,6,0,2
RPN,430759,6,0,2
RPN,430925,5,0,2
RPN,431178,6,0,2
RPN,431211,5,0,2
RPN,431376,6,0,2
RPN,431704,9,0,3
RPN,432615,6,0,2
RPN,432754,6,0,2
RPN,433405,6,0,3
RPN,434951,6,0,2
RPN,435453,6,0,2
RPN,435869,9,0,3
RPN,436362,6,0,2
RPN,436515,6,0,2
RPN,438099,4,0,2
RPN,439060,7,0,3
RPN,439509,9,0,3
RPN,439692,6,0,2
RPN,439906,5,0,2
RPN,440313,6,0,2
RPN,441212,6,0,2
RPN,441640,8,0,3
RPN,441972,6,0,2
RPN,442680,6,0,2
RPN,443093,17,0,7
RPN,443527,6,0,2
RPN,443916,12,6,4
RPN,444166,9,0,3
RPN,444214,18,0,6
RPN,444285,6,0,2
RPN,444445,6,0,2
RPN,444598,21,0,10
RPN,445405,6,0,2
RPN,446539,6,0,2
RPN,446677,4,0,2
RPN,446726,5,0,2
RPN,447681,6,0,2
RPN,448274,9,0,3
RPN,449414,3,0,1
RPN,450878,9,0,3
RPN,451336,5,0,2
RPN,451818,12,3,4
RPN,452380,4,0,2
RPN,453137,6,0,2
RPN,453549,9,0,3
RPN,453563,5,0,2
RPN,453930,9,0,3
RPN,454174,6,3,2
RPN,454258,4,0,2
RPN,454541,11,0,4
RPN,455313,6,0,2
RPN,455369,9,0,3
RPN,455406,16,0,6
RPN,455543,6,0,2
RPN,456286,2,0,1
RPN,456389,6,0,2
RPN,456554,3,0,1
RPN,457085,2,0,1
RPN,457660,6,0,2
RPN,458143,6,0,2
RPN,459346,6,0,2
RPN,459747,6,0,2
RPN,460362,5,0,2
RPN,461530,4,0,2
RPN,462067,6,0,2
RPN,462383,6,0,2
RPN,462398,6,0,2
RPN,462445,12,0,4
RPN,462899,3,0,1
RPN,463474,6,0,2
RPN,463814,8,0,3
RPN,464174,8,0,3
RPN,464917,18,0,6
RPN,465101,6,0,2
RPN,465200,6,0,2
RPN,465829,9,0,3
RPN,466024,6,0,2
RPN,466223,6,0,2
RPN,467273,6,0,2
RPN,467774,9,0,3
RPN,468401,8,0,3
RPN,468465,9,0,3
RPN,468760,5,0,2
RPN,469024,6,0,2
RPN,469559,6,0,2
RPN,470174,6,0,2
RPN,471315,6,0,3
RPN,471332,3,0,1
RPN,471665,6,0,2
RPN,471905,8,0,3
RPN,471962,6,0,2
RPN,472393,9,0,3
RPN,472602,8,0,3
RPN,472749,6,0,2
RPN,473352,6,0,2
RPN,473588,9,0,4
RPN,475142,6,0,4
RPN,475236,6,0,2
RPN,475754,6,0,2
RPN,475999,6,0,2
RPN,476060,6,0,2
RPN,476347,9,0,3
RPN,480014,5,0,2
RPN,480196,12,0,4
RPN,480729,9,0,4
RPN,481218,6,0,2
RPN,481428,9,0,3
RPN,481530,6,0,2
RPN,481667,15,0,5
RPN,481736,9,0,3
RPN,482093,3,0,1
RPN,482326,8,0,3
RPN,482330,15,0,5
RPN,482454,9,0,3
RPN,482472,3,0,1
RPN,482775,6,0,2
RPN,484385,8,0,3
RPN,484563,10,0,3
RPN,485364,12,0,4
RPN,485705,6,0,3
RPN,485757,14,0,5
RPN,485954,12,0,4
RPN,485984,5,0,2
RPN,486606,9,0,3
RPN,487228,6,0,2
RPN,487502,12,0,4
RPN,487510,6,0,2
RPN,488553,2,0,1
RPN,488676,12,0,4
RPN,489107,6,0,2
RPN,489145,6,0,2
RPN,489167,3,0,1
RPN,490182,6,0,2
RPN,490610,6,0,2
RPN,490801,12,0,4
RPN,491302,6,0,2
RPN,491477,5,0,2
RPN,491666,6,0,2
RPN,491707,6,0,2
RPN,492096,15,0,5
RPN,492114,9,0,3
RPN,492155,8,0,3
RPN,492354,4,0,2
RPN,492408,6,0,2
RPN,493072,6,0,2
RPN,493448,9,0,3
RPN,494382,9,0,3
RPN,494415,6,0,2
RPN,494706,6,0,2
RPN,494733,12,0,4
RPN,495169,18,0,6
RPN,495233,9,0,3
RPN,495875,12,0,4
RPN,495987,6,0,2
RPN,496942,8,0,3
RPN,498007,8,0,3
RPN,498508,5,0,2
RPN,498679,6,0,2
RPN,498702,9,0,3
RPN,499141,6,0,2
RPN,499538,6,0,2
RPN,499679,9,0,3
RPN,499862,4,0,2
RPN,500036,6,0,2
RPN,501269,9,0,3
RPN,502148,6,0,2
RPN,502288,9,0,3
RPN,502553,9,0,3
RPN,503497,5,0,2
RPN,503822,6,0,2
RPN,503844,5,0,2
RPN,503906,6,0,2
RPN,505020,6,0,2
RPN,506056,3,0,1
RPN,507761,6,0,2
RPN,509652,6,0,2
RPN,510027,15,0,5
RPN,510334,8,3,3
RPN,510342,3,0,1
RPN,510572,9,0,3
RPN,510860,6,0,2
RPN,511869,6,0,2
RPN,512458,7,0,2
RPN,512561,5,0,2
RPN,512658,11,0,4
RPN,512941,6,0,2
RPN,513704,7,0,3
RPN,514295,9,0,3
RPN,515252,9,0,3
RPN,515470,6,0,2
RPN,515512,6,0,2
RPN,515590,6,0,2
RPN,515702,9,0,3
RPN,515815,3,0,1
RPN,515928,8,0,3
RPN,516906,6,3,2
RPN,517123,6,0,2
RPN,517403,9,0,3
RPN,517451,6,0,2
RPN,517685,3,0,1
RPN,518318,9,0,3
RPN,518455,18,0,7
RPN,518785,9,0,3
RPN,519616,6,0,2
RPN,520272,6,0,2
RPN,520456,9,0,3
RPN,520590,9,0,3
RPN,520883,6,0,2
RPN,520978,15,0,5
RPN,521437,6,0,2
RPN,521514,5,0,2
RPN,522240,13,3,4
RPN,522288,4,0,2
RPN,522416,6,0,2
RPN,522827,6,0,2
RPN,522856,6,0,2
RPN,523495,6,0,2
RPN,523505,3,0,2
RPN,523795,6,0,2
RPN,523831,8,0,3
RPN,524155,3,0,1
RPN,524340,6,0,2
RPN,524520,6,0,2
RPN,524662,3,0,2
RPN,525342,8,0,4
RPN,525459,9,0,4
RPN,525555,6,0,2
RPN,526070,7,0,3
RPN,526695,6,0,2
RPN,526769,3,0,1
RPN,527277,6,0,2
RPN,527822,3,0,1
RPN,528020,6,0,2
RPN,529016,6,0,2
RPN,529352,9,0,3
RPN,529376,6,0,2
RPN,530406,6,0,2
RPN,530629,14,0,5
RPN,530903,9,0,3
RPN,531778,6,0,2
RPN,532260,9,0,3
RPN,532376,6,0,2
RPN,532419,6,0,2
RPN,532622,6,0,2
RPN,534166,6,0,2
RPN,534224,3,0,1
RPN,534292,6,0,2
RPN,534419,8,0,3
RPN,534440,5,0,2
RPN,534559,6,0,2
RPN,534711,8,0,3
RPN,535218,6,0,2
RPN,535289,6,0,2
RPN,535399,10,0,4
RPN,536039,6,0,2
RPN,536055,12,0,4
RPN,536127,6,0,2
RPN,536145,6,0,2
RPN,536730,4,0,2
RPN,536823,9,0,3
RPN,536902,6,0,2
RPN,536960,7,0,2
RPN,537127,4,0,2
RPN,537188,8,0,3
RPN,537553,5,0,2
RPN,537807,4,0,2
RPN,538518,8,0,3
RPN,538805,6,0,2
RPN,538872,5,0,2
RPN,543490,5,0,2
RPN,543803,5,0,2
RPN,544516,5,0,2
RPN,545187,12,0,4
RPN,545260,6,0,2
RPN,545411,6,0,2
RPN,546408,6,0,2
RPN,547662,6,0,2
RPN,548175,6,0,2
RPN,548559,6,0,2
RPN,548575,6,0,2
RPN,548704,12,0,5
RPN,548772,6,0,2
RPN,548875,8,0,3
RPN,549605,7,0,2
RPN,550140,8,0,3
RPN,550726,6,0,2
RPN,551172,6,0,2
RPN,551472,8,0,3
RPN,551994,4,0,2
RPN,552549,11,0,4
RPN,553176,6,0,2
RPN,554010,5,0,2
RPN,554703,6,0,2
RPN,554950,6,0,2
RPN,555020,5,0,2
RPN,556176,6,0,2
RPN,556698,6,0,2
RPN,556830,6,0,2
RPN,557694,6,0,2
RPN,558444,9,0,3
RPN,558576,12,0,5
RPN,558817,9,0,3
RPN,559830,5,0,2
RPN,560155,6,0,2
RPN,560372,6,0,2
RPN,560476,9,0,4
RPN,561454,6,0,2
RPN,561545,20,3,7
RPN,561590,6,0,2
RPN,561907,6,0,2
RPN,562162,5,0,2
RPN,563364,16,0,6
RPN,563658,6,3,2
RPN,563791,6,0,2
RPN,564349,6,0,2
RPN,564449,5,0,2
RPN,566245,6,0,2
RPN,566584,6,0,2
RPN,566592,3,0,1
RPN,566612,7,0,2
RPN,566992,6,0,2
RPN,567008,6,0,2
RPN,567396,3,0,1
RPN,567616,6,0,2
RPN,567937,6,0,2
RPN,568341,6,0,2
RPN,568440,6,0,2
RPN,569234,2,0,1
RPN,569255,8,0,3
RPN,570211,6,0,2
RPN,570581,3,0,1
RPN,571563,8,0,3
RPN,571648,9,0,3
RPN,571654,6,0,2
RPN,571661,9,0,3
RPN,571694,11,0,4
RPN,572310,6,0,2
RPN,572487,5,0,2
RPN,572554,6,0,2
RPN,572689,6,0,2
RPN,573476,6,0,2
RPN,573704,9,0,3
RPN,573825,3,0,1
RPN,574299,5,0,2
RPN,574443,6,0,2
RPN,574760,6,0,2
RPN,574961,5,0,2
RPN,575519,3,0,1
RPN,575649,5,0,2
RPN,575980,7,0,2
RPN,576153,3,0,1
RPN,576188,9,0,3
RPN,576286,12,0,4
RPN,576322,6,0,2
RPN,576758,6,0,2
RPN,577197,6,0,2
RPN,577725,6,0,2
RPN,578002,12,0,5
RPN,578294,9,0,3
RPN,578619,6,0,2
RPN,578734,7,0,3
RPN,579057,8,0,3
RPN,579299,11,0,4
RPN,580238,8,0,3
RPN,580668,11,0,4
RPN,581282,3,0,1
RPN,581346,6,0,2
RPN,581518,6,0,2
RPN,581563,6,0,2
