eval_split,K_a,K_b,variant,metric,diff_kind,n,n_clusters,resample_unit,mean_a,mean_b,diff,ci_low,ci_high,ci_level,n_replicates,std_diff
val_select,5,10,native,e_aurc,absolute,5282,744,image,0.046460372701617486,0.07869711878988409,-0.0322367460882666,-0.03872201894801236,-0.026088364800370745,0.95,5000,0.003217855712429483
val_select,5,10,native,e_aurc,relative,5282,744,image,0.046460372701617486,0.07869711878988409,-0.40963057585801205,-0.4704238896133412,-0.3490167414475412,0.95,5000,0.031030954581196184
val_select,5,10,native,auroc_correct,absolute,5282,744,image,0.8253538900998607,0.8028383987613384,0.022515491338522264,0.009440831659391974,0.03632580035340113,0.95,5000,0.006790939436480091
val_select,5,10,native,rer_at_50,absolute,5282,744,image,0.7748123436196832,0.6061269146608317,0.16868542895885152,0.1220594194553147,0.21385133741747636,0.95,5000,0.023145951989697332
val_select,5,10,native,rer_at_80,absolute,5282,744,image,0.3495194567803188,0.23762687168419738,0.11189258509612143,0.08059187960999521,0.14451944103698539,0.95,5000,0.016049332108656403
val_select,5,10,native,ece_adaptive,absolute,5282,744,image,0.01906770015250368,0.021200967727624663,-0.0021332675751209833,-0.015017439591494227,0.009525215828913625,0.95,5000,0.006257702144336489
val_select,5,10,global_T_corrected,e_aurc,absolute,5282,744,image,0.04649161514863101,0.0788489320582079,-0.03235731690957688,-0.03883191922213649,-0.02620655347233653,0.95,5000,0.0032341105174786993
val_select,5,10,global_T_corrected,e_aurc,relative,5282,744,image,0.04649161514863101,0.0788489320582079,-0.41037102297961436,-0.4712179227731639,-0.34950796984002375,0.95,5000,0.031064557092935364
val_select,5,10,global_T_corrected,auroc_correct,absolute,5282,744,image,0.8252742253780346,0.8025278939586108,0.022746331419423838,0.009581754354955913,0.036737930415057865,0.95,5000,0.006828343980941995
val_select,5,10,global_T_corrected,rer_at_50,absolute,5282,744,image,0.7731442869057547,0.6028446389496719,0.17029964795608277,0.1252211723915912,0.219116185563118,0.95,5000,0.023800131964842753
val_select,5,10,global_T_corrected,rer_at_80,absolute,5282,744,image,0.3484770200123386,0.23625938625224085,0.11221763376009775,0.0803591659907012,0.14477097442229633,0.95,5000,0.016160822187425948
val_select,5,10,global_T_corrected,ece_adaptive,absolute,5282,744,image,0.012145381072442297,0.020047779148814813,-0.007902398076372516,-0.01968156606956438,0.00639297756049161,0.95,5000,0.006613507344414655
val_select,5,10,oracle_T_K,e_aurc,absolute,5282,744,image,0.0465027443159456,0.07882343208918696,-0.03232068777324136,-0.03877793373799465,-0.026159777989369092,0.95,5000,0.003230579577289393
val_select,5,10,oracle_T_K,e_aurc,relative,5282,744,image,0.0465027443159456,0.07882343208918696,-0.4100390824986055,-0.4709496403496392,-0.3490824695604836,0.95,5000,0.031065189332023412
val_select,5,10,oracle_T_K,auroc_correct,absolute,5282,744,image,0.8252348015541566,0.8025826935820455,0.022652107972111146,0.009503739565932328,0.03663231637319599,0.95,5000,0.006825812567547113
val_select,5,10,oracle_T_K,rer_at_50,absolute,5282,744,image,0.7731442869057547,0.6050328227571115,0.1681114641486432,0.12468888857122636,0.2191921041230344,0.95,5000,0.023778225800244208
val_select,5,10,oracle_T_K,rer_at_80,absolute,5282,744,image,0.3484770200123386,0.23625938625224085,0.11221763376009775,0.08039672834542426,0.14411567180764717,0.95,5000,0.016157285475355748
val_select,5,10,oracle_T_K,ece_adaptive,absolute,5282,744,image,0.010637796619700383,0.019853373440049536,-0.009215576820349153,-0.0192882054771449,0.006487372646562947,0.95,5000,0.0064189856250609426
val_select,5,20,native,e_aurc,absolute,5282,744,image,0.046460372701617486,0.10155291447624726,-0.05509254177462977,-0.06458517552706365,-0.046397975608763666,0.95,5000,0.004628467458287245
val_select,5,20,native,e_aurc,relative,5282,744,image,0.046460372701617486,0.10155291447624726,-0.5425008436120822,-0.6009999453901427,-0.47967456261066205,0.95,5000,0.03127496900494082
val_select,5,20,native,auroc_correct,absolute,5282,744,image,0.8253538900998607,0.7970937333061039,0.02826015679375682,0.010958222946901986,0.045687611561703985,0.95,5000,0.008825942487221317
val_select,5,20,native,rer_at_50,absolute,5282,744,image,0.7748123436196832,0.4864643150123052,0.288348028607378,0.23982714550689851,0.33724697816222154,0.95,5000,0.025267629809316343
val_select,5,20,native,rer_at_80,absolute,5282,744,image,0.3495194567803188,0.1623024311005701,0.1872170256797487,0.15359071127964857,0.22003407602844546,0.95,5000,0.016855414035850714
val_select,5,20,native,ece_adaptive,absolute,5282,744,image,0.01906770015250368,0.023987453993704683,-0.004919753841201004,-0.020559224943603543,0.007896130038759466,0.95,5000,0.007306006797249695
val_select,5,20,global_T_corrected,e_aurc,absolute,5282,744,image,0.04649161514863101,0.10200200215715718,-0.055510387008526174,-0.06506014358369146,-0.04676135467831324,0.95,5000,0.00464347657282866
val_select,5,20,global_T_corrected,e_aurc,relative,5282,744,image,0.04649161514863101,0.10200200215715718,-0.5442087982057435,-0.6024843846275628,-0.4821815346214974,0.95,5000,0.031184260157769827
val_select,5,20,global_T_corrected,auroc_correct,absolute,5282,744,image,0.8252742253780346,0.7962239921357688,0.029050233242265855,0.011762950193451643,0.04664857996597206,0.95,5000,0.008861146965422485
val_select,5,20,global_T_corrected,rer_at_50,absolute,5282,744,image,0.7731442869057547,0.48400328137817883,0.2891410055275758,0.24155682193076553,0.34087448856055447,0.95,5000,0.025516320147512074
val_select,5,20,global_T_corrected,rer_at_80,absolute,5282,744,image,0.3484770200123386,0.16178976428973818,0.18668725572260042,0.1542046998960732,0.2202105268361381,0.95,5000,0.016879887497610095
val_select,5,20,global_T_corrected,ece_adaptive,absolute,5282,744,image,0.012145381072442297,0.0319758844898646,-0.019830503417422304,-0.03215915658981811,-0.002686101259542513,0.95,5000,0.007550619610469282
val_select,5,20,oracle_T_K,e_aurc,absolute,5282,744,image,0.0465027443159456,0.10172505642453059,-0.055222312108584984,-0.0647330182257735,-0.04654617540239668,0.95,5000,0.004632483878224695
val_select,5,20,oracle_T_K,e_aurc,relative,5282,744,image,0.0465027443159456,0.10172505642453059,-0.5428585055595835,-0.6013869189110018,-0.480231199318424,0.95,5000,0.03125903493315571
val_select,5,20,oracle_T_K,auroc_correct,absolute,5282,744,image,0.8252348015541566,0.796759206377227,0.028475595176929658,0.011170462074452709,0.04602173108808801,0.95,5000,0.008844953973589672
val_select,5,20,oracle_T_K,rer_at_50,absolute,5282,744,image,0.7731442869057547,0.4856439704675965,0.28750031643815815,0.24223919545224928,0.33969133559026504,0.95,5000,0.025405880679323818
val_select,5,20,oracle_T_K,rer_at_80,absolute,5282,744,image,0.3484770200123386,0.16127709747890626,0.18719992253343234,0.15341210315309134,0.2194429294345498,0.95,5000,0.016876828860740004
val_select,5,20,oracle_T_K,ece_adaptive,absolute,5282,744,image,0.010637796619700383,0.02696307762097519,-0.016325281001274807,-0.026145405772813,0.0009889552091183972,0.95,5000,0.006990835732457288
val_select,5,50,native,e_aurc,absolute,5282,744,image,0.046460372701617486,0.13054356371480197,-0.08408319101318448,-0.0963542093846148,-0.07208120987539134,0.95,5000,0.006181624793333833
val_select,5,50,native,e_aurc,relative,5282,744,image,0.046460372701617486,0.13054356371480197,-0.6441006252662193,-0.6956860204276575,-0.5872962344234656,0.95,5000,0.02757275060131056
val_select,5,50,native,auroc_correct,absolute,5282,744,image,0.8253538900998607,0.7883216880079938,0.03703220209186686,0.017294058472332098,0.057080178221377516,0.95,5000,0.010298031968909094
val_select,5,50,native,rer_at_50,absolute,5282,744,image,0.7748123436196832,0.34638844301765653,0.4284239006020267,0.3792418915286788,0.4773156566407182,0.95,5000,0.02488072299265196
val_select,5,50,native,rer_at_80,absolute,5282,744,image,0.3495194567803188,0.11765976728940088,0.23185968949091795,0.1952238466297885,0.2665967797091779,0.95,5000,0.018585287696464527
val_select,5,50,native,ece_adaptive,absolute,5282,744,image,0.01906770015250368,0.04893630161382109,-0.029868601461317413,-0.04486147792362374,-0.009139460056807101,0.95,5000,0.009148221936043017
val_select,5,50,global_T_corrected,e_aurc,absolute,5282,744,image,0.04649161514863101,0.1317843955725434,-0.08529278042391239,-0.09766917845010152,-0.07315073740946193,0.95,5000,0.006230198380159368
val_select,5,50,global_T_corrected,e_aurc,relative,5282,744,image,0.04649161514863101,0.1317843955725434,-0.64721456628726,-0.6981689358464686,-0.5908006323164454,0.95,5000,0.027382187667091485
val_select,5,50,global_T_corrected,auroc_correct,absolute,5282,744,image,0.8252742253780346,0.7866807008083458,0.038593524569688786,0.018750977031759045,0.05863878227216645,0.95,5000,0.010342112893431137
val_select,5,50,global_T_corrected,rer_at_50,absolute,5282,744,image,0.7731442869057547,0.3457463884430176,0.42739789846273707,0.38102606348302775,0.47986510411739985,0.95,5000,0.025160646951604058
val_select,5,50,global_T_corrected,rer_at_80,absolute,5282,744,image,0.3484770200123386,0.11605478278242379,0.2324222372299148,0.1958770086239455,0.26845057582102966,0.95,5000,0.01876915013352471
val_select,5,50,global_T_corrected,ece_adaptive,absolute,5282,744,image,0.012145381072442297,0.0664510598024639,-0.054305678730021595,-0.0650117544016919,-0.029957468691549336,0.95,5000,0.008942246317439888
val_select,5,50,oracle_T_K,e_aurc,absolute,5282,744,image,0.0465027443159456,0.13046315947963394,-0.08396041516368834,-0.0962251335302595,-0.07196764095961743,0.95,5000,0.0061790181824972566
val_select,5,50,oracle_T_K,e_aurc,relative,5282,744,image,0.0465027443159456,0.13046315947963394,-0.6435565066688045,-0.6952491856539745,-0.5867481245158089,0.95,5000,0.027626707488822348
val_select,5,50,oracle_T_K,auroc_correct,absolute,5282,744,image,0.8252348015541566,0.788427018142412,0.03680778341174462,0.017046438715225095,0.05681759191182727,0.95,5000,0.010306367547869321
val_select,5,50,oracle_T_K,rer_at_50,absolute,5282,744,image,0.7731442869057547,0.3457463884430176,0.42739789846273707,0.379688734057753,0.47786617933502773,0.95,5000,0.025139229156782773
val_select,5,50,oracle_T_K,rer_at_80,absolute,5282,744,image,0.3484770200123386,0.11765976728940088,0.23081725272293774,0.19472462588225742,0.2676183343974659,0.95,5000,0.018674610496555836
val_select,5,50,oracle_T_K,ece_adaptive,absolute,5282,744,image,0.010637796619700383,0.048491293519300885,-0.037853496899600506,-0.045765638483627365,-0.012934585843511173,0.95,5000,0.008312493058193707
val_calib,5,10,native,e_aurc,absolute,5231,747,image,0.03948712864840001,0.07318973364269529,-0.03370260499429528,-0.040316788267213445,-0.02755611319880734,0.95,5000,0.0032452760879405494
val_calib,5,10,native,e_aurc,relative,5231,747,image,0.03948712864840001,0.07318973364269529,-0.46048268407189336,-0.5201095534553146,-0.3995085416321664,0.95,5000,0.030457900575243342
val_calib,5,10,native,auroc_correct,absolute,5231,747,image,0.8420541600050192,0.8056970769143388,0.03635708309068042,0.022960205845097968,0.05012681413053304,0.95,5000,0.006898908643029788
val_calib,5,10,native,rer_at_50,absolute,5231,747,image,0.8028796014144408,0.6085904961868646,0.19428910522757625,0.14799080369753786,0.24044114574872388,0.95,5000,0.023819157936947635
val_calib,5,10,native,rer_at_80,absolute,5231,747,image,0.3972312942060262,0.2726545129284489,0.12457678127757732,0.09416573366224515,0.16028486507753903,0.95,5000,0.01698846523243172
val_calib,5,10,native,ece_adaptive,absolute,5231,747,image,0.015647515685898783,0.01981574982045785,-0.004168234134559069,-0.015550773593574997,0.008947689906524163,0.95,5000,0.006220261156153923
val_calib,5,10,global_T_corrected,e_aurc,absolute,5231,747,image,0.03949149366421742,0.07345776870101328,-0.03396627503679586,-0.040549000893889145,-0.02776896296236203,0.95,5000,0.0032529194632976563
val_calib,5,10,global_T_corrected,e_aurc,relative,5231,747,image,0.03949149366421742,0.07345776870101328,-0.462391870015068,-0.5217250002506035,-0.4017966716345359,0.95,5000,0.030304789689887566
val_calib,5,10,global_T_corrected,auroc_correct,absolute,5231,747,image,0.8420863955276998,0.805051836408771,0.037034559118928834,0.023550647092571625,0.050854052628551354,0.95,5000,0.006901029296545772
val_calib,5,10,global_T_corrected,rer_at_50,absolute,5231,747,image,0.7993278825210074,0.6085904961868646,0.19073738633414283,0.14681961185105494,0.24041669075645244,0.95,5000,0.024003978061243218
val_calib,5,10,global_T_corrected,rer_at_80,absolute,5231,747,image,0.40056150805019203,0.27191534068549017,0.12864616736470186,0.09449430005024714,0.1638381671051379,0.95,5000,0.01766116682739795
val_calib,5,10,global_T_corrected,ece_adaptive,absolute,5231,747,image,0.019348952606608072,0.02712545945707731,-0.007776506850469239,-0.020019018988653842,0.005719831867272777,0.95,5000,0.006500681206924026
val_calib,5,10,oracle_T_K,e_aurc,absolute,5231,747,image,0.039494124327801694,0.07342382449213997,-0.03392970016433827,-0.040499396500511424,-0.027736307972866848,0.95,5000,0.0032492201322636464
val_calib,5,10,oracle_T_K,e_aurc,relative,5231,747,image,0.039494124327801694,0.07342382449213997,-0.4621075025582528,-0.5214946596479982,-0.4013409837388484,0.95,5000,0.030303991551937363
val_calib,5,10,oracle_T_K,auroc_correct,absolute,5231,747,image,0.8420946166677123,0.8051367826345525,0.036957834033159886,0.023553547261403462,0.050785974325350064,0.95,5000,0.00689378573003849
val_calib,5,10,oracle_T_K,rer_at_50,absolute,5231,747,image,0.7993278825210074,0.6085904961868646,0.19073738633414283,0.14630229089954597,0.23992729405764862,0.95,5000,0.02406196028385436
val_calib,5,10,oracle_T_K,rer_at_80,absolute,5231,747,image,0.39945143676880324,0.2711761684425311,0.12827526832627212,0.094235245093287,0.16340219417879331,0.95,5000,0.017499372569155784
val_calib,5,10,oracle_T_K,ece_adaptive,absolute,5231,747,image,0.020796267406545298,0.025516420839234402,-0.0047201534326891045,-0.017638945281968618,0.0073478923516227,0.95,5000,0.0063221599356458455
val_calib,5,20,native,e_aurc,absolute,5231,747,image,0.03948712864840001,0.10593194826542612,-0.06644481961702611,-0.07632312639957715,-0.05687909102096464,0.95,5000,0.004961080193606994
val_calib,5,20,native,e_aurc,relative,5231,747,image,0.03948712864840001,0.10593194826542612,-0.6272406078149348,-0.6748857404775577,-0.5747854760973724,0.95,5000,0.025357455099758223
val_calib,5,20,native,auroc_correct,absolute,5231,747,image,0.8420541600050192,0.7858832656686082,0.05617089433641098,0.038705234166858865,0.07385679932375391,0.95,5000,0.008834579801019739
val_calib,5,20,native,rer_at_50,absolute,5231,747,image,0.8028796014144408,0.47533922104698206,0.32754038036745875,0.27896556754223245,0.37856156120832923,0.95,5000,0.025385020975898984
val_calib,5,20,native,rer_at_80,absolute,5231,747,image,0.3972312942060262,0.18010000134940565,0.21713129285662056,0.18317797436159472,0.25336975836823145,0.95,5000,0.017802713034802017
val_calib,5,20,native,ece_adaptive,absolute,5231,747,image,0.015647515685898783,0.02188602217785192,-0.006238506491953136,-0.02092414917050825,0.007951250219937698,0.95,5000,0.007302712615550783
val_calib,5,20,global_T_corrected,e_aurc,absolute,5231,747,image,0.03949149366421742,0.1066137714737988,-0.06712227780958138,-0.07696731470064083,-0.05749487811582172,0.95,5000,0.004989852236933346
val_calib,5,20,global_T_corrected,e_aurc,relative,5231,747,image,0.03949149366421742,0.1066137714737988,-0.6295835601883498,-0.6769820071065881,-0.5772880680606551,0.95,5000,0.02521778009537388
val_calib,5,20,global_T_corrected,auroc_correct,absolute,5231,747,image,0.8420863955276998,0.7846740065120685,0.05741238901563128,0.03975575014928825,0.07510541926382826,0.95,5000,0.008869192854425337
val_calib,5,20,global_T_corrected,rer_at_50,absolute,5231,747,image,0.7993278825210074,0.47186464635192904,0.32746323616907835,0.27821475714423266,0.37789947079220737,0.95,5000,0.025526952465238444
val_calib,5,20,global_T_corrected,rer_at_80,absolute,5231,747,image,0.40056150805019203,0.17901404108629226,0.22154746696389976,0.18404529970542935,0.25456541843883174,0.95,5000,0.017949573417488058
val_calib,5,20,global_T_corrected,ece_adaptive,absolute,5231,747,image,0.019348952606608072,0.039552274619249976,-0.020203322012641904,-0.033519838272952365,-0.003447897834699501,0.95,5000,0.007573843731697214
val_calib,5,20,oracle_T_K,e_aurc,absolute,5231,747,image,0.039494124327801694,0.10621481847129954,-0.06672069414349785,-0.07660886815374146,-0.05710631659498752,0.95,5000,0.004968939551441235
val_calib,5,20,oracle_T_K,e_aurc,relative,5231,747,image,0.039494124327801694,0.10621481847129954,-0.6281674732751772,-0.6757476267756046,-0.5758910319297478,0.95,5000,0.025280635992234964
val_calib,5,20,oracle_T_K,auroc_correct,absolute,5231,747,image,0.8420946166677123,0.7853756689968406,0.05671894767087171,0.039204424618549935,0.07439939980144242,0.95,5000,0.008841512636967357
val_calib,5,20,oracle_T_K,rer_at_50,absolute,5231,747,image,0.7993278825210074,0.4736019336994556,0.3257259488215518,0.2773677820305163,0.37688668471913694,0.95,5000,0.025739682169578112
val_calib,5,20,oracle_T_K,rer_at_80,absolute,5231,747,image,0.39945143676880324,0.18010000134940565,0.21935143541939758,0.1829352812553316,0.2533798121188483,0.95,5000,0.017994899602055067
val_calib,5,20,oracle_T_K,ece_adaptive,absolute,5231,747,image,0.020796267406545298,0.028662879547683588,-0.00786661214113829,-0.022716370966199394,0.0048459442465352606,0.95,5000,0.007040214803980827
val_calib,5,50,native,e_aurc,absolute,5231,747,image,0.03948712864840001,0.132789617223516,-0.093302488575116,-0.1057446675130828,-0.08125900949893808,0.95,5000,0.006255580954998321
val_calib,5,50,native,e_aurc,relative,5231,747,image,0.03948712864840001,0.132789617223516,-0.7026339146536289,-0.7450290046454937,-0.6555817890886972,0.95,5000,0.022693980390513086
val_calib,5,50,native,auroc_correct,absolute,5231,747,image,0.8420541600050192,0.7786277581083314,0.0634264018966878,0.044427165165080884,0.0824030860670829,0.95,5000,0.009785559507717992
val_calib,5,50,native,rer_at_50,absolute,5231,747,image,0.8028796014144408,0.34302085692194395,0.45985874449249686,0.41029561094238637,0.5060879239799378,0.95,5000,0.024845377142057857
val_calib,5,50,native,rer_at_80,absolute,5231,747,image,0.3972312942060262,0.1177873261584982,0.279443968047528,0.24535958372721167,0.3174379295783825,0.95,5000,0.018507065326347622
val_calib,5,50,native,ece_adaptive,absolute,5231,747,image,0.015647515685898783,0.0492331394891886,-0.03358562380328982,-0.046854039928983564,-0.013739285175097602,0.95,5000,0.008403947345811399
val_calib,5,50,global_T_corrected,e_aurc,absolute,5231,747,image,0.03949149366421742,0.13416439521939544,-0.09467290155517802,-0.10719113125953868,-0.08254672741868883,0.95,5000,0.006298695201871857
val_calib,5,50,global_T_corrected,e_aurc,relative,5231,747,image,0.03949149366421742,0.13416439521939544,-0.7056484799887628,-0.7476354783084264,-0.6590142417614594,0.95,5000,0.022448955122906213
val_calib,5,50,global_T_corrected,auroc_correct,absolute,5231,747,image,0.8420863955276998,0.7765351553969253,0.06555124013077451,0.04650701954408787,0.08453431434310274,0.95,5000,0.009815685834212074
val_calib,5,50,global_T_corrected,rer_at_50,absolute,5231,747,image,0.7993278825210074,0.3396859374139334,0.459641945107074,0.4114868878271123,0.5093094057640596,0.95,5000,0.02513219944333737
val_calib,5,50,global_T_corrected,rer_at_80,absolute,5231,747,image,0.40056150805019203,0.11862117556666617,0.28194033248352585,0.24489397072565314,0.3176117916376946,0.95,5000,0.01874168509570374
val_calib,5,50,global_T_corrected,ece_adaptive,absolute,5231,747,image,0.019348952606608072,0.07040543965190572,-0.05105648704529765,-0.0629378854521237,-0.029996090716661126,0.95,5000,0.008426717192151881
val_calib,5,50,oracle_T_K,e_aurc,absolute,5231,747,image,0.039494124327801694,0.13269957778625502,-0.09320545345845332,-0.10566329462264133,-0.08123150799815708,0.95,5000,0.0062479199253569675
val_calib,5,50,oracle_T_K,e_aurc,relative,5231,747,image,0.039494124327801694,0.13269957778625502,-0.7023794273752958,-0.744792001981277,-0.6552751560986301,0.95,5000,0.022697075984413992
val_calib,5,50,oracle_T_K,auroc_correct,absolute,5231,747,image,0.8420946166677123,0.7787836315417922,0.06331098512592015,0.044312040503638774,0.08228932457460324,0.95,5000,0.00976933077221225
val_calib,5,50,oracle_T_K,rer_at_50,absolute,5231,747,image,0.7993278825210074,0.34302085692194395,0.45630702559906344,0.4077142611179577,0.505783925050485,0.95,5000,0.02520760642001643
val_calib,5,50,oracle_T_K,rer_at_80,absolute,5231,747,image,0.39945143676880324,0.11820425086258218,0.28124718590622105,0.24405733557545417,0.3177433512771027,0.95,5000,0.01876024180543809
val_calib,5,50,oracle_T_K,ece_adaptive,absolute,5231,747,image,0.020796267406545298,0.04776650747593012,-0.026970240069384824,-0.041070055054094765,-0.010235471691965602,0.95,5000,0.00782480931645581
testA,5,10,native,e_aurc,absolute,5646,750,image,0.0322756580077508,0.060081606628058226,-0.027805948620307427,-0.033235114566589355,-0.022486104538857903,0.95,5000,0.0027489854659122487
testA,5,10,native,e_aurc,relative,5646,750,image,0.0322756580077508,0.060081606628058226,-0.4628030137816254,-0.5205282102358195,-0.40101365888927115,0.95,5000,0.03051112180061236
testA,5,10,native,auroc_correct,absolute,5646,750,image,0.8532989919479448,0.8239015347196048,0.029397457228339974,0.01627244484181306,0.042580832640355844,0.95,5000,0.006710032876373426
testA,5,10,native,rer_at_50,absolute,5646,750,image,0.8371877890841812,0.6949969861362266,0.1421908029479546,0.10133279084865007,0.18954273278487094,0.95,5000,0.022637421051011443
testA,5,10,native,rer_at_80,absolute,5646,750,image,0.43688894887174073,0.3113626200557989,0.12552632881594183,0.08965513812731277,0.16091470807226047,0.95,5000,0.017986247970002353
testA,5,10,native,ece_adaptive,absolute,5646,750,image,0.015452103346871261,0.01984069328273479,-0.004388589935863529,-0.01475327792305873,0.008346767500717006,0.95,5000,0.005906126843524216
testA,5,10,global_T_corrected,e_aurc,absolute,5646,750,image,0.03219395676289256,0.060120610753541595,-0.027926653990649038,-0.03335359122552728,-0.022616627007519256,0.95,5000,0.002753337149905967
testA,5,10,global_T_corrected,e_aurc,relative,5646,750,image,0.03219395676289256,0.060120610753541595,-0.4645104838527265,-0.5218259945429943,-0.40245171522287676,0.95,5000,0.03049134288319863
testA,5,10,global_T_corrected,auroc_correct,absolute,5646,750,image,0.8536501738178008,0.8238297976561256,0.02982037616167521,0.016617092681202494,0.04300093632124599,0.95,5000,0.006720347771623618
testA,5,10,global_T_corrected,rer_at_50,absolute,5646,750,image,0.8390379278445884,0.6925858951175405,0.14645203272704788,0.10164717096769145,0.18990138798365216,0.95,5000,0.022632696659927953
testA,5,10,global_T_corrected,rer_at_80,absolute,5646,750,image,0.4357326633458104,0.3083488897278153,0.12738377361799508,0.09216867023600755,0.16446641686170885,0.95,5000,0.01825491753620937
testA,5,10,global_T_corrected,ece_adaptive,absolute,5646,750,image,0.012041964747996094,0.0243785273715236,-0.012336562623527506,-0.021827786087892556,0.0014549814808570518,0.95,5000,0.005934565043849002
testA,5,10,oracle_T_K,e_aurc,absolute,5646,750,image,0.03217860499504623,0.06011353193958224,-0.02793492694453601,-0.03336801119185199,-0.02264208909077388,0.95,5000,0.0027529448613280725
testA,5,10,oracle_T_K,e_aurc,relative,5646,750,image,0.03217860499504623,0.06011353193958224,-0.46470280556152166,-0.5219346420539306,-0.40276972474427525,0.95,5000,0.030480551258274306
testA,5,10,oracle_T_K,auroc_correct,absolute,5646,750,image,0.8537192753859606,0.8238521729678114,0.02986710241814916,0.016661519708940215,0.04301045657342513,0.95,5000,0.0067184889469766055
testA,5,10,oracle_T_K,rer_at_50,absolute,5646,750,image,0.8390379278445884,0.6925858951175405,0.14645203272704788,0.10126716538953816,0.18924479096591756,0.95,5000,0.022601351086163655
testA,5,10,oracle_T_K,rer_at_80,absolute,5646,750,image,0.43920151992360207,0.3083488897278153,0.13085263019578675,0.09187292890893593,0.16416622141522064,0.95,5000,0.018299033736248357
testA,5,10,oracle_T_K,ece_adaptive,absolute,5646,750,image,0.010158341102172765,0.023300446860236232,-0.013142105758063467,-0.020092375324535745,0.00208076387773102,0.95,5000,0.005646596818981794
testA,5,20,native,e_aurc,absolute,5646,750,image,0.0322756580077508,0.08954224681712275,-0.05726658880937195,-0.06601644174889905,-0.04903788369761747,0.95,5000,0.004360694598593686
testA,5,20,native,e_aurc,relative,5646,750,image,0.0322756580077508,0.08954224681712275,-0.6395482673818849,-0.68873762248885,-0.587521837324198,0.95,5000,0.025985265241804088
testA,5,20,native,auroc_correct,absolute,5646,750,image,0.8532989919479448,0.8038651708381641,0.04943382110978067,0.03323778179601417,0.06611563812522635,0.95,5000,0.008454028915242292
testA,5,20,native,rer_at_50,absolute,5646,750,image,0.8371877890841812,0.5518783542039356,0.2853094348802456,0.2381261733266155,0.3344954655888255,0.95,5000,0.0243067536333651
testA,5,20,native,rer_at_80,absolute,5646,750,image,0.43688894887174073,0.22353617005603563,0.2133527788157051,0.17586516394499255,0.2533514343461871,0.95,5000,0.019679428990110912
testA,5,20,native,ece_adaptive,absolute,5646,750,image,0.015452103346871261,0.02846224975135154,-0.013010146404480278,-0.027108690205871706,0.003193203575394263,0.95,5000,0.007788547054416303
testA,5,20,global_T_corrected,e_aurc,absolute,5646,750,image,0.03219395676289256,0.09019454259209125,-0.058000585829198696,-0.06685739690681244,-0.049694026562859046,0.95,5000,0.004387607311564186
testA,5,20,global_T_corrected,e_aurc,relative,5646,750,image,0.03219395676289256,0.09019454259209125,-0.6430609232257973,-0.6917002706958955,-0.5917512500195294,0.95,5000,0.025755337893287582
testA,5,20,global_T_corrected,auroc_correct,absolute,5646,750,image,0.8536501738178008,0.8028836317470976,0.05076654207070319,0.03437343478934577,0.06742218577406453,0.95,5000,0.008471450144166129
testA,5,20,global_T_corrected,rer_at_50,absolute,5646,750,image,0.8390379278445884,0.5474060822898033,0.29163184555478516,0.24220437795733554,0.33853750451981673,0.95,5000,0.024511833627489436
testA,5,20,global_T_corrected,rer_at_80,absolute,5646,750,image,0.4357326633458104,0.2252131977664978,0.2105194655793126,0.1746330566964635,0.25319092805994564,0.95,5000,0.02004043016395527
testA,5,20,global_T_corrected,ece_adaptive,absolute,5646,750,image,0.012041964747996094,0.04788862799699747,-0.035846663249001376,-0.04552852528607393,-0.0155938492903028,0.95,5000,0.007649852436437453
testA,5,20,oracle_T_K,e_aurc,absolute,5646,750,image,0.03217860499504623,0.08980206462355161,-0.05762345962850538,-0.06638296063385504,-0.04939242821591251,0.95,5000,0.00437025767325435
testA,5,20,oracle_T_K,e_aurc,relative,5646,750,image,0.03217860499504623,0.08980206462355161,-0.6416718799290609,-0.6903312688310571,-0.5900457788911401,0.95,5000,0.025843482166779452
testA,5,20,oracle_T_K,auroc_correct,absolute,5646,750,image,0.8537192753859606,0.8034740765610984,0.050245198824862225,0.033991507997720584,0.06687322010547335,0.95,5000,0.008458463415272234
testA,5,20,oracle_T_K,rer_at_50,absolute,5646,750,image,0.8390379278445884,0.5456171735241504,0.293420754320438,0.23917782696838413,0.33665499684462546,0.95,5000,0.02449589570339545
testA,5,20,oracle_T_K,rer_at_80,absolute,5646,750,image,0.43920151992360207,0.2229771608192151,0.21622435910438698,0.17497388729261948,0.253864023071694,0.95,5000,0.02013826080683153
testA,5,20,oracle_T_K,ece_adaptive,absolute,5646,750,image,0.010158341102172765,0.03587278785211079,-0.025714446749938023,-0.03484094620781624,-0.006628000330896677,0.95,5000,0.0071628490768314845
testA,5,50,native,e_aurc,absolute,5646,750,image,0.0322756580077508,0.12280633435220306,-0.09053067634445226,-0.10110394338148126,-0.0802293590973282,0.95,5000,0.00530228442022799
testA,5,50,native,e_aurc,relative,5646,750,image,0.0322756580077508,0.12280633435220306,-0.7371824655625201,-0.7746210172811935,-0.6964972284768347,0.95,5000,0.019920492787442717
testA,5,50,native,auroc_correct,absolute,5646,750,image,0.8532989919479448,0.7884160985935819,0.06488289335436292,0.046595276287241236,0.08360019320900727,0.95,5000,0.009418537019542225
testA,5,50,native,rer_at_50,absolute,5646,750,image,0.8371877890841812,0.39156426436399866,0.4456235247201826,0.40344035267154765,0.49277962894856653,0.95,5000,0.023281573143716212
testA,5,50,native,rer_at_80,absolute,5646,750,image,0.43688894887174073,0.1419343743444724,0.29495457452726837,0.2558082693747487,0.3340851052905548,0.95,5000,0.019959458805522287
testA,5,50,native,ece_adaptive,absolute,5646,750,image,0.015452103346871261,0.054577688203238446,-0.039125584856367183,-0.05398203814592854,-0.01944318014281609,0.95,5000,0.008825534459574031
testA,5,50,global_T_corrected,e_aurc,absolute,5646,750,image,0.03219395676289256,0.12426908189977481,-0.09207512513688226,-0.1027652798305938,-0.08179698805492318,0.95,5000,0.005347474587504654
testA,5,50,global_T_corrected,e_aurc,relative,5646,750,image,0.03219395676289256,0.12426908189977481,-0.7409334947138537,-0.7777719849554691,-0.7009205763250848,0.95,5000,0.01963679967215907
testA,5,50,global_T_corrected,auroc_correct,absolute,5646,750,image,0.8536501738178008,0.7866136626172093,0.06703651120059151,0.04864589278905606,0.08583668990363438,0.95,5000,0.009434244242807062
testA,5,50,global_T_corrected,rer_at_50,absolute,5646,750,image,0.8390379278445884,0.3889073397542345,0.4501305880903539,0.40426429919309226,0.4944278657232014,0.95,5000,0.023346991906227417
testA,5,50,global_T_corrected,rer_at_80,absolute,5646,750,image,0.4357326633458104,0.14110412216676993,0.29462854117904047,0.2563490758487056,0.33809083239449345,0.95,5000,0.020726144873112307
testA,5,50,global_T_corrected,ece_adaptive,absolute,5646,750,image,0.012041964747996094,0.07686240554286093,-0.06482044079486483,-0.07649716429258985,-0.04310608127981443,0.95,5000,0.00858838917700475
testA,5,50,oracle_T_K,e_aurc,absolute,5646,750,image,0.03217860499504623,0.12270953617908475,-0.09053093118403852,-0.10105710123201049,-0.08023934166498896,0.95,5000,0.005289437429382081
testA,5,50,oracle_T_K,e_aurc,relative,5646,750,image,0.03217860499504623,0.12270953617908475,-0.7377660612449538,-0.7751334448150697,-0.6969703402411649,0.95,5000,0.0198540332108073
testA,5,50,oracle_T_K,auroc_correct,absolute,5646,750,image,0.8537192753859606,0.7885336309559445,0.06518564443001607,0.04677654593385892,0.08390987171804382,0.95,5000,0.009399930970859454
testA,5,50,oracle_T_K,rer_at_50,absolute,5646,750,image,0.8390379278445884,0.3909000332115576,0.44813789463303083,0.40285195406075414,0.49185823348152935,0.95,5000,0.023365430497826512
testA,5,50,oracle_T_K,rer_at_80,absolute,5646,750,image,0.43920151992360207,0.14276462652217503,0.29643689340142704,0.25458908330623337,0.3365542597637971,0.95,5000,0.020726068860637145
testA,5,50,oracle_T_K,ece_adaptive,absolute,5646,750,image,0.010158341102172765,0.05303938247611811,-0.04288104137394535,-0.052920137742623746,-0.022572378394264004,0.95,5000,0.00790201769101004
testB,5,10,native,e_aurc,absolute,4640,740,image,0.05888984060762088,0.10693376665306889,-0.04804392604544801,-0.05858182675031564,-0.038639417289750864,0.95,5000,0.005080062990996473
testB,5,10,native,e_aurc,relative,4640,740,image,0.05888984060762088,0.10693376665306889,-0.44928676459438266,-0.5075567033746317,-0.3888769896057003,0.95,5000,0.030682928772539184
testB,5,10,native,auroc_correct,absolute,4640,740,image,0.8129954627575371,0.7750931292987204,0.03790233345881666,0.022540842668658096,0.054261438096478154,0.95,5000,0.008065295328390561
testB,5,10,native,rer_at_50,absolute,4640,740,image,0.7195219123505975,0.4722814498933902,0.24724046245720727,0.1924803561847354,0.291727415855957,0.95,5000,0.025426877511698517
testB,5,10,native,rer_at_80,absolute,4640,740,image,0.29083665338645426,0.19243070362473358,0.09840594976172068,0.06922201565781805,0.12850445102061991,0.95,5000,0.015170525199717807
testB,5,10,native,ece_adaptive,absolute,4640,740,image,0.02277385742435681,0.020684688451603563,0.0020891689727532484,-0.015041076447300716,0.011042527770054052,0.95,5000,0.006596962425351109
testB,5,10,global_T_corrected,e_aurc,absolute,4640,740,image,0.05886737767385504,0.10698563892574203,-0.04811826125188699,-0.05868520281878342,-0.03877448100707634,0.95,5000,0.005077257658080295
testB,5,10,global_T_corrected,e_aurc,relative,4640,740,image,0.05886737767385504,0.10698563892574203,-0.44976374151754644,-0.5082174814726358,-0.38925462581405884,0.95,5000,0.030645274724383827
testB,5,10,global_T_corrected,auroc_correct,absolute,4640,740,image,0.8131877806352139,0.7751167539396259,0.03807102669558804,0.022731226219996133,0.05434596114762193,0.95,5000,0.008067834186455326
testB,5,10,global_T_corrected,rer_at_50,absolute,4640,740,image,0.7163346613545816,0.47334754797441364,0.24298711338016793,0.19233054537944735,0.2912828996208768,0.95,5000,0.02533979137974668
testB,5,10,global_T_corrected,rer_at_80,absolute,4640,740,image,0.28884462151394424,0.1910980810234542,0.09774654049049003,0.06994655482218315,0.1308801750340365,0.95,5000,0.015608969422600245
testB,5,10,global_T_corrected,ece_adaptive,absolute,4640,740,image,0.020398171971841107,0.020349947632900618,4.822433894048975e-05,-0.018090869665918052,0.009504699549233381,0.95,5000,0.007021798912978743
testB,5,10,oracle_T_K,e_aurc,absolute,4640,740,image,0.058864799352617514,0.10696986654831758,-0.04810506719570007,-0.05860257458315655,-0.038767505905510175,0.95,5000,0.005072173705603273
testB,5,10,oracle_T_K,e_aurc,relative,4640,740,image,0.058864799352617514,0.10696986654831758,-0.4497067141237512,-0.5081908552910603,-0.3892790452581802,0.95,5000,0.030617200261162637
testB,5,10,oracle_T_K,auroc_correct,absolute,4640,740,image,0.8132279155166631,0.7751246609622963,0.038103254554366806,0.022721811882447106,0.05436797485710833,0.95,5000,0.008059748638085958
testB,5,10,oracle_T_K,rer_at_50,absolute,4640,740,image,0.7147410358565737,0.4722814498933902,0.24245958596318345,0.1919074805062457,0.2911968428993395,0.95,5000,0.0252855988099326
testB,5,10,oracle_T_K,rer_at_80,absolute,4640,740,image,0.289840637450199,0.1910980810234542,0.09874255642674479,0.0700354717729322,0.13152144234247398,0.95,5000,0.015598088454776284
testB,5,10,oracle_T_K,ece_adaptive,absolute,4640,740,image,0.021493432648351497,0.020637456006531066,0.0008559766418204315,-0.017036060218266473,0.01006039435436505,0.95,5000,0.0069044440157533
testB,5,20,native,e_aurc,absolute,4640,740,image,0.05888984060762088,0.1338729182779228,-0.07498307767030192,-0.08853737591629807,-0.06235815184161201,0.95,5000,0.006665388612617168
testB,5,20,native,e_aurc,relative,4640,740,image,0.05888984060762088,0.1338729182779228,-0.5601063951906656,-0.615537021928241,-0.5004275717442945,0.95,5000,0.029492411567273055
testB,5,20,native,auroc_correct,absolute,4640,740,image,0.8129954627575371,0.76794659129556,0.045048871461977114,0.026416081380093458,0.06450564781775728,0.95,5000,0.009804127406980279
testB,5,20,native,rer_at_50,absolute,4640,740,image,0.7195219123505975,0.37738985868661673,0.34213205366398075,0.28482483821431764,0.38750360541016693,0.95,5000,0.02624087251551952
testB,5,20,native,rer_at_80,absolute,4640,740,image,0.29083665338645426,0.13549459684123025,0.155342056545224,0.12579541732976163,0.1894945903318914,0.95,5000,0.016126530495211965
testB,5,20,native,ece_adaptive,absolute,4640,740,image,0.02277385742435681,0.02738378206749672,-0.004609924643139907,-0.024265725898080227,0.010233152511575402,0.95,5000,0.008768276557115642
testB,5,20,global_T_corrected,e_aurc,absolute,4640,740,image,0.05886737767385504,0.13455016986742507,-0.07568279219357003,-0.08925916288973883,-0.0628867282937299,0.95,5000,0.006707105391889989
testB,5,20,global_T_corrected,e_aurc,relative,4640,740,image,0.05886737767385504,0.13455016986742507,-0.5624875261632281,-0.6181205313197163,-0.5025618739522469,0.95,5000,0.029426001027829718
testB,5,20,global_T_corrected,auroc_correct,absolute,4640,740,image,0.8131877806352139,0.7671648244354795,0.0460229561997344,0.02741802988379563,0.06533119499007368,0.95,5000,0.009829953574088791
testB,5,20,global_T_corrected,rer_at_50,absolute,4640,740,image,0.7163346613545816,0.3765586034912718,0.3397760578633098,0.2876934891618454,0.3900979006011538,0.95,5000,0.026095553067281632
testB,5,20,global_T_corrected,rer_at_80,absolute,4640,740,image,0.28884462151394424,0.13497506234413972,0.15386955916980452,0.12585457584631918,0.194084928354649,0.95,5000,0.01711156179463185
testB,5,20,global_T_corrected,ece_adaptive,absolute,4640,740,image,0.020398171971841107,0.04186878717857703,-0.021470615206735925,-0.0361151573556217,-0.001764214417439074,0.95,5000,0.008793181187520763
testB,5,20,oracle_T_K,e_aurc,absolute,4640,740,image,0.058864799352617514,0.13414405439694105,-0.07527925504432353,-0.08881729079245554,-0.06262994171176012,0.95,5000,0.00667064045647126
testB,5,20,oracle_T_K,e_aurc,relative,4640,740,image,0.058864799352617514,0.13414405439694105,-0.5611821961304918,-0.6165121625111982,-0.5012066706493005,0.95,5000,0.02941271641836798
testB,5,20,oracle_T_K,auroc_correct,absolute,4640,740,image,0.8132279155166631,0.7676136613107637,0.045614254205899374,0.027062234639511865,0.06495371117024804,0.95,5000,0.009796935040431198
testB,5,20,oracle_T_K,rer_at_50,absolute,4640,740,image,0.7147410358565737,0.37738985868661673,0.33735117716995694,0.2867747111205799,0.3885964916704517,0.95,5000,0.02606856692658842
testB,5,20,oracle_T_K,rer_at_80,absolute,4640,740,image,0.289840637450199,0.134455527847049,0.15538510960315,0.1259959752372834,0.19404885724389392,0.95,5000,0.017036148649315963
testB,5,20,oracle_T_K,ece_adaptive,absolute,4640,740,image,0.021493432648351497,0.0332182619865213,-0.011724829338169804,-0.027952730620743178,0.0043210905080111805,0.95,5000,0.008191559084567536
testB,5,50,native,e_aurc,absolute,4640,740,image,0.05888984060762088,0.1560761844141702,-0.09718634380654932,-0.11264195832546785,-0.08227624456362022,0.95,5000,0.0077942848141382024
testB,5,50,native,e_aurc,relative,4640,740,image,0.05888984060762088,0.1560761844141702,-0.6226852877736403,-0.6754689491290472,-0.562250079414511,0.95,5000,0.029054395807398603
testB,5,50,native,auroc_correct,absolute,4640,740,image,0.8129954627575371,0.759288959463991,0.05370650329354609,0.030239913387185784,0.07733317392534654,0.95,5000,0.011798358551449329
testB,5,50,native,rer_at_50,absolute,4640,740,image,0.7195219123505975,0.25898801597869514,0.46053389637190234,0.4027609676903548,0.5082281668058862,0.95,5000,0.026627816334485542
testB,5,50,native,rer_at_80,absolute,4640,740,image,0.29083665338645426,0.08996338215712371,0.20087327122933055,0.16920393014948934,0.23485803000950695,0.95,5000,0.016777508390598776
testB,5,50,native,ece_adaptive,absolute,4640,740,image,0.02277385742435681,0.049323221594737524,-0.026549364170380712,-0.043133126856735975,-0.0027006215741619826,0.95,5000,0.010384287844315184
testB,5,50,global_T_corrected,e_aurc,absolute,4640,740,image,0.05886737767385504,0.15718688364069627,-0.09831950596684123,-0.11385605168122355,-0.08331645577888423,0.95,5000,0.007830556127376511
testB,5,50,global_T_corrected,e_aurc,relative,4640,740,image,0.05886737767385504,0.15718688364069627,-0.625494339537793,-0.6780471611459691,-0.5657150538741426,0.95,5000,0.028853941669088102
testB,5,50,global_T_corrected,auroc_correct,absolute,4640,740,image,0.8131877806352139,0.7580059309673491,0.05518184966786477,0.031585302884050384,0.07876496881938476,0.95,5000,0.011829939424052319
testB,5,50,global_T_corrected,rer_at_50,absolute,4640,740,image,0.7163346613545816,0.2569906790945406,0.459343982260041,0.40485040718675186,0.50814391577802,0.95,5000,0.026314928578979706
testB,5,50,global_T_corrected,rer_at_80,absolute,4640,740,image,0.28884462151394424,0.08788282290279636,0.20096179861114788,0.1692201766679902,0.2397188349343946,0.95,5000,0.017830290567697187
testB,5,50,global_T_corrected,ece_adaptive,absolute,4640,740,image,0.020398171971841107,0.06582528026132235,-0.045427108289481245,-0.05963828337935718,-0.0227480653413096,0.95,5000,0.00947672800941931
testB,5,50,oracle_T_K,e_aurc,absolute,4640,740,image,0.058864799352617514,0.15599601206303948,-0.09713121271042197,-0.11259239797140638,-0.08225887818098136,0.95,5000,0.007776665746948061
testB,5,50,oracle_T_K,e_aurc,relative,4640,740,image,0.058864799352617514,0.15599601206303948,-0.6226518961982843,-0.6753763911893287,-0.5620827823699802,0.95,5000,0.02901509525044151
testB,5,50,oracle_T_K,auroc_correct,absolute,4640,740,image,0.8132279155166631,0.7593691296689988,0.05385878584766424,0.03051521635014377,0.0773871803035995,0.95,5000,0.011779462065299439
testB,5,50,oracle_T_K,rer_at_50,absolute,4640,740,image,0.7147410358565737,0.25832223701731016,0.4564187988392635,0.4031507308428731,0.5066035212698051,0.95,5000,0.02615490954497904
testB,5,50,oracle_T_K,rer_at_80,absolute,4640,740,image,0.289840637450199,0.08996338215712371,0.1998772552930753,0.16863731916606212,0.23871741069210764,0.95,5000,0.017729581039653698
testB,5,50,oracle_T_K,ece_adaptive,absolute,4640,740,image,0.021493432648351497,0.04733535561405507,-0.025841922965703576,-0.040503108775338484,-0.005885977809548679,0.95,5000,0.0089540858921224
__pooled__,5,10,native,e_aurc,absolute,20799,2981,image,0.042781295617117854,0.07682614620632364,-0.03404485058920578,-0.0374742233539081,-0.030791640162963003,0.95,5000,0.0017158342308687758
__pooled__,5,10,native,e_aurc,relative,20799,2981,image,0.042781295617117854,0.07682614620632364,-0.4431414599109947,-0.4728563870632821,-0.41251376746597485,0.95,5000,0.01536253823095532
__pooled__,5,10,native,auroc_correct,absolute,20799,2981,image,0.8354107589898103,0.8050619639195551,0.03034879507025523,0.023562655670107895,0.037362243442691186,0.95,5000,0.003522637380833804
__pooled__,5,10,native,rer_at_50,absolute,20799,2981,image,0.7931873731289094,0.6056327969946129,0.1875545761342965,0.16286883357982257,0.21161908036319743,0.95,5000,0.012462934684513882
__pooled__,5,10,native,rer_at_80,absolute,20799,2981,image,0.37355511362698673,0.2538280500288979,0.11972706359808882,0.10297082614782521,0.13562492687149824,0.95,5000,0.00827183682808127
__pooled__,5,10,native,ece_adaptive,absolute,20799,2981,image,0.014860988572426882,0.011887370830797515,0.002973617741629367,-0.004751783071521023,0.008431542637407035,0.95,5000,0.0033949675136003958
__pooled__,5,10,global_T_corrected,e_aurc,absolute,20799,2981,image,0.04276628459492238,0.07694367683863679,-0.03417739224371441,-0.037625117076201454,-0.03092246218566265,0.95,5000,0.0017182991337106883
__pooled__,5,10,global_T_corrected,e_aurc,relative,20799,2981,image,0.04276628459492238,0.07694367683863679,-0.4441871463380919,-0.47370561517993526,-0.41375566617456083,0.95,5000,0.015341605619394873
__pooled__,5,10,global_T_corrected,auroc_correct,absolute,20799,2981,image,0.8355067916287032,0.8048303360151687,0.030676455613534492,0.023898222482610153,0.03770268275470571,0.95,5000,0.00352691516584883
__pooled__,5,10,global_T_corrected,rer_at_50,absolute,20799,2981,image,0.7936164449688907,0.6067668507775186,0.18684959419137215,0.1626220315835572,0.21086691841608088,0.95,5000,0.01232028867536057
__pooled__,5,10,global_T_corrected,rer_at_80,absolute,20799,2981,image,0.3730187738270097,0.25311926641458216,0.11989950741242755,0.10387845371506527,0.1360123978683461,0.95,5000,0.008169155927752096
__pooled__,5,10,global_T_corrected,ece_adaptive,absolute,20799,2981,image,0.011023181462793416,0.017212392365487127,-0.00618921090269371,-0.012664791697897448,0.001195688283163627,0.95,5000,0.003569929145249101
__pooled__,5,10,oracle_T_K,e_aurc,absolute,20799,2981,image,0.042764953501857425,0.07692603823112806,-0.03416108472927064,-0.03761000593507079,-0.030909289102093757,0.95,5000,0.0017168011987178456
__pooled__,5,10,oracle_T_K,e_aurc,relative,20799,2981,image,0.042764953501857425,0.07692603823112806,-0.4440770058459527,-0.4736149417209803,-0.41356574638362215,0.95,5000,0.015335728576304261
__pooled__,5,10,oracle_T_K,auroc_correct,absolute,20799,2981,image,0.8355188364228939,0.8048678783418214,0.030650958081072543,0.02387357963431788,0.037655684403956606,0.95,5000,0.0035243044274930004
__pooled__,5,10,oracle_T_K,rer_at_50,absolute,20799,2981,image,0.7931873731289094,0.6076173911146976,0.18556998201421182,0.1623463694633287,0.2107670454125742,0.95,5000,0.0123284958373046
__pooled__,5,10,oracle_T_K,rer_at_80,absolute,20799,2981,image,0.3743596233269517,0.25329646231816116,0.12106316100879055,0.10375666059939333,0.13582912216913282,0.95,5000,0.008150897489460057
__pooled__,5,10,oracle_T_K,ece_adaptive,absolute,20799,2981,image,0.0116588300286282,0.01585897273430201,-0.00420014270567381,-0.010757206099663501,0.002329088586385441,0.95,5000,0.0033196505138951764
__pooled__,5,20,native,e_aurc,absolute,20799,2981,image,0.042781295617117854,0.10472350610795295,-0.06194221049083509,-0.06686707708072072,-0.05706664794121961,0.95,5000,0.0025036587211239203
__pooled__,5,20,native,e_aurc,relative,20799,2981,image,0.042781295617117854,0.10472350610795295,-0.5914833526198284,-0.6180629860980654,-0.5632437379452536,0.95,5000,0.014101457521319291
__pooled__,5,20,native,auroc_correct,absolute,20799,2981,image,0.8354107589898103,0.7922759496505667,0.04313480933924363,0.034371280552067944,0.051691077340638186,0.95,5000,0.00442334742434868
__pooled__,5,20,native,rer_at_50,absolute,20799,2981,image,0.7931873731289094,0.48115903202531857,0.31202834110359084,0.2865257627600257,0.3366522970374693,0.95,5000,0.012900966209699926
__pooled__,5,20,native,rer_at_80,absolute,20799,2981,image,0.37355511362698673,0.17465596841537792,0.1988991452116088,0.18052326488892997,0.2153661984888621,0.95,5000,0.0088879782393365
__pooled__,5,20,native,ece_adaptive,absolute,20799,2981,image,0.014860988572426882,0.021355042776136857,-0.006494054203709975,-0.016079648308940483,0.0030133271352800572,0.95,5000,0.004891759704389216
__pooled__,5,20,global_T_corrected,e_aurc,absolute,20799,2981,image,0.04276628459492238,0.10531441367388972,-0.06254812907896734,-0.06747661109443762,-0.05765502613950825,0.95,5000,0.002516682725198221
__pooled__,5,20,global_T_corrected,e_aurc,relative,20799,2981,image,0.04276628459492238,0.10531441367388972,-0.5939180298021705,-0.6203561865134254,-0.5656488319783203,0.95,5000,0.01403944435016509
__pooled__,5,20,global_T_corrected,auroc_correct,absolute,20799,2981,image,0.8355067916287032,0.7913415785571999,0.04416521307150334,0.03538143558049576,0.05274744434119659,0.95,5000,0.004437772581470584
__pooled__,5,20,global_T_corrected,rer_at_50,absolute,20799,2981,image,0.7936164449688907,0.48009321245265074,0.31352323251624,0.28895411310969393,0.3376611295412259,0.95,5000,0.0126954254361813
__pooled__,5,20,global_T_corrected,rer_at_80,absolute,20799,2981,image,0.3730187738270097,0.17425628607562765,0.19876248775138206,0.18159125270890986,0.21594801190153087,0.95,5000,0.008757056346208977
__pooled__,5,20,global_T_corrected,ece_adaptive,absolute,20799,2981,image,0.011023181462793416,0.03853073353431875,-0.027507552071525332,-0.034383709853487016,-0.017277804254136615,0.95,5000,0.004378251164153904
__pooled__,5,20,oracle_T_K,e_aurc,absolute,20799,2981,image,0.042764953501857425,0.10496275751815157,-0.06219780401629414,-0.06711704657351504,-0.057322455088230875,0.95,5000,0.0025069543538082492
__pooled__,5,20,oracle_T_K,e_aurc,relative,20799,2981,image,0.042764953501857425,0.10496275751815157,-0.5925702171604825,-0.6190428950009494,-0.5642337748169316,0.95,5000,0.014068377050942583
__pooled__,5,20,oracle_T_K,auroc_correct,absolute,20799,2981,image,0.8355188364228939,0.791896415804225,0.043622420618668944,0.03483216309217643,0.052238653760249075,0.95,5000,0.004425926673456175
__pooled__,5,20,oracle_T_K,rer_at_50,absolute,20799,2981,image,0.7931873731289094,0.48009321245265074,0.31309416067625867,0.2871660461698107,0.3366023064936551,0.95,5000,0.012766716726685156
__pooled__,5,20,oracle_T_K,rer_at_80,absolute,20799,2981,image,0.3743596233269517,0.17425628607562765,0.20010333725132406,0.18096099800718007,0.21557803918003837,0.95,5000,0.008762753700346652
__pooled__,5,20,oracle_T_K,ece_adaptive,absolute,20799,2981,image,0.0116588300286282,0.028446301480810635,-0.016787471452182436,-0.024000375991271593,-0.00776279170544161,0.95,5000,0.004139007257242647
__pooled__,5,50,native,e_aurc,absolute,20799,2981,image,0.042781295617117854,0.1329870136083277,-0.09020571799120986,-0.09618545713728724,-0.08418706164752764,0.95,5000,0.003105164719635957
__pooled__,5,50,native,e_aurc,relative,20799,2981,image,0.042781295617117854,0.1329870136083277,-0.6783047121945532,-0.701066621423785,-0.653265093958192,0.95,5000,0.012316481652336566
__pooled__,5,50,native,auroc_correct,absolute,20799,2981,image,0.8354107589898103,0.7820403766429146,0.05337038234689573,0.04355637222166616,0.06317991182338467,0.95,5000,0.005079928483585172
__pooled__,5,50,native,rer_at_50,absolute,20799,2981,image,0.7931873731289094,0.3417203039374873,0.4514670691914221,0.427795616619506,0.4758187811277716,0.95,5000,0.012351852847709498
__pooled__,5,50,native,rer_at_80,absolute,20799,2981,image,0.37355511362698673,0.11747729249384768,0.25607782113313904,0.2370017404033431,0.27314161487469746,0.95,5000,0.009376380556522906
__pooled__,5,50,native,ece_adaptive,absolute,20799,2981,image,0.014860988572426882,0.04918344379298142,-0.034322455220554535,-0.04320104630815566,-0.02254142380878972,0.95,5000,0.005294729089638192
__pooled__,5,50,global_T_corrected,e_aurc,absolute,20799,2981,image,0.04276628459492238,0.13426389152930795,-0.09149760693438558,-0.097489448051082,-0.08543496692302043,0.95,5000,0.0031264519315118795
__pooled__,5,50,global_T_corrected,e_aurc,relative,20799,2981,image,0.04276628459492238,0.13426389152930795,-0.6814759045950408,-0.7042693122242675,-0.6566986203441512,0.95,5000,0.012208014765357695
__pooled__,5,50,global_T_corrected,auroc_correct,absolute,20799,2981,image,0.8355067916287032,0.7803499733667771,0.05515681826192609,0.04529782575436119,0.06509026519532529,0.95,5000,0.005098917112741715
__pooled__,5,50,global_T_corrected,rer_at_50,absolute,20799,2981,image,0.7936164449688907,0.3379276102978486,0.4556888346710421,0.43069281727044784,0.47839774169245186,0.95,5000,0.012261771848882492
__pooled__,5,50,global_T_corrected,rer_at_80,absolute,20799,2981,image,0.3730187738270097,0.1170650431851912,0.2559537306418185,0.23783958571347408,0.2737239679206425,0.95,5000,0.009269597021928401
__pooled__,5,50,global_T_corrected,ece_adaptive,absolute,20799,2981,image,0.011023181462793416,0.06993856801927198,-0.058915386556478565,-0.06579192932196101,-0.04766557106494632,0.95,5000,0.004648569583561377
__pooled__,5,50,oracle_T_K,e_aurc,absolute,20799,2981,image,0.042764953501857425,0.1328976277448236,-0.09013267424296618,-0.09608886724756167,-0.0840994118301165,0.95,5000,0.003101089701888079
__pooled__,5,50,oracle_T_K,e_aurc,relative,20799,2981,image,0.042764953501857425,0.1328976277448236,-0.6782113102577699,-0.7008949313632219,-0.6532290796950292,0.95,5000,0.01231829264200464
__pooled__,5,50,oracle_T_K,auroc_correct,absolute,20799,2981,image,0.8355188364228939,0.7821558509866235,0.05336298543627038,0.043554573633330484,0.0631953402144227,0.95,5000,0.0050768099553802565
__pooled__,5,50,oracle_T_K,rer_at_50,absolute,20799,2981,image,0.7931873731289094,0.34205010338441244,0.45113726974449697,0.42730516035190086,0.47524014718192215,0.95,5000,0.012302832029153759
__pooled__,5,50,oracle_T_K,rer_at_80,absolute,20799,2981,image,0.3743596233269517,0.11768341714817591,0.2566762061787758,0.23723190603374705,0.2730054740394059,0.95,5000,0.00929183629476591
__pooled__,5,50,oracle_T_K,ece_adaptive,absolute,20799,2981,image,0.0116588300286282,0.04774361456188194,-0.03608478453325374,-0.04323427176766634,-0.02601724526155478,0.95,5000,0.004423193482458064
