eval_split,K,variant,denominator,n,accuracy,aurc,aurc_oracle,e_aurc,auroc_correct,auprc_correct,rer_at_50,rer_at_80,rer_at_90,rer_at_95
val_select,5,native,common,5282,0.77300265051117,0.07443056416742214,0.02797019146580465,0.046460372701617486,0.8253538900998607,0.9437358732983813,0.7748123436196832,0.3495194567803188,0.17897995910910192,0.0948777894159838
val_select,5,global_T_corrected,common,5282,0.77300265051117,0.07446180661443566,0.02797019146580465,0.04649161514863101,0.8252742253780346,0.9436970828056783,0.7731442869057547,0.3484770200123386,0.17619998154400843,0.0948777894159838
val_select,5,oracle_T_K,common,5282,0.77300265051117,0.07447293578175025,0.02797019146580465,0.0465027443159456,0.8252348015541566,0.9436840884857621,0.7731442869057547,0.3484770200123386,0.17527332235564427,0.0948777894159838
val_select,10,native,common,5282,0.6539189700870882,0.1470117883931278,0.06831466960324373,0.07869711878988409,0.8028383987613384,0.8922411310487116,0.6061269146608317,0.23762687168419738,0.1132150376189025,0.055644755466753
val_select,10,global_T_corrected,common,5282,0.6539189700870882,0.14716360166145162,0.06831466960324373,0.0788489320582079,0.8025278939586108,0.892039915050806,0.6028446389496719,0.23625938625224085,0.11139162782648068,0.05622058183537091
val_select,10,oracle_T_K,common,5282,0.6539189700870882,0.1471381016924307,0.06831466960324373,0.07882343208918696,0.8025826935820455,0.8920735090979734,0.6050328227571115,0.23625938625224085,0.11078382456234029,0.05622058183537091
val_select,20,native,common,5282,0.5384324119651647,0.22978060271931006,0.1282276882430628,0.10155291447624726,0.7970937333061039,0.8399901972125896,0.4864643150123052,0.1623024311005701,0.07806266852524,0.04064776157759884
val_select,20,global_T_corrected,common,5282,0.5384324119651647,0.23022969040021998,0.1282276882430628,0.10200200215715718,0.7962239921357688,0.8393418256125664,0.48400328137817883,0.16178976428973818,0.07851839632132254,0.04021600989514046
val_select,20,oracle_T_K,common,5282,0.5384324119651647,0.22995274466759338,0.1282276882430628,0.10172505642453059,0.796759206377227,0.8397422431335175,0.4856439704675965,0.16127709747890626,0.07851839632132254,0.04021600989514046
val_select,50,native,common,5282,0.41026126467247254,0.35475547494312515,0.22421191122832318,0.13054356371480197,0.7883216880079938,0.7469726248963688,0.34638844301765653,0.11765976728940088,0.057289527582078184,0.028151495706947686
val_select,50,global_T_corrected,common,5282,0.41026126467247254,0.3559963068008666,0.22421191122832318,0.1317843955725434,0.7866807008083458,0.7447368595430224,0.3457463884430176,0.11605478278242379,0.05621948164289793,0.02781357898083759
val_select,50,oracle_T_K,common,5282,0.41026126467247254,0.3546750707079571,0.22421191122832318,0.13046315947963394,0.788427018142412,0.7471180546021703,0.3457463884430176,0.11765976728940088,0.057289527582078184,0.028151495706947686
val_calib,5,native,common,5231,0.7847447906709998,0.06452277351703728,0.02503564486863727,0.03948712864840001,0.8420541600050192,0.9525660656971607,0.8028796014144408,0.3972312942060262,0.2115817753236621,0.11293355157588549
val_calib,5,global_T_corrected,common,5231,0.7847447906709998,0.06452713853285469,0.02503564486863727,0.03949149366421742,0.8420863955276998,0.9525586135041688,0.7993278825210074,0.40056150805019203,0.21256853154979047,0.11199881348481651
val_calib,5,oracle_T_K,common,5231,0.7847447906709998,0.06452976919643896,0.02503564486863727,0.039494124327801694,0.8420946166677123,0.9525546347475264,0.7993278825210074,0.39945143676880324,0.21256853154979047,0.11199881348481651
val_calib,10,native,common,5231,0.6767348499330912,0.1322063442640908,0.059016610621395516,0.07318973364269529,0.8056970769143388,0.9021660952903022,0.6085904961868646,0.2726545129284489,0.1379380165974396,0.06885714047740019
val_calib,10,global_T_corrected,common,5231,0.6767348499330912,0.1324743793224088,0.059016610621395516,0.07345776870101328,0.805051836408771,0.9018227806039096,0.6085904961868646,0.27191534068549017,0.1379380165974396,0.07010198387248402
val_calib,10,oracle_T_K,common,5231,0.6767348499330912,0.13244043511353548,0.059016610621395516,0.07342382449213997,0.8051367826345525,0.9018657121966486,0.6085904961868646,0.2711761684425311,0.13728095715887037,0.06947956217494194
val_calib,20,native,common,5231,0.5599311795067865,0.22127349854757317,0.11534155028214704,0.10593194826542612,0.7858832656686082,0.8378372292172513,0.47533922104698206,0.18010000134940565,0.09066513031776878,0.04670114518562272
val_calib,20,global_T_corrected,common,5231,0.5599311795067865,0.22195532175594584,0.11534155028214704,0.1066137714737988,0.7846740065120685,0.8368581052687566,0.47186464635192904,0.17901404108629226,0.09018246849734282,0.04715836286179286
val_calib,20,oracle_T_K,common,5231,0.5599311795067865,0.2215563687534466,0.11534155028214704,0.10621481847129954,0.7853756689968406,0.837432258873139,0.4736019336994556,0.18010000134940565,0.08969980667691711,0.04715836286179286
val_calib,50,native,common,5231,0.42687822596061936,0.34252853032091574,0.20973891309739973,0.132789617223516,0.7786277581083314,0.751940055027938,0.34302085692194395,0.1177873261584982,0.05494557969260737,0.02893370899177581
val_calib,50,global_T_corrected,common,5231,0.42687822596061936,0.34390330831679516,0.20973891309739973,0.13416439521939544,0.7765351553969253,0.7496300192955477,0.3396859374139334,0.11862117556666617,0.05494557969260737,0.02893370899177581
val_calib,50,oracle_T_K,common,5231,0.42687822596061936,0.34243849088365474,0.20973891309739973,0.13269957778625502,0.7787836315417922,0.752084081459631,0.34302085692194395,0.11820425086258218,0.05494557969260737,0.02893370899177581
testA,5,native,common,5646,0.8085370173574212,0.05190122583353367,0.01962556782578287,0.0322756580077508,0.8532989919479448,0.9620930292322207,0.8371877890841812,0.43688894887174073,0.24564360036565897,0.11490417150413774
testA,5,global_T_corrected,common,5646,0.8085370173574212,0.05181952458867543,0.01962556782578287,0.03219395676289256,0.8536501738178008,0.9621868388617604,0.8390379278445884,0.4357326633458104,0.24050493279321794,0.11587787428576117
testA,5,oracle_T_K,common,5646,0.8085370173574212,0.0518041728208291,0.01962556782578287,0.03217860499504623,0.8537192753859606,0.9622043194342552,0.8390379278445884,0.43920151992360207,0.24153266630770603,0.11490417150413774
testA,10,native,common,5646,0.706163655685441,0.10823778120657374,0.04815617457851551,0.060081606628058226,0.8239015347196048,0.9219192003635139,0.6949969861362266,0.3113626200557989,0.16693247023676094,0.08256773102580603
testA,10,global_T_corrected,common,5646,0.706163655685441,0.1082767853320571,0.04815617457851551,0.060120610753541595,0.8238297976561256,0.921867429676074,0.6925858951175405,0.3083488897278153,0.1649234649399041,0.08256773102580603
testA,10,oracle_T_K,common,5646,0.706163655685441,0.10826970651809775,0.04815617457851551,0.06011353193958224,0.8238521729678114,0.9218759594967191,0.6925858951175405,0.3083488897278153,0.1649234649399041,0.08256773102580603
testA,20,native,common,5646,0.6039674105561459,0.18103330572478765,0.0914910589076649,0.08954224681712275,0.8038651708381641,0.8693823616605113,0.5518783542039356,0.22353617005603563,0.10863238241673781,0.05569729422546661
testA,20,global_T_corrected,common,5646,0.6039674105561459,0.18168560149975616,0.0914910589076649,0.09019454259209125,0.8028836317470976,0.8684297376146205,0.5474060822898033,0.2252131977664978,0.10962610328360867,0.05663877249642837
testA,20,oracle_T_K,common,5646,0.6039674105561459,0.18129312353121652,0.0914910589076649,0.08980206462355161,0.8034740765610984,0.8690028645923529,0.5456171735241504,0.2229771608192151,0.10763866154986666,0.055226555089985876
testA,50,native,common,5646,0.4667020899752037,0.3004473138858453,0.17764097953364222,0.12280633435220306,0.7884160985935819,0.7836678473137868,0.39156426436399866,0.1419343743444724,0.0698172031163185,0.033772513461082516
testA,50,global_T_corrected,common,5646,0.4667020899752037,0.30191006143341703,0.17764097953364222,0.12426908189977481,0.7866136626172093,0.781162962315925,0.3889073397542345,0.14110412216676993,0.06834130815894648,0.034471665043238314
testA,50,oracle_T_K,common,5646,0.4667020899752037,0.300350515712727,0.17764097953364222,0.12270953617908475,0.7885336309559445,0.7838345921564398,0.3909000332115576,0.14276462652217503,0.0698172031163185,0.033772513461082516
testB,5,native,common,4640,0.7295258620689655,0.09930036718666439,0.04041052657904351,0.05888984060762088,0.8129954627575371,0.9256450192351092,0.7195219123505975,0.29083665338645426,0.1624612660469235,0.0857622143006918
testB,5,global_T_corrected,common,4640,0.7295258620689655,0.09927790425289855,0.04041052657904351,0.05886737767385504,0.8131877806352139,0.9256612327859552,0.7163346613545816,0.28884462151394424,0.15891987605135022,0.0866009645628012
testB,5,oracle_T_K,common,4640,0.7295258620689655,0.09927532593166102,0.04041052657904351,0.058864799352617514,0.8132279155166631,0.9256614075380422,0.7147410358565737,0.289840637450199,0.15891987605135022,0.0857622143006918
testB,10,native,common,4640,0.5956896551724138,0.20265574674796236,0.09572198009489347,0.10693376665306889,0.7750931292987204,0.8435917583766681,0.4722814498933902,0.19243070362473358,0.09618573797678269,0.050611603635955696
testB,10,global_T_corrected,common,4640,0.5956896551724138,0.2027076190206355,0.09572198009489347,0.10698563892574203,0.7751167539396259,0.8435015350940783,0.47334754797441364,0.1910980810234542,0.09677801468846245,0.05005049938278521
testB,10,oracle_T_K,common,4640,0.5956896551724138,0.20269184664321105,0.09572198009489347,0.10696986654831758,0.7751246609622963,0.8435266921424918,0.4722814498933902,0.1910980810234542,0.09618573797678269,0.05005049938278521
testB,20,native,common,4640,0.4814655172413793,0.3004943047152849,0.16662138643736207,0.1338729182779228,0.76794659129556,0.7714099123149069,0.37738985868661673,0.13549459684123025,0.06114343770204113,0.03311895699348135
testB,20,global_T_corrected,common,4640,0.4814655172413793,0.30117155630478715,0.16662138643736207,0.13455016986742507,0.7671648244354795,0.7702850805847171,0.3765586034912718,0.13497506234413972,0.06206705458575788,0.03399396246226548
testB,20,oracle_T_K,common,4640,0.4814655172413793,0.3007654408343031,0.16662138643736207,0.13414405439694105,0.7676136613107637,0.7709653493202476,0.37738985868661673,0.134455527847049,0.06114343770204113,0.033556459727873196
testB,50,native,common,4640,0.35258620689655173,0.43593291512489274,0.27985673071072253,0.1560761844141702,0.759288959463991,0.6679518044636988,0.25898801597869514,0.08996338215712371,0.044237313212013595,0.022005746723666692
testB,50,global_T_corrected,common,4640,0.35258620689655173,0.4370436143514188,0.27985673071072253,0.15718688364069627,0.7580059309673491,0.6657938787482826,0.2569906790945406,0.08788282290279636,0.0449770676135522,0.022005746723666692
testB,50,oracle_T_K,common,4640,0.35258620689655173,0.435852742773762,0.27985673071072253,0.15599601206303948,0.7593691296689988,0.6681136204278871,0.25832223701731016,0.08996338215712371,0.044237313212013595,0.022005746723666692
__pooled__,5,native,common,20799,0.775902687629213,0.07001023957671837,0.027228943959600516,0.042781295617117854,0.8354107589898103,0.9482521075300483,0.7931873731289094,0.37355511362698673,0.19310656759031541,0.1048206454280369
__pooled__,5,global_T_corrected,common,20799,0.775902687629213,0.06999522855452289,0.027228943959600516,0.04276628459492238,0.8355067916287032,0.9482671793178062,0.7936164449688907,0.3730187738270097,0.19358331407918378,0.10527229999643836
__pooled__,5,oracle_T_K,common,20799,0.775902687629213,0.06999389746145794,0.027228943959600516,0.042764953501857425,0.8355188364228939,0.9482683242000225,0.7931873731289094,0.3743596233269517,0.19358331407918378,0.10527229999643836
__pooled__,10,native,common,20799,0.6608490792826578,0.14223369356582713,0.06540754735950349,0.07682614620632364,0.8050619639195551,0.8954301738556778,0.6056327969946129,0.2538280500288979,0.12583354234367866,0.06530093472104744
__pooled__,10,global_T_corrected,common,20799,0.6608490792826578,0.14235122419814028,0.06540754735950349,0.07694367683863679,0.8048303360151687,0.8952727464723069,0.6067668507775186,0.25311926641458216,0.12614855728337465,0.06545015232406111
__pooled__,10,oracle_T_K,common,20799,0.6608490792826578,0.14233358559063156,0.06540754735950349,0.07692603823112806,0.8048678783418214,0.8952960216018787,0.6076173911146976,0.25329646231816116,0.12614855728337465,0.06530093472104744
__pooled__,20,native,common,20799,0.5489206211837108,0.2265595081243194,0.12183600201636646,0.10472350610795295,0.7922759496505667,0.8368177298039496,0.48115903202531857,0.17465596841537792,0.08493468466621848,0.04334278988018236
__pooled__,20,global_T_corrected,common,20799,0.5489206211837108,0.22715041569025618,0.12183600201636646,0.10531441367388972,0.7913415785571999,0.8359301320347178,0.48009321245265074,0.17425628607562765,0.08552680665103392,0.04379155601604235
__pooled__,20,oracle_T_K,common,20799,0.5489206211837108,0.22679875953451803,0.12183600201636646,0.10496275751815157,0.791896415804225,0.8364585438200165,0.48009321245265074,0.17425628607562765,0.08564523104799701,0.04367936448207747
__pooled__,50,native,common,20799,0.41689504303091496,0.35134183258577106,0.21835481897744335,0.1329870136083277,0.7820403766429146,0.7463456799266561,0.3417203039374873,0.11747729249384768,0.05695680370915355,0.02795952485231747
__pooled__,50,global_T_corrected,common,20799,0.41689504303091496,0.3526187105067513,0.21835481897744335,0.13426389152930795,0.7803499733667771,0.7440763068102927,0.3379276102978486,0.1170650431851912,0.05649874892175776,0.028133103508593982
__pooled__,50,oracle_T_K,common,20799,0.41689504303091496,0.35125244672226696,0.21835481897744335,0.1328976277448236,0.7821558509866235,0.7465057024575144,0.34205010338441244,0.11768341714817591,0.05714002562411194,0.02795952485231747
