cohort,K,seed,model,n,n_images,b3_accuracy,auroc_correct,e_aurc,rer_at_50,rer_at_80,aurc,aurc_oracle,ece_adaptive,brier_binary,nll_binary
m0,10,1,R1,7410,1189,0.7426450742240216,0.8396973915453086,0.046532072132290186,0.7745149449396959,0.34452018877818547,0.08292257983934187,0.036390507707051684,0.022585695794732057,0.13866087653188966,0.4153669766835726
m0,10,1,E1b,7410,1189,0.7426450742240216,0.8309480999113703,0.0503423345949061,0.7388568432092291,0.33534347142108034,0.08673284230195778,0.036390507707051684,0.041782912911880105,0.14383195604071075,0.4303122076410436
m0,10,1,Aggregate-MLP,7410,1189,0.7426450742240216,0.8350943343007546,0.04819247165060074,0.762978500262192,0.33599895123230206,0.08458297935765242,0.036390507707051684,0.01567301228743012,0.1401746121587304,0.4194022216607637
m0,10,1,LCR-noGate,7410,1189,0.7426450742240216,0.8364834798123653,0.04794235402746934,0.7640272679601467,0.33862087047718914,0.08433286173452102,0.036390507707051684,0.02669710815254494,0.14030032961748495,0.41984062500482705
m0,10,1,LCR,7410,1189,0.7426450742240216,0.8377073438800269,0.047544313680263364,0.7640272679601467,0.34976402726796,0.08393482138731505,0.036390507707051684,0.017761327481643885,0.1390069310386626,0.4171200377845796
m2,10,1,R1,7410,1189,0.5983805668016194,0.7796869770977927,0.10084091230647549,0.5047043010752688,0.18262768817204308,0.19517497345938703,0.09433406115291154,0.04002850592305376,0.18741852524764815,0.5475868126842633
m2,10,1,E1b,7410,1189,0.5983805668016194,0.7928679018677763,0.09600205495928285,0.5275537634408602,0.21496975806451607,0.1903361161121944,0.09433406115291154,0.03467429084689308,0.18208963874981848,0.537717194517689
m2,10,1,Aggregate-MLP,7410,1189,0.5983805668016194,0.7834031066756879,0.09947349692486163,0.5127688172043011,0.18640793010752696,0.19380755807777317,0.09433406115291154,0.04965237906547048,0.18695066228973733,0.5482892882198105
m2,10,1,LCR-noGate,7410,1189,0.5983805668016194,0.7921681980880877,0.09577464173271982,0.5134408602150538,0.2086693548387098,0.19010870288563136,0.09433406115291154,0.04415885706893429,0.1834629685994747,0.5403965199488446
m2,10,1,LCR,7410,1189,0.5983805668016194,0.7925891343649512,0.0958494457245585,0.5181451612903226,0.20446908602150524,0.19018350687747004,0.09433406115291154,0.055933814093611346,0.1847755873989055,0.5432324057494226
m4,10,1,R1,7410,1189,0.5614035087719298,0.7917079881656804,0.10183233188987945,0.4978461538461538,0.17961538461538468,0.21632195151945222,0.11448961962957277,0.03550128908680522,0.1848326102322999,0.5433633710955831
m4,10,1,E1b,7410,1189,0.5614035087719298,0.8222368343195267,0.08900036890012938,0.5446153846153846,0.21307692307692325,0.20348998852970215,0.11448961962957277,0.026928895981377876,0.17112818428964421,0.5130891194621319
m4,10,1,Aggregate-MLP,7410,1189,0.5614035087719298,0.8014267381656804,0.09818067143576878,0.5126153846153846,0.19576923076923092,0.21267029106534155,0.11448961962957277,0.041676796220655205,0.18155769799444493,0.5373017779980687
m4,10,1,LCR-noGate,7410,1189,0.5614035087719298,0.8257025887573964,0.08745196134179359,0.5526153846153847,0.21615384615384609,0.20194158097136636,0.11448961962957277,0.03201242386741758,0.17007772750392008,0.5105606325377938
m4,10,1,LCR,7410,1189,0.5614035087719298,0.8268057692307692,0.08722283365061317,0.5569230769230771,0.22076923076923088,0.20171245328018594,0.11448961962957277,0.05216141730677663,0.1717400022206273,0.5137639355555549
m8,10,1,R1,7410,1189,0.5411605937921727,0.8193648232360276,0.08890796691889621,0.5376470588235295,0.18014705882352935,0.21545355613104658,0.12654558921215037,0.028616266933000723,0.1717966395592675,0.5127916809931905
m8,10,1,E1b,7410,1189,0.5411605937921727,0.8733395921959807,0.06402453689933596,0.638235294117647,0.2312500000000001,0.19057012611148633,0.12654558921215037,0.04592021520142151,0.14627660508881166,0.4517139277550755
m8,10,1,Aggregate-MLP,7410,1189,0.5411605937921727,0.8388629895848614,0.0800751243178972,0.568235294117647,0.2066176470588235,0.20662071353004757,0.12654558921215037,0.03284628038745821,0.1635360687736088,0.4933839445063323
m8,10,1,LCR-noGate,7410,1189,0.5411605937921727,0.8742055889687546,0.06453038222544344,0.6335294117647059,0.23933823529411763,0.1910759714375938,0.12654558921215037,0.04693166842576061,0.1464919072976135,0.45242801938467797
m8,10,1,LCR,7410,1189,0.5411605937921727,0.8726414845239842,0.06536243581302859,0.6282352941176471,0.24154411764705888,0.19190802502517895,0.12654558921215037,0.05010721975517697,0.1483466003199511,0.4561891644546237
m0,10,2,R1,7410,1189,0.7410256410256411,0.8413579129769316,0.04635561228781385,0.7926003126628453,0.3414538822303282,0.08322972833331607,0.036874116045502225,0.022544564065374563,0.13848785561469332,0.415157551662585
m0,10,2,E1b,7410,1189,0.7410256410256411,0.8345904791477912,0.04932035084844798,0.7477853048462741,0.34666492965085977,0.0861944668939502,0.036874116045502225,0.03779460577649563,0.14253150317888744,0.42647207975510776
m0,10,2,Aggregate-MLP,7410,1189,0.7410256410256411,0.8393346580965451,0.04705075914067754,0.7832204273058886,0.3381969775924962,0.08392487518617976,0.036874116045502225,0.022581639216255084,0.1392054187121837,0.41661766709774867
m0,10,2,LCR-noGate,7410,1189,0.7410256410256411,0.8383480609560635,0.04764512129892513,0.778009379885357,0.3421052631578946,0.08451923734442736,0.036874116045502225,0.024355505378200453,0.13955981198822223,0.4179539589600613
m0,10,2,LCR,7410,1189,0.7410256410256411,0.8398268652982677,0.04725140676234793,0.7821782178217821,0.34471078686816053,0.08412552280785016,0.036874116045502225,0.01619209405864298,0.1381448323947541,0.41493182652114496
m2,10,2,R1,7410,1189,0.5997300944669366,0.7790514975300632,0.10105098892081793,0.4969656102494943,0.18324342548887398,0.19469355004011085,0.09364256111929292,0.03386437706791294,0.18730346927223498,0.5474996883912815
m2,10,2,E1b,7410,1189,0.5997300944669366,0.7927821187378347,0.09589470314527851,0.5306810519217803,0.20557990559676317,0.18953726426457143,0.09364256111929292,0.02887580340398955,0.1817916785596137,0.5362261435635712
m2,10,2,Aggregate-MLP,7410,1189,0.5997300944669366,0.7815127854660044,0.1002244595261691,0.49629130141604844,0.1925151719487525,0.19386702064546202,0.09364256111929292,0.03199001592301164,0.1860879561399829,0.5450424776641039
m2,10,2,LCR-noGate,7410,1189,0.5997300944669366,0.7944868197204077,0.09507233826230904,0.5293324342548887,0.20979433580579915,0.18871489938160196,0.09364256111929292,0.04433875793136163,0.18239709826240486,0.5384688807738259
m2,10,2,LCR,7410,1189,0.5997300944669366,0.7944618973023398,0.09505459332055327,0.521915037086986,0.20515846257585962,0.1886971544398462,0.09364256111929292,0.061608206365111724,0.18446907405068066,0.5430538101915525
m4,10,2,R1,7410,1189,0.5662618083670715,0.7892215776663465,0.10279427307265082,0.48537647790914745,0.1766490354698196,0.21450008280875443,0.11170580973610361,0.021544160003442128,0.18465888694342103,0.5428306931667317
m4,10,2,E1b,7410,1189,0.5662618083670715,0.8216221274535916,0.0891486428658303,0.5550715619166147,0.21865276913503431,0.2008544526019339,0.11170580973610361,0.021684529785212073,0.17129152323962016,0.5129066162298996
m4,10,2,Aggregate-MLP,7410,1189,0.5662618083670715,0.795900012635378,0.10032036437839631,0.49906658369632845,0.18598319850653383,0.21202617411449992,0.11170580973610361,0.026718922826120883,0.18268023506287287,0.5388841681426186
m4,10,2,LCR-noGate,7410,1189,0.5662618083670715,0.8274639876897012,0.08658523696637507,0.553827006845053,0.22993154947106414,0.19829104670247868,0.11170580973610361,0.03266895198025684,0.1690176394163487,0.5076270162582474
m4,10,2,LCR,7410,1189,0.5662618083670715,0.8255565943325881,0.0878791009657075,0.5569383945239578,0.22837585563161159,0.1995849107018111,0.11170580973610361,0.0533708691556766,0.17221954983157622,0.5160012695667758
m8,10,2,R1,7410,1189,0.543859649122807,0.8145634809931431,0.09151689925760384,0.5171597633136094,0.18158284023668633,0.21641188234827888,0.12489498309067504,0.02440483773870974,0.17440133432599644,0.5183588786287001
m8,10,2,E1b,7410,1189,0.543859649122807,0.8687405112543498,0.06628743642477986,0.6224852071005916,0.231878698224852,0.1911824195154549,0.12489498309067504,0.04758876108502036,0.14919623313175276,0.4586927128075372
m8,10,2,Aggregate-MLP,7410,1189,0.543859649122807,0.829716622373618,0.08461092903270215,0.5467455621301774,0.19674556213017755,0.20950591212337719,0.12489498309067504,0.04162136908927268,0.16871247622911614,0.505737059005751
m8,10,2,LCR-noGate,7410,1189,0.543859649122807,0.8673587883771124,0.0682685255669167,0.6272189349112425,0.2337278106508876,0.19316350865759174,0.12489498309067504,0.04339010017885048,0.14963978195166663,0.4604809854388047
m8,10,2,LCR,7410,1189,0.543859649122807,0.864720880379403,0.06961846308132413,0.6201183431952663,0.23409763313609466,0.19451344617199917,0.12489498309067504,0.04716141005316886,0.152239088124648,0.46747246343028565
m0,10,3,R1,7410,1189,0.7427800269905533,0.8393377743783401,0.047024055978613505,0.7733473242392447,0.3487670514165791,0.08337442249980795,0.036350366521194444,0.022622569216613715,0.13864933113590322,0.41641552033959905
m0,10,3,E1b,7410,1189,0.7427800269905533,0.8273697541728691,0.051992790567114935,0.7345225603357819,0.33040398740818455,0.08834315708830938,0.036350366521194444,0.038484038239817435,0.14367699385582686,0.43154049931490085
m0,10,3,Aggregate-MLP,7410,1189,0.7427800269905533,0.8354825222980063,0.0484384264598047,0.7576075550891921,0.339585519412382,0.08478879298099914,0.036350366521194444,0.01839813471202427,0.1398026174623772,0.41948390348080145
m0,10,3,LCR-noGate,7410,1189,0.7427800269905533,0.8316938058212743,0.04992967011148379,0.746065057712487,0.33105981112277005,0.08628003663267823,0.036350366521194444,0.019847041411720005,0.1410971048608643,0.42349811639245594
m0,10,3,LCR,7410,1189,0.7427800269905533,0.8349275505441812,0.04882940775868018,0.7586568730325287,0.3356505771248688,0.08517977427987462,0.036350366521194444,0.01824362643173671,0.1394658802082276,0.41964298188088117
m2,10,3,R1,7410,1189,0.6037786774628879,0.7740807773402243,0.10266733355420576,0.508174386920981,0.18000681198910096,0.19425358779199015,0.09158625423778438,0.034715396854761056,0.1884006961949068,0.5501734618043911
m2,10,3,E1b,7410,1189,0.6037786774628879,0.7881817013589872,0.0975782999773751,0.5279291553133516,0.204274523160763,0.18916455421515949,0.09158625423778438,0.03352383452004061,0.1831552103848884,0.5394322347618962
m2,10,3,Aggregate-MLP,7410,1189,0.6037786774628879,0.7782488574616403,0.10103678390780921,0.5143051771117166,0.18341280653950973,0.1926230381455936,0.09158625423778438,0.03968985336311113,0.18744834025918858,0.5486722182594412
m2,10,3,LCR-noGate,7410,1189,0.6037786774628879,0.7869085262838635,0.09753107929150182,0.5163487738419619,0.20172002724795665,0.1891173335292862,0.09158625423778438,0.04551061295606349,0.18469875878597483,0.542001881950945
m2,10,3,LCR,7410,1189,0.6037786774628879,0.7869907071313639,0.09784991683516747,0.5163487738419619,0.20470027247956407,0.18943617107295185,0.09158625423778438,0.052498981682395154,0.1859381186874186,0.547141775579356
m4,10,3,R1,7410,1189,0.5662618083670715,0.7915285722675401,0.10168776991286088,0.4971997510889856,0.1863721219663969,0.2133935796489645,0.11170580973610361,0.033555519467455205,0.18471863218394957,0.5425330949549856
m4,10,3,E1b,7410,1189,0.5662618083670715,0.8213984130439812,0.08862353759447697,0.5395146235220909,0.22254200373366528,0.20032934733058058,0.11170580973610361,0.02191022051250561,0.17152509212684072,0.5121432781369633
m4,10,3,Aggregate-MLP,7410,1189,0.5662618083670715,0.799681727879042,0.09847195303737782,0.507156191661481,0.1933727442439327,0.21017776277348144,0.11170580973610361,0.03491910390364816,0.18180614426122116,0.5365228771475254
m4,10,3,LCR-noGate,7410,1189,0.5662618083670715,0.8241430855711696,0.08786920618113664,0.5432482887367766,0.229153702551338,0.19957501591724025,0.11170580973610361,0.03255670569716436,0.17081848420494053,0.5110146402001902
m4,10,3,LCR,7410,1189,0.5662618083670715,0.8225939541199341,0.08890444820124041,0.5469819539514625,0.22837585563161159,0.20061025793734402,0.11170580973610361,0.05164676762101784,0.17319749951876587,0.5180658050872287
m8,10,3,R1,7410,1189,0.5456140350877193,0.8159820539241761,0.09077941993121297,0.5325215325215324,0.18770418770418767,0.21460869619445594,0.12382927626324297,0.023763053268294743,0.173384368540868,0.5161002031131462
m8,10,3,E1b,7410,1189,0.5456140350877193,0.8685356798144332,0.0658731930327833,0.6293436293436294,0.2315117315117315,0.18970246929602627,0.12382927626324297,0.04000075767161503,0.14866095815482497,0.45712666790310796
m8,10,3,Aggregate-MLP,7410,1189,0.5456140350877193,0.8292324691038517,0.08452276042522863,0.5580635580635579,0.19438669438669437,0.2083520366884716,0.12382927626324297,0.03348189504482808,0.1681066447600525,0.5045775689762921
m8,10,3,LCR-noGate,7410,1189,0.5456140350877193,0.8702016142035929,0.06661715215630784,0.6329076329076329,0.2393079893079892,0.1904464284195508,0.12382927626324297,0.04254330647166683,0.1478888415358308,0.4558791535514555
m8,10,3,LCR,7410,1189,0.5456140350877193,0.8676801602846619,0.06789706058187156,0.6251856251856251,0.24116424116424115,0.19172633684511453,0.12382927626324297,0.043483851414661503,0.15034554149958654,0.46242401544314155
