eval_split,variant,K_a,K_b,n,n_clusters,auroc_a,auroc_b,diff,ci_low,ci_high
__pooled__,native,5,10,20799,2981,0.7371840703565447,0.7320652849033655,-0.00511878545317912,-0.01268481998343806,0.0026439297288728437
__pooled__,global_T_corrected,5,10,20799,2981,0.7413411832480435,0.7328162733559876,-0.008524909892055899,-0.01586158723286626,-0.0009799430876813319
__pooled__,oracle_T_K,5,10,20799,2981,0.7411945141965143,0.7330181441359895,-0.00817637006052474,-0.01552614803621829,-0.0006631232997771833
__pooled__,native,5,20,20799,2981,0.7371840703565447,0.738831771448337,0.001647701091792353,-0.007781209388741958,0.01136655727006351
__pooled__,global_T_corrected,5,20,20799,2981,0.7413411832480435,0.7329312870208611,-0.008409896227182467,-0.017867081900052355,0.0013328995496568016
__pooled__,oracle_T_K,5,20,20799,2981,0.7411945141965143,0.7336824116149863,-0.007512102581528013,-0.016938685971371784,0.002196441702548351
__pooled__,native,5,50,20799,2981,0.7371840703565447,0.754405156440776,0.01722108608423134,0.005540218147279272,0.029315785589183685
__pooled__,global_T_corrected,5,50,20799,2981,0.7413411832480435,0.7366082165576419,-0.004732966690401685,-0.016414230580263194,0.007563546800773381
__pooled__,oracle_T_K,5,50,20799,2981,0.7411945141965143,0.7385430437932855,-0.002651470403228773,-0.014256666954989696,0.009578048845870818
