cohort,K,seed,metric,diff,ci_low,ci_high
Random-K5,5,1,auroc_correct,-0.0020869336857443077,-0.004344275586226667,2.659183327615124e-05
Random-K5,5,1,e_aurc,0.00035442498902208547,-0.00016898640124606717,0.0009082971940658494
Random-K5,5,1,rer_at_50,0.010978956999085132,-0.004384805638044806,0.02014698179913603
SameCategory-K5,5,1,auroc_correct,-0.02961583452484684,-0.03257433510790434,-0.026711797701504947
SameCategory-K5,5,1,e_aurc,0.011213554884148685,0.009962712369618305,0.012516186722163267
SameCategory-K5,5,1,rer_at_50,-0.040158589239911224,-0.05263180306829954,-0.02688398870786318
Random-K5,5,2,auroc_correct,-0.0001355631363660903,-0.00023236152471071132,-3.546768494253897e-05
Random-K5,5,2,e_aurc,3.627434031511223e-05,1.0570431476497987e-05,6.135298932135495e-05
Random-K5,5,2,rer_at_50,0.0009216589861751334,-0.0027815107361776913,0.0035103415896527317
SameCategory-K5,5,2,auroc_correct,-0.0003157358329239912,-0.000439295727208272,-0.00018309018045004625
SameCategory-K5,5,2,e_aurc,0.0001281647096151861,6.88146999444167e-05,0.00018458503987304404
SameCategory-K5,5,2,rer_at_50,-0.0005533451044327231,-0.003963816053307853,0.0026786378324426888
Random-K5,5,3,auroc_correct,3.844734031366315e-06,-4.056278688640278e-05,4.833933465442084e-05
Random-K5,5,3,e_aurc,-5.305583437198447e-06,-1.6608090767193313e-05,5.802588698381425e-06
Random-K5,5,3,rer_at_50,0.0,-0.0019588830904827656,0.0019120687495260632
SameCategory-K5,5,3,auroc_correct,-0.00031000334361253046,-0.00037160235631384655,-0.0002506248271594292
SameCategory-K5,5,3,e_aurc,0.00011581386056161436,8.981738663073197e-05,0.00014213447075964376
SameCategory-K5,5,3,rer_at_50,0.0,-0.0028063315248067237,0.001575399434224767
