backbone,scorer,feature,direction,mean_hard,mean_rand,diff,ci_low,ci_high,correct_direction,ci_excludes_0,n,n_clusters
b1,b3_seed1,winner_competitor_max_cos,up,0.7763072542069381,0.7240236430766851,0.05228361113025304,0.04705429520375427,0.057430966518800364,True,True,9487,1424
b1,b3_seed1,winner_top2_cos,up,0.7256400141838918,0.6768089511230672,0.04883106306082463,0.04357272573990865,0.05412161685169471,True,True,9487,1424
b1,b3_seed1,q_margin12,down,0.025931738582894836,0.031146566371020184,-0.005214827788125348,-0.006696705462980055,-0.003751233544575781,True,True,9487,1424
b1,b3_seed2,winner_competitor_max_cos,up,0.7756964421047206,0.7240490160883206,0.05164742601639993,0.046383781970379054,0.056794904657619875,True,True,9487,1424
b1,b3_seed2,winner_top2_cos,up,0.7268452706668617,0.6783045637282423,0.04854070693861934,0.0432530779261289,0.05386970398808195,True,True,9487,1424
b1,b3_seed2,q_margin12,down,0.0267053751856847,0.03164002725640272,-0.004934652070718019,-0.006441513049474348,-0.003466195659288012,True,True,9487,1424
b1,b3_seed3,winner_competitor_max_cos,up,0.7756111998666572,0.7239991069462252,0.05161209292043201,0.04644196338719124,0.056790368667143744,True,True,9487,1424
b1,b3_seed3,winner_top2_cos,up,0.7280009288021303,0.6783049491761967,0.04969597962593364,0.04426312883113897,0.055257605055994335,True,True,9487,1424
b1,b3_seed3,q_margin12,down,0.02648167319860892,0.03126158041507754,-0.004779907216468617,-0.006238489730761376,-0.0033186343816884287,True,True,9487,1424
