family,K,seed,role,path,sha256,file_size,row_count_from_metadata_if_available,row_count_source
RPN,5,seed1,prediction_artifact,results/v2_proposal_robustness/predictions/p1__RPN__random_k5__b3_seed1.npz,0f721d6656bdb24fa464194dc144cf24394b32aab7515cd7356a9508070bcbbe,1920708,10286,published c1_point.csv 'n' column (common-K50 cohort rows for this family/seed/K); the npz's own row count is DEFERRED to the result round - no prediction array was loaded in the freeze round
RPN,5,seed2,prediction_artifact,results/v2_proposal_robustness/predictions/p1__RPN__random_k5__b3_seed2.npz,bc3b78e7e6df70a878fd1b7da2a5ba0ec6f6f974c84e4c6c1e77884d7e59e847,1920708,10286,published c1_point.csv 'n' column (common-K50 cohort rows for this family/seed/K); the npz's own row count is DEFERRED to the result round - no prediction array was loaded in the freeze round
RPN,5,seed3,prediction_artifact,results/v2_proposal_robustness/predictions/p1__RPN__random_k5__b3_seed3.npz,b70f7b6ce9e9de227925422dcaeb42b7c1f157eada1c53246940d118f38cd751,1920708,10286,published c1_point.csv 'n' column (common-K50 cohort rows for this family/seed/K); the npz's own row count is DEFERRED to the result round - no prediction array was loaded in the freeze round
RPN,50,seed1,prediction_artifact,results/v2_proposal_robustness/predictions/p1__RPN__random_k50__b3_seed1.npz,e484809bd9a3ecd73e872d4856482d5b979409353339f8cb7a5ad11cb8fade72,1895132,10286,published c1_point.csv 'n' column (common-K50 cohort rows for this family/seed/K); the npz's own row count is DEFERRED to the result round - no prediction array was loaded in the freeze round
RPN,50,seed2,prediction_artifact,results/v2_proposal_robustness/predictions/p1__RPN__random_k50__b3_seed2.npz,3c1ca11502ad6df11e9204a4ab498c52d48f4df182b18844d6cf7086ab365b3d,1895132,10286,published c1_point.csv 'n' column (common-K50 cohort rows for this family/seed/K); the npz's own row count is DEFERRED to the result round - no prediction array was loaded in the freeze round
RPN,50,seed3,prediction_artifact,results/v2_proposal_robustness/predictions/p1__RPN__random_k50__b3_seed3.npz,46017eb90d0a81a7b6da49fe543d6cdd261510fced150b279db7fd4373ef7e38,1895132,10286,published c1_point.csv 'n' column (common-K50 cohort rows for this family/seed/K); the npz's own row count is DEFERRED to the result round - no prediction array was loaded in the freeze round
DETR,5,seed1,prediction_artifact,results/v2_proposal_robustness/predictions/p1__DETR__random_k5__b3_seed1.npz,335c34a29a9450f2f75d9c427fce1f5105ffc1c937445f55a7892f0926b5a523,1953092,9665,published c1_point.csv 'n' column (common-K50 cohort rows for this family/seed/K); the npz's own row count is DEFERRED to the result round - no prediction array was loaded in the freeze round
DETR,5,seed2,prediction_artifact,results/v2_proposal_robustness/predictions/p1__DETR__random_k5__b3_seed2.npz,f0e1391b57f1943ce606ff0ae128e3c897d34deba883037bc995f9257a907f12,1953092,9665,published c1_point.csv 'n' column (common-K50 cohort rows for this family/seed/K); the npz's own row count is DEFERRED to the result round - no prediction array was loaded in the freeze round
DETR,5,seed3,prediction_artifact,results/v2_proposal_robustness/predictions/p1__DETR__random_k5__b3_seed3.npz,8464221ea8360e1c37b3a0a4bc144ff9142a8d14662266f7a039eaad3e0a5fd8,1953092,9665,published c1_point.csv 'n' column (common-K50 cohort rows for this family/seed/K); the npz's own row count is DEFERRED to the result round - no prediction array was loaded in the freeze round
DETR,50,seed1,prediction_artifact,results/v2_proposal_robustness/predictions/p1__DETR__random_k50__b3_seed1.npz,62c880ba1fa1aa33c9174dfa30962b4ae736965355f9c65d35a05b4d656d6509,1780868,9665,published c1_point.csv 'n' column (common-K50 cohort rows for this family/seed/K); the npz's own row count is DEFERRED to the result round - no prediction array was loaded in the freeze round
DETR,50,seed2,prediction_artifact,results/v2_proposal_robustness/predictions/p1__DETR__random_k50__b3_seed2.npz,0ec96483754567e6d5cbf684b03812a65b929365ff31177c5109a9098ac59cc5,1780868,9665,published c1_point.csv 'n' column (common-K50 cohort rows for this family/seed/K); the npz's own row count is DEFERRED to the result round - no prediction array was loaded in the freeze round
DETR,50,seed3,prediction_artifact,results/v2_proposal_robustness/predictions/p1__DETR__random_k50__b3_seed3.npz,308605ec24e75e35380678d1547948cfbfb06ec8c4c6c96723a12620da849e86,1780868,9665,published c1_point.csv 'n' column (common-K50 cohort rows for this family/seed/K); the npz's own row count is DEFERRED to the result round - no prediction array was loaded in the freeze round
GDINO,5,seed1,prediction_artifact,results/v2_proposal_robustness/predictions/p1__GDINO__random_k5__b3_seed1.npz,ba8f986e48e4452b10a74a3a9fbfad636fc3e1bae32d0f3564f9285241f15c3a,1943156,10402,published c1_point.csv 'n' column (common-K50 cohort rows for this family/seed/K); the npz's own row count is DEFERRED to the result round - no prediction array was loaded in the freeze round
GDINO,5,seed2,prediction_artifact,results/v2_proposal_robustness/predictions/p1__GDINO__random_k5__b3_seed2.npz,fd2b3980a824b3e71e469f64b42d3f504e51200c965468eb8cc76fc699f5112b,1943156,10402,published c1_point.csv 'n' column (common-K50 cohort rows for this family/seed/K); the npz's own row count is DEFERRED to the result round - no prediction array was loaded in the freeze round
GDINO,5,seed3,prediction_artifact,results/v2_proposal_robustness/predictions/p1__GDINO__random_k5__b3_seed3.npz,3248450fba426348c4d7e01498fc357cda9fcbf32546fd6eebceec9d32254e86,1943156,10402,published c1_point.csv 'n' column (common-K50 cohort rows for this family/seed/K); the npz's own row count is DEFERRED to the result round - no prediction array was loaded in the freeze round
GDINO,50,seed1,prediction_artifact,results/v2_proposal_robustness/predictions/p1__GDINO__random_k50__b3_seed1.npz,00baecd0c31e4f12adac818bde64960f7d9ba621f47302a40ab7d0cc7f8673ec,1916476,10402,published c1_point.csv 'n' column (common-K50 cohort rows for this family/seed/K); the npz's own row count is DEFERRED to the result round - no prediction array was loaded in the freeze round
GDINO,50,seed2,prediction_artifact,results/v2_proposal_robustness/predictions/p1__GDINO__random_k50__b3_seed2.npz,91770ff7449e4f99e445d67dfe993069ecfc4002c79b05c6bae26eb4098586ed,1916476,10402,published c1_point.csv 'n' column (common-K50 cohort rows for this family/seed/K); the npz's own row count is DEFERRED to the result round - no prediction array was loaded in the freeze round
GDINO,50,seed3,prediction_artifact,results/v2_proposal_robustness/predictions/p1__GDINO__random_k50__b3_seed3.npz,2fbc8895b9283d59e99bf5a0c8e56a02dccfb27ba68737e2ea90b8d0805fa5c3,1916476,10402,published c1_point.csv 'n' column (common-K50 cohort rows for this family/seed/K); the npz's own row count is DEFERRED to the result round - no prediction array was loaded in the freeze round
ALL,"5,10,20,50","seed1,seed2,seed3,mean",published_reference,results/v2_proposal_robustness/p2_c1_gdino/c1_point.csv,ef02bf2e6ee10fb513a1fc502cd56bb2b8f99321a3496de0e5c6d83b5ed9f70a,6835,48,line count of the published C1 point table (file metadata; 48 data rows = 3 families x (3 seeds + mean) x 4 K values)
