backbone,seed,level,auroc_e_random,auroc_r2_v2g,abs_delta,candidate_sha256
b2,1,m0,0.8506178444047022,0.8506178444047022,0.0,2074c6c2c34a9f64c7d5d68cb26bad0e3ad4dce0142a2e3196b02ab9e320630e
b2,1,m2,0.6774435622693908,0.6774433385941744,2.2367521645971777e-07,df26750ab1804c35bfd91f3538ea6eee208cee6d7a1dced6603e489cfe8fed0e
b2,1,m4,0.7056621188629755,0.705661960598679,1.5826429644594242e-07,3b2000dbb67b27ac25c559303f3f4c47c85d513a02541cddb8fadd08fe4e1d1d
b2,1,m8,0.7546758439066131,0.754675760829607,8.307700616327907e-08,b8c8ecdff4ab0d384b6a75174d9d477619f1be1bab13a6e4343997d8f0d0fdf4
b2,2,m0,0.8459601051054042,0.8459601936525013,8.85470970990454e-08,2074c6c2c34a9f64c7d5d68cb26bad0e3ad4dce0142a2e3196b02ab9e320630e
b2,2,m2,0.6797617790142818,0.6797617790142818,0.0,df26750ab1804c35bfd91f3538ea6eee208cee6d7a1dced6603e489cfe8fed0e
b2,2,m4,0.6982678294935072,0.6982684569011349,6.274076277401619e-07,3b2000dbb67b27ac25c559303f3f4c47c85d513a02541cddb8fadd08fe4e1d1d
b2,2,m8,0.738634604303111,0.7386343573791457,2.469239652747035e-07,b8c8ecdff4ab0d384b6a75174d9d477619f1be1bab13a6e4343997d8f0d0fdf4
b2,3,m0,0.8483378311432752,0.8483378311432752,0.0,2074c6c2c34a9f64c7d5d68cb26bad0e3ad4dce0142a2e3196b02ab9e320630e
b2,3,m2,0.6915851688551871,0.691585465924281,2.9706909399074277e-07,df26750ab1804c35bfd91f3538ea6eee208cee6d7a1dced6603e489cfe8fed0e
b2,3,m4,0.7227653456740858,0.722765188967445,1.5670664077482854e-07,3b2000dbb67b27ac25c559303f3f4c47c85d513a02541cddb8fadd08fe4e1d1d
b2,3,m8,0.7662182578339574,0.7662183398889828,8.205502544100796e-08,b8c8ecdff4ab0d384b6a75174d9d477619f1be1bab13a6e4343997d8f0d0fdf4
