image_id,file_name,source,archive_width,archive_height,decoded_width,decoded_height,verdict
735,COCO_train2014_000000000735.jpg,refcocog_download,640,361,640,361,OK
1822,COCO_train2014_000000001822.jpg,refcocog_download,640,480,640,480,OK
1966,COCO_train2014_000000001966.jpg,refcocog_download,640,480,640,480,OK
3259,COCO_train2014_000000003259.jpg,refcocog_download,640,479,640,479,OK
4490,COCO_train2014_000000004490.jpg,refcocog_download,427,640,427,640,OK
4704,COCO_train2014_000000004704.jpg,refcocog_download,427,640,427,640,OK
4993,COCO_train2014_000000004993.jpg,frozen_refcoco_plus_bank,640,494,640,494,OK
5215,COCO_train2014_000000005215.jpg,frozen_refcoco_plus_bank,640,474,640,474,OK
5782,COCO_train2014_000000005782.jpg,refcocog_download,640,480,640,480,OK
6338,COCO_train2014_000000006338.jpg,refcocog_download,640,480,640,480,OK
6352,COCO_train2014_000000006352.jpg,refcocog_download,640,425,640,425,OK
6447,COCO_train2014_000000006447.jpg,refcocog_download,640,427,640,427,OK
7035,COCO_train2014_000000007035.jpg,refcocog_download,640,379,640,379,OK
8649,COCO_train2014_000000008649.jpg,refcocog_download,480,640,480,640,OK
8657,COCO_train2014_000000008657.jpg,frozen_refcoco_plus_bank,640,453,640,453,OK
9226,COCO_train2014_000000009226.jpg,refcocog_download,640,425,640,425,OK
9557,COCO_train2014_000000009557.jpg,refcocog_download,500,375,500,375,OK
10621,COCO_train2014_000000010621.jpg,refcocog_download,500,327,500,327,OK
10728,COCO_train2014_000000010728.jpg,refcocog_download,640,480,640,480,OK
10881,COCO_train2014_000000010881.jpg,frozen_refcoco_plus_bank,640,480,640,480,OK
10936,COCO_train2014_000000010936.jpg,refcocog_download,640,480,640,480,OK
11244,COCO_train2014_000000011244.jpg,refcocog_download,473,500,473,500,OK
11618,COCO_train2014_000000011618.jpg,refcocog_download,640,425,640,425,OK
11661,COCO_train2014_000000011661.jpg,refcocog_download,640,428,640,428,OK
11697,COCO_train2014_000000011697.jpg,refcocog_download,480,640,480,640,OK
12145,COCO_train2014_000000012145.jpg,refcocog_download,640,480,640,480,OK
12664,COCO_train2014_000000012664.jpg,refcocog_download,640,416,640,416,OK
13045,COCO_train2014_000000013045.jpg,refcocog_download,640,480,640,480,OK
13355,COCO_train2014_000000013355.jpg,refcocog_download,640,427,640,427,OK
14676,COCO_train2014_000000014676.jpg,refcocog_download,640,478,640,478,OK
15151,COCO_train2014_000000015151.jpg,refcocog_download,426,640,426,640,OK
15485,COCO_train2014_000000015485.jpg,frozen_refcoco_plus_bank,640,480,640,480,OK
15851,COCO_train2014_000000015851.jpg,refcocog_download,640,444,640,444,OK
16166,COCO_train2014_000000016166.jpg,refcocog_download,429,640,429,640,OK
16735,COCO_train2014_000000016735.jpg,refcocog_download,640,480,640,480,OK
18276,COCO_train2014_000000018276.jpg,frozen_refcoco_plus_bank,640,427,640,427,OK
19096,COCO_train2014_000000019096.jpg,refcocog_download,500,331,500,331,OK
21070,COCO_train2014_000000021070.jpg,refcocog_download,640,450,640,450,OK
21268,COCO_train2014_000000021268.jpg,refcocog_download,640,480,640,480,OK
21678,COCO_train2014_000000021678.jpg,refcocog_download,640,480,640,480,OK
22223,COCO_train2014_000000022223.jpg,refcocog_download,640,427,640,427,OK
23450,COCO_train2014_000000023450.jpg,refcocog_download,640,427,640,427,OK
23539,COCO_train2014_000000023539.jpg,frozen_refcoco_plus_bank,640,480,640,480,OK
23631,COCO_train2014_000000023631.jpg,refcocog_download,640,427,640,427,OK
23929,COCO_train2014_000000023929.jpg,refcocog_download,640,427,640,427,OK
24076,COCO_train2014_000000024076.jpg,refcocog_download,640,427,640,427,OK
24095,COCO_train2014_000000024095.jpg,refcocog_download,500,375,500,375,OK
24287,COCO_train2014_000000024287.jpg,refcocog_download,640,427,640,427,OK
24319,COCO_train2014_000000024319.jpg,frozen_refcoco_plus_bank,640,480,640,480,OK
24591,COCO_train2014_000000024591.jpg,refcocog_download,640,480,640,480,OK
24847,COCO_train2014_000000024847.jpg,refcocog_download,640,480,640,480,OK
24948,COCO_train2014_000000024948.jpg,refcocog_download,640,480,640,480,OK
25017,COCO_train2014_000000025017.jpg,refcocog_download,640,427,640,427,OK
25058,COCO_train2014_000000025058.jpg,refcocog_download,640,480,640,480,OK
25192,COCO_train2014_000000025192.jpg,refcocog_download,640,480,640,480,OK
25533,COCO_train2014_000000025533.jpg,refcocog_download,480,640,480,640,OK
25548,COCO_train2014_000000025548.jpg,refcocog_download,480,640,480,640,OK
26105,COCO_train2014_000000026105.jpg,refcocog_download,640,427,640,427,OK
26367,COCO_train2014_000000026367.jpg,refcocog_download,640,426,640,426,OK
26836,COCO_train2014_000000026836.jpg,refcocog_download,640,427,640,427,OK
27510,COCO_train2014_000000027510.jpg,refcocog_download,640,480,640,480,OK
27826,COCO_train2014_000000027826.jpg,refcocog_download,480,640,480,640,OK
28595,COCO_train2014_000000028595.jpg,refcocog_download,427,640,427,640,OK
28674,COCO_train2014_000000028674.jpg,refcocog_download,640,480,640,480,OK
29116,COCO_train2014_000000029116.jpg,refcocog_download,426,640,426,640,OK
31411,COCO_train2014_000000031411.jpg,frozen_refcoco_plus_bank,640,426,640,426,OK
31943,COCO_train2014_000000031943.jpg,refcocog_download,640,480,640,480,OK
33204,COCO_train2014_000000033204.jpg,refcocog_download,640,394,640,394,OK
34285,COCO_train2014_000000034285.jpg,refcocog_download,640,426,640,426,OK
34389,COCO_train2014_000000034389.jpg,refcocog_download,427,640,427,640,OK
35964,COCO_train2014_000000035964.jpg,frozen_refcoco_plus_bank,640,428,640,428,OK
36318,COCO_train2014_000000036318.jpg,refcocog_download,640,427,640,427,OK
36658,COCO_train2014_000000036658.jpg,frozen_refcoco_plus_bank,640,480,640,480,OK
37012,COCO_train2014_000000037012.jpg,refcocog_download,612,612,612,612,OK
37682,COCO_train2014_000000037682.jpg,refcocog_download,640,427,640,427,OK
37779,COCO_train2014_000000037779.jpg,refcocog_download,640,480,640,480,OK
37863,COCO_train2014_000000037863.jpg,refcocog_download,640,360,640,360,OK
38046,COCO_train2014_000000038046.jpg,frozen_refcoco_plus_bank,500,375,500,375,OK
38365,COCO_train2014_000000038365.jpg,frozen_refcoco_plus_bank,461,640,461,640,OK
38558,COCO_train2014_000000038558.jpg,frozen_refcoco_plus_bank,427,640,427,640,OK
39155,COCO_train2014_000000039155.jpg,refcocog_download,640,440,640,440,OK
39395,COCO_train2014_000000039395.jpg,frozen_refcoco_plus_bank,458,640,458,640,OK
40855,COCO_train2014_000000040855.jpg,refcocog_download,640,488,640,488,OK
41340,COCO_train2014_000000041340.jpg,refcocog_download,640,458,640,458,OK
41459,COCO_train2014_000000041459.jpg,refcocog_download,479,640,479,640,OK
41700,COCO_train2014_000000041700.jpg,refcocog_download,640,275,640,275,OK
42081,COCO_train2014_000000042081.jpg,frozen_refcoco_plus_bank,640,478,640,478,OK
42297,COCO_train2014_000000042297.jpg,frozen_refcoco_plus_bank,640,424,640,424,OK
42355,COCO_train2014_000000042355.jpg,refcocog_download,450,338,450,338,OK
42463,COCO_train2014_000000042463.jpg,frozen_refcoco_plus_bank,500,375,500,375,OK
42529,COCO_train2014_000000042529.jpg,refcocog_download,640,527,640,527,OK
42614,COCO_train2014_000000042614.jpg,refcocog_download,640,436,640,436,OK
43049,COCO_train2014_000000043049.jpg,refcocog_download,640,480,640,480,OK
44600,COCO_train2014_000000044600.jpg,refcocog_download,480,640,480,640,OK
45475,COCO_train2014_000000045475.jpg,refcocog_download,640,480,640,480,OK
46118,COCO_train2014_000000046118.jpg,refcocog_download,640,429,640,429,OK
46454,COCO_train2014_000000046454.jpg,refcocog_download,427,640,427,640,OK
46612,COCO_train2014_000000046612.jpg,refcocog_download,640,340,640,340,OK
46942,COCO_train2014_000000046942.jpg,refcocog_download,480,640,480,640,OK
46997,COCO_train2014_000000046997.jpg,frozen_refcoco_plus_bank,640,480,640,480,OK
47116,COCO_train2014_000000047116.jpg,refcocog_download,640,428,640,428,OK
47267,COCO_train2014_000000047267.jpg,refcocog_download,375,500,375,500,OK
47639,COCO_train2014_000000047639.jpg,refcocog_download,640,427,640,427,OK
47949,COCO_train2014_000000047949.jpg,refcocog_download,640,480,640,480,OK
47983,COCO_train2014_000000047983.jpg,refcocog_download,640,480,640,480,OK
48824,COCO_train2014_000000048824.jpg,refcocog_download,480,640,480,640,OK
48939,COCO_train2014_000000048939.jpg,refcocog_download,640,428,640,428,OK
49933,COCO_train2014_000000049933.jpg,refcocog_download,640,427,640,427,OK
50591,COCO_train2014_000000050591.jpg,refcocog_download,640,427,640,427,OK
50736,COCO_train2014_000000050736.jpg,frozen_refcoco_plus_bank,640,428,640,428,OK
50820,COCO_train2014_000000050820.jpg,refcocog_download,640,427,640,427,OK
51278,COCO_train2014_000000051278.jpg,refcocog_download,640,427,640,427,OK
51793,COCO_train2014_000000051793.jpg,refcocog_download,480,640,480,640,OK
52090,COCO_train2014_000000052090.jpg,refcocog_download,640,360,640,360,OK
52179,COCO_train2014_000000052179.jpg,refcocog_download,427,640,427,640,OK
52192,COCO_train2014_000000052192.jpg,refcocog_download,424,640,424,640,OK
52902,COCO_train2014_000000052902.jpg,refcocog_download,640,427,640,427,OK
53150,COCO_train2014_000000053150.jpg,refcocog_download,640,427,640,427,OK
53294,COCO_train2014_000000053294.jpg,refcocog_download,640,481,640,481,OK
53632,COCO_train2014_000000053632.jpg,refcocog_download,640,480,640,480,OK
53702,COCO_train2014_000000053702.jpg,refcocog_download,500,333,500,333,OK
54083,COCO_train2014_000000054083.jpg,refcocog_download,387,387,387,387,OK
54632,COCO_train2014_000000054632.jpg,refcocog_download,640,480,640,480,OK
54743,COCO_train2014_000000054743.jpg,refcocog_download,640,640,640,640,OK
54957,COCO_train2014_000000054957.jpg,refcocog_download,640,480,640,480,OK
55402,COCO_train2014_000000055402.jpg,refcocog_download,640,480,640,480,OK
55571,COCO_train2014_000000055571.jpg,refcocog_download,640,427,640,427,OK
56480,COCO_train2014_000000056480.jpg,refcocog_download,640,480,640,480,OK
57242,COCO_train2014_000000057242.jpg,frozen_refcoco_plus_bank,500,375,500,375,OK
58531,COCO_train2014_000000058531.jpg,refcocog_download,640,473,640,473,OK
58677,COCO_train2014_000000058677.jpg,frozen_refcoco_plus_bank,480,640,480,640,OK
58753,COCO_train2014_000000058753.jpg,refcocog_download,640,480,640,480,OK
59034,COCO_train2014_000000059034.jpg,refcocog_download,640,480,640,480,OK
59817,COCO_train2014_000000059817.jpg,refcocog_download,500,375,500,375,OK
60624,COCO_train2014_000000060624.jpg,frozen_refcoco_plus_bank,640,428,640,428,OK
60720,COCO_train2014_000000060720.jpg,refcocog_download,640,480,640,480,OK
61395,COCO_train2014_000000061395.jpg,refcocog_download,640,483,640,483,OK
61803,COCO_train2014_000000061803.jpg,refcocog_download,429,640,429,640,OK
61819,COCO_train2014_000000061819.jpg,refcocog_download,640,355,640,355,OK
62245,COCO_train2014_000000062245.jpg,refcocog_download,640,480,640,480,OK
62690,COCO_train2014_000000062690.jpg,refcocog_download,500,220,500,220,OK
63182,COCO_train2014_000000063182.jpg,frozen_refcoco_plus_bank,640,426,640,426,OK
63587,COCO_train2014_000000063587.jpg,refcocog_download,480,640,480,640,OK
64507,COCO_train2014_000000064507.jpg,refcocog_download,480,640,480,640,OK
65457,COCO_train2014_000000065457.jpg,refcocog_download,500,353,500,353,OK
65685,COCO_train2014_000000065685.jpg,refcocog_download,640,426,640,426,OK
65855,COCO_train2014_000000065855.jpg,refcocog_download,640,425,640,425,OK
65962,COCO_train2014_000000065962.jpg,refcocog_download,640,361,640,361,OK
66443,COCO_train2014_000000066443.jpg,refcocog_download,640,426,640,426,OK
67807,COCO_train2014_000000067807.jpg,refcocog_download,640,426,640,426,OK
69480,COCO_train2014_000000069480.jpg,refcocog_download,640,512,640,512,OK
70059,COCO_train2014_000000070059.jpg,refcocog_download,640,363,640,363,OK
71232,COCO_train2014_000000071232.jpg,refcocog_download,640,423,640,423,OK
71558,COCO_train2014_000000071558.jpg,refcocog_download,640,427,640,427,OK
72454,COCO_train2014_000000072454.jpg,refcocog_download,640,400,640,400,OK
72701,COCO_train2014_000000072701.jpg,frozen_refcoco_plus_bank,640,480,640,480,OK
72987,COCO_train2014_000000072987.jpg,refcocog_download,500,334,500,334,OK
73146,COCO_train2014_000000073146.jpg,refcocog_download,640,426,640,426,OK
73694,COCO_train2014_000000073694.jpg,refcocog_download,431,640,431,640,OK
74060,COCO_train2014_000000074060.jpg,refcocog_download,640,427,640,427,OK
74176,COCO_train2014_000000074176.jpg,refcocog_download,640,480,640,480,OK
74179,COCO_train2014_000000074179.jpg,refcocog_download,500,375,500,375,OK
74409,COCO_train2014_000000074409.jpg,refcocog_download,640,399,640,399,OK
74461,COCO_train2014_000000074461.jpg,refcocog_download,427,640,427,640,OK
75697,COCO_train2014_000000075697.jpg,refcocog_download,428,640,428,640,OK
75982,COCO_train2014_000000075982.jpg,refcocog_download,610,407,610,407,OK
76740,COCO_train2014_000000076740.jpg,frozen_refcoco_plus_bank,640,434,640,434,OK
77067,COCO_train2014_000000077067.jpg,refcocog_download,640,480,640,480,OK
77408,COCO_train2014_000000077408.jpg,refcocog_download,640,480,640,480,OK
77504,COCO_train2014_000000077504.jpg,refcocog_download,640,427,640,427,OK
78583,COCO_train2014_000000078583.jpg,frozen_refcoco_plus_bank,640,433,640,433,OK
78590,COCO_train2014_000000078590.jpg,refcocog_download,375,500,375,500,OK
79893,COCO_train2014_000000079893.jpg,refcocog_download,640,425,640,425,OK
80168,COCO_train2014_000000080168.jpg,refcocog_download,640,480,640,480,OK
80480,COCO_train2014_000000080480.jpg,refcocog_download,428,640,428,640,OK
80481,COCO_train2014_000000080481.jpg,refcocog_download,640,427,640,427,OK
80864,COCO_train2014_000000080864.jpg,refcocog_download,640,427,640,427,OK
82039,COCO_train2014_000000082039.jpg,refcocog_download,500,375,500,375,OK
82729,COCO_train2014_000000082729.jpg,refcocog_download,480,640,480,640,OK
83407,COCO_train2014_000000083407.jpg,refcocog_download,612,612,612,612,OK
83487,COCO_train2014_000000083487.jpg,refcocog_download,500,375,500,375,OK
84615,COCO_train2014_000000084615.jpg,refcocog_download,640,539,640,539,OK
84744,COCO_train2014_000000084744.jpg,refcocog_download,375,500,375,500,OK
84821,COCO_train2014_000000084821.jpg,refcocog_download,640,426,640,426,OK
85028,COCO_train2014_000000085028.jpg,refcocog_download,640,426,640,426,OK
85759,COCO_train2014_000000085759.jpg,refcocog_download,426,640,426,640,OK
87813,COCO_train2014_000000087813.jpg,refcocog_download,640,393,640,393,OK
89052,COCO_train2014_000000089052.jpg,refcocog_download,640,359,640,359,OK
89754,COCO_train2014_000000089754.jpg,refcocog_download,640,480,640,480,OK
90751,COCO_train2014_000000090751.jpg,refcocog_download,640,616,640,616,OK
91123,COCO_train2014_000000091123.jpg,refcocog_download,640,480,640,480,OK
91917,COCO_train2014_000000091917.jpg,refcocog_download,612,612,612,612,OK
92197,COCO_train2014_000000092197.jpg,refcocog_download,426,640,426,640,OK
93793,COCO_train2014_000000093793.jpg,refcocog_download,640,427,640,427,OK
94045,COCO_train2014_000000094045.jpg,refcocog_download,375,500,375,500,OK
94564,COCO_train2014_000000094564.jpg,refcocog_download,427,640,427,640,OK
94877,COCO_train2014_000000094877.jpg,refcocog_download,500,333,500,333,OK
95124,COCO_train2014_000000095124.jpg,refcocog_download,640,427,640,427,OK
97450,COCO_train2014_000000097450.jpg,frozen_refcoco_plus_bank,640,480,640,480,OK
97492,COCO_train2014_000000097492.jpg,refcocog_download,640,480,640,480,OK
98471,COCO_train2014_000000098471.jpg,refcocog_download,640,480,640,480,OK
98672,COCO_train2014_000000098672.jpg,refcocog_download,640,427,640,427,OK
98689,COCO_train2014_000000098689.jpg,refcocog_download,640,422,640,422,OK
99788,COCO_train2014_000000099788.jpg,refcocog_download,500,325,500,325,OK
101522,COCO_train2014_000000101522.jpg,refcocog_download,640,513,640,513,OK
101530,COCO_train2014_000000101530.jpg,refcocog_download,500,375,500,375,OK
102111,COCO_train2014_000000102111.jpg,refcocog_download,640,480,640,480,OK
103455,COCO_train2014_000000103455.jpg,refcocog_download,640,480,640,480,OK
103797,COCO_train2014_000000103797.jpg,refcocog_download,640,427,640,427,OK
103818,COCO_train2014_000000103818.jpg,refcocog_download,427,640,427,640,OK
104973,COCO_train2014_000000104973.jpg,frozen_refcoco_plus_bank,640,480,640,480,OK
105374,COCO_train2014_000000105374.jpg,refcocog_download,427,640,427,640,OK
105468,COCO_train2014_000000105468.jpg,refcocog_download,640,506,640,506,OK
105666,COCO_train2014_000000105666.jpg,refcocog_download,640,383,640,383,OK
105777,COCO_train2014_000000105777.jpg,refcocog_download,640,480,640,480,OK
105976,COCO_train2014_000000105976.jpg,refcocog_download,640,480,640,480,OK
106072,COCO_train2014_000000106072.jpg,refcocog_download,640,427,640,427,OK
106586,COCO_train2014_000000106586.jpg,refcocog_download,480,640,480,640,OK
106646,COCO_train2014_000000106646.jpg,refcocog_download,640,480,640,480,OK
107176,COCO_train2014_000000107176.jpg,refcocog_download,640,427,640,427,OK
108123,COCO_train2014_000000108123.jpg,frozen_refcoco_plus_bank,640,512,640,512,OK
108210,COCO_train2014_000000108210.jpg,refcocog_download,640,425,640,425,OK
108510,COCO_train2014_000000108510.jpg,refcocog_download,640,429,640,429,OK
109114,COCO_train2014_000000109114.jpg,frozen_refcoco_plus_bank,612,612,612,612,OK
110841,COCO_train2014_000000110841.jpg,refcocog_download,640,583,640,583,OK
111490,COCO_train2014_000000111490.jpg,refcocog_download,640,427,640,427,OK
111646,COCO_train2014_000000111646.jpg,refcocog_download,427,640,427,640,OK
111649,COCO_train2014_000000111649.jpg,refcocog_download,427,640,427,640,OK
111889,COCO_train2014_000000111889.jpg,refcocog_download,640,480,640,480,OK
112029,COCO_train2014_000000112029.jpg,refcocog_download,640,480,640,480,OK
112849,COCO_train2014_000000112849.jpg,refcocog_download,640,426,640,426,OK
112996,COCO_train2014_000000112996.jpg,refcocog_download,612,612,612,612,OK
113310,COCO_train2014_000000113310.jpg,refcocog_download,640,427,640,427,OK
113521,COCO_train2014_000000113521.jpg,refcocog_download,640,480,640,480,OK
113594,COCO_train2014_000000113594.jpg,refcocog_download,500,333,500,333,OK
113721,COCO_train2014_000000113721.jpg,refcocog_download,640,480,640,480,OK
113857,COCO_train2014_000000113857.jpg,refcocog_download,500,333,500,333,OK
114132,COCO_train2014_000000114132.jpg,frozen_refcoco_plus_bank,520,373,520,373,OK
114202,COCO_train2014_000000114202.jpg,refcocog_download,480,640,480,640,OK
114500,COCO_train2014_000000114500.jpg,refcocog_download,480,640,480,640,OK
114943,COCO_train2014_000000114943.jpg,refcocog_download,640,428,640,428,OK
114945,COCO_train2014_000000114945.jpg,refcocog_download,480,640,480,640,OK
115519,COCO_train2014_000000115519.jpg,refcocog_download,640,480,640,480,OK
116927,COCO_train2014_000000116927.jpg,refcocog_download,426,640,426,640,OK
117250,COCO_train2014_000000117250.jpg,frozen_refcoco_plus_bank,640,478,640,478,OK
117319,COCO_train2014_000000117319.jpg,refcocog_download,640,480,640,480,OK
117770,COCO_train2014_000000117770.jpg,refcocog_download,480,360,480,360,OK
117871,COCO_train2014_000000117871.jpg,refcocog_download,640,427,640,427,OK
117922,COCO_train2014_000000117922.jpg,refcocog_download,640,532,640,532,OK
118724,COCO_train2014_000000118724.jpg,refcocog_download,640,427,640,427,OK
119540,COCO_train2014_000000119540.jpg,refcocog_download,640,417,640,417,OK
119765,COCO_train2014_000000119765.jpg,refcocog_download,640,426,640,426,OK
120376,COCO_train2014_000000120376.jpg,refcocog_download,640,449,640,449,OK
120400,COCO_train2014_000000120400.jpg,refcocog_download,640,480,640,480,OK
120524,COCO_train2014_000000120524.jpg,refcocog_download,640,480,640,480,OK
121110,COCO_train2014_000000121110.jpg,refcocog_download,425,640,425,640,OK
121172,COCO_train2014_000000121172.jpg,refcocog_download,640,428,640,428,OK
121372,COCO_train2014_000000121372.jpg,refcocog_download,640,480,640,480,OK
121612,COCO_train2014_000000121612.jpg,refcocog_download,640,480,640,480,OK
121997,COCO_train2014_000000121997.jpg,refcocog_download,640,461,640,461,OK
122560,COCO_train2014_000000122560.jpg,frozen_refcoco_plus_bank,426,640,426,640,OK
122688,COCO_train2014_000000122688.jpg,refcocog_download,480,640,480,640,OK
123462,COCO_train2014_000000123462.jpg,refcocog_download,640,427,640,427,OK
123949,COCO_train2014_000000123949.jpg,refcocog_download,640,462,640,462,OK
124532,COCO_train2014_000000124532.jpg,refcocog_download,640,426,640,426,OK
125234,COCO_train2014_000000125234.jpg,refcocog_download,640,427,640,427,OK
125298,COCO_train2014_000000125298.jpg,frozen_refcoco_plus_bank,500,375,500,375,OK
125724,COCO_train2014_000000125724.jpg,refcocog_download,500,375,500,375,OK
126355,COCO_train2014_000000126355.jpg,refcocog_download,640,428,640,428,OK
126483,COCO_train2014_000000126483.jpg,refcocog_download,424,640,424,640,OK
126625,COCO_train2014_000000126625.jpg,refcocog_download,640,426,640,426,OK
126910,COCO_train2014_000000126910.jpg,refcocog_download,427,640,427,640,OK
127006,COCO_train2014_000000127006.jpg,refcocog_download,640,427,640,427,OK
127284,COCO_train2014_000000127284.jpg,refcocog_download,640,427,640,427,OK
127298,COCO_train2014_000000127298.jpg,refcocog_download,640,321,640,321,OK
127360,COCO_train2014_000000127360.jpg,refcocog_download,640,426,640,426,OK
127515,COCO_train2014_000000127515.jpg,refcocog_download,500,333,500,333,OK
128512,COCO_train2014_000000128512.jpg,refcocog_download,640,480,640,480,OK
128581,COCO_train2014_000000128581.jpg,refcocog_download,640,425,640,425,OK
129407,COCO_train2014_000000129407.jpg,refcocog_download,640,428,640,428,OK
130972,COCO_train2014_000000130972.jpg,refcocog_download,640,480,640,480,OK
131215,COCO_train2014_000000131215.jpg,refcocog_download,640,424,640,424,OK
132165,COCO_train2014_000000132165.jpg,frozen_refcoco_plus_bank,640,480,640,480,OK
132626,COCO_train2014_000000132626.jpg,refcocog_download,640,427,640,427,OK
132793,COCO_train2014_000000132793.jpg,refcocog_download,500,333,500,333,OK
133145,COCO_train2014_000000133145.jpg,refcocog_download,640,480,640,480,OK
134309,COCO_train2014_000000134309.jpg,refcocog_download,431,640,431,640,OK
134772,COCO_train2014_000000134772.jpg,refcocog_download,640,480,640,480,OK
134837,COCO_train2014_000000134837.jpg,refcocog_download,640,425,640,425,OK
135538,COCO_train2014_000000135538.jpg,refcocog_download,480,640,480,640,OK
135577,COCO_train2014_000000135577.jpg,refcocog_download,500,400,500,400,OK
135638,COCO_train2014_000000135638.jpg,refcocog_download,640,480,640,480,OK
136240,COCO_train2014_000000136240.jpg,refcocog_download,640,427,640,427,OK
136267,COCO_train2014_000000136267.jpg,refcocog_download,640,359,640,359,OK
136559,COCO_train2014_000000136559.jpg,refcocog_download,500,375,500,375,OK
136721,COCO_train2014_000000136721.jpg,refcocog_download,426,640,426,640,OK
137706,COCO_train2014_000000137706.jpg,refcocog_download,640,427,640,427,OK
138117,COCO_train2014_000000138117.jpg,refcocog_download,640,426,640,426,OK
138604,COCO_train2014_000000138604.jpg,refcocog_download,640,478,640,478,OK
139612,COCO_train2014_000000139612.jpg,refcocog_download,640,480,640,480,OK
139679,COCO_train2014_000000139679.jpg,refcocog_download,640,496,640,496,OK
140209,COCO_train2014_000000140209.jpg,refcocog_download,513,640,513,640,OK
140320,COCO_train2014_000000140320.jpg,frozen_refcoco_plus_bank,500,375,500,375,OK
140328,COCO_train2014_000000140328.jpg,refcocog_download,640,480,640,480,OK
140360,COCO_train2014_000000140360.jpg,refcocog_download,640,425,640,425,OK
140630,COCO_train2014_000000140630.jpg,refcocog_download,480,640,480,640,OK
141015,COCO_train2014_000000141015.jpg,refcocog_download,450,600,450,600,OK
141927,COCO_train2014_000000141927.jpg,refcocog_download,640,480,640,480,OK
142287,COCO_train2014_000000142287.jpg,refcocog_download,640,480,640,480,OK
142741,COCO_train2014_000000142741.jpg,refcocog_download,640,640,640,640,OK
143096,COCO_train2014_000000143096.jpg,refcocog_download,640,425,640,425,OK
144179,COCO_train2014_000000144179.jpg,refcocog_download,640,408,640,408,OK
145129,COCO_train2014_000000145129.jpg,refcocog_download,640,480,640,480,OK
147429,COCO_train2014_000000147429.jpg,refcocog_download,427,640,427,640,OK
147930,COCO_train2014_000000147930.jpg,refcocog_download,640,426,640,426,OK
147941,COCO_train2014_000000147941.jpg,refcocog_download,640,480,640,480,OK
148118,COCO_train2014_000000148118.jpg,refcocog_download,640,425,640,425,OK
148292,COCO_train2014_000000148292.jpg,refcocog_download,640,426,640,426,OK
148602,COCO_train2014_000000148602.jpg,frozen_refcoco_plus_bank,640,426,640,426,OK
148824,COCO_train2014_000000148824.jpg,refcocog_download,332,500,332,500,OK
151112,COCO_train2014_000000151112.jpg,refcocog_download,534,640,534,640,OK
151200,COCO_train2014_000000151200.jpg,refcocog_download,427,640,427,640,OK
151371,COCO_train2014_000000151371.jpg,refcocog_download,640,427,640,427,OK
151466,COCO_train2014_000000151466.jpg,refcocog_download,640,480,640,480,OK
151702,COCO_train2014_000000151702.jpg,refcocog_download,322,365,322,365,OK
151848,COCO_train2014_000000151848.jpg,refcocog_download,500,333,500,333,OK
152406,COCO_train2014_000000152406.jpg,refcocog_download,640,501,640,501,OK
153154,COCO_train2014_000000153154.jpg,refcocog_download,360,640,360,640,OK
153909,COCO_train2014_000000153909.jpg,refcocog_download,640,480,640,480,OK
155105,COCO_train2014_000000155105.jpg,refcocog_download,480,640,480,640,OK
155645,COCO_train2014_000000155645.jpg,refcocog_download,612,612,612,612,OK
155751,COCO_train2014_000000155751.jpg,refcocog_download,640,344,640,344,OK
155864,COCO_train2014_000000155864.jpg,refcocog_download,640,427,640,427,OK
157172,COCO_train2014_000000157172.jpg,refcocog_download,640,427,640,427,OK
157221,COCO_train2014_000000157221.jpg,refcocog_download,640,428,640,428,OK
157491,COCO_train2014_000000157491.jpg,refcocog_download,640,480,640,480,OK
157793,COCO_train2014_000000157793.jpg,frozen_refcoco_plus_bank,426,640,426,640,OK
157920,COCO_train2014_000000157920.jpg,refcocog_download,640,481,640,481,OK
157981,COCO_train2014_000000157981.jpg,refcocog_download,640,480,640,480,OK
158737,COCO_train2014_000000158737.jpg,refcocog_download,518,640,518,640,OK
159105,COCO_train2014_000000159105.jpg,refcocog_download,480,640,480,640,OK
160459,COCO_train2014_000000160459.jpg,refcocog_download,640,480,640,480,OK
160893,COCO_train2014_000000160893.jpg,refcocog_download,640,427,640,427,OK
161242,COCO_train2014_000000161242.jpg,refcocog_download,425,640,425,640,OK
161970,COCO_train2014_000000161970.jpg,refcocog_download,333,500,333,500,OK
162963,COCO_train2014_000000162963.jpg,frozen_refcoco_plus_bank,640,428,640,428,OK
163267,COCO_train2014_000000163267.jpg,refcocog_download,640,238,640,238,OK
163840,COCO_train2014_000000163840.jpg,refcocog_download,359,640,359,640,OK
163975,COCO_train2014_000000163975.jpg,refcocog_download,640,425,640,425,OK
164042,COCO_train2014_000000164042.jpg,frozen_refcoco_plus_bank,640,427,640,427,OK
164081,COCO_train2014_000000164081.jpg,refcocog_download,640,426,640,426,OK
164663,COCO_train2014_000000164663.jpg,refcocog_download,640,320,640,320,OK
164751,COCO_train2014_000000164751.jpg,refcocog_download,480,640,480,640,OK
165803,COCO_train2014_000000165803.jpg,refcocog_download,427,640,427,640,OK
165847,COCO_train2014_000000165847.jpg,frozen_refcoco_plus_bank,480,640,480,640,OK
166585,COCO_train2014_000000166585.jpg,refcocog_download,640,480,640,480,OK
166849,COCO_train2014_000000166849.jpg,refcocog_download,640,480,640,480,OK
167348,COCO_train2014_000000167348.jpg,refcocog_download,612,612,612,612,OK
168569,COCO_train2014_000000168569.jpg,refcocog_download,375,500,375,500,OK
168622,COCO_train2014_000000168622.jpg,refcocog_download,640,480,640,480,OK
169197,COCO_train2014_000000169197.jpg,refcocog_download,640,480,640,480,OK
169986,COCO_train2014_000000169986.jpg,refcocog_download,480,640,480,640,OK
170139,COCO_train2014_000000170139.jpg,refcocog_download,427,640,427,640,OK
170439,COCO_train2014_000000170439.jpg,refcocog_download,640,506,640,506,OK
170751,COCO_train2014_000000170751.jpg,refcocog_download,640,427,640,427,OK
170882,COCO_train2014_000000170882.jpg,refcocog_download,640,411,640,411,OK
170888,COCO_train2014_000000170888.jpg,refcocog_download,375,500,375,500,OK
171064,COCO_train2014_000000171064.jpg,refcocog_download,640,479,640,479,OK
171086,COCO_train2014_000000171086.jpg,frozen_refcoco_plus_bank,640,480,640,480,OK
171120,COCO_train2014_000000171120.jpg,frozen_refcoco_plus_bank,612,612,612,612,OK
171479,COCO_train2014_000000171479.jpg,refcocog_download,640,424,640,424,OK
172370,COCO_train2014_000000172370.jpg,refcocog_download,640,427,640,427,OK
172680,COCO_train2014_000000172680.jpg,frozen_refcoco_plus_bank,480,640,480,640,OK
172813,COCO_train2014_000000172813.jpg,refcocog_download,596,446,596,446,OK
173073,COCO_train2014_000000173073.jpg,refcocog_download,480,640,480,640,OK
173202,COCO_train2014_000000173202.jpg,refcocog_download,640,480,640,480,OK
174357,COCO_train2014_000000174357.jpg,refcocog_download,375,500,375,500,OK
174574,COCO_train2014_000000174574.jpg,refcocog_download,640,454,640,454,OK
174698,COCO_train2014_000000174698.jpg,refcocog_download,640,423,640,423,OK
174896,COCO_train2014_000000174896.jpg,frozen_refcoco_plus_bank,640,480,640,480,OK
176138,COCO_train2014_000000176138.jpg,refcocog_download,426,640,426,640,OK
176617,COCO_train2014_000000176617.jpg,refcocog_download,418,500,418,500,OK
177418,COCO_train2014_000000177418.jpg,refcocog_download,640,425,640,425,OK
178181,COCO_train2014_000000178181.jpg,refcocog_download,500,333,500,333,OK
178421,COCO_train2014_000000178421.jpg,refcocog_download,480,640,480,640,OK
178436,COCO_train2014_000000178436.jpg,refcocog_download,640,428,640,428,OK
180021,COCO_train2014_000000180021.jpg,refcocog_download,640,424,640,424,OK
180239,COCO_train2014_000000180239.jpg,refcocog_download,640,418,640,418,OK
180968,COCO_train2014_000000180968.jpg,refcocog_download,640,516,640,516,OK
181084,COCO_train2014_000000181084.jpg,refcocog_download,640,584,640,584,OK
181367,COCO_train2014_000000181367.jpg,refcocog_download,640,480,640,480,OK
181941,COCO_train2014_000000181941.jpg,refcocog_download,640,477,640,477,OK
182353,COCO_train2014_000000182353.jpg,refcocog_download,530,530,530,530,OK
182837,COCO_train2014_000000182837.jpg,refcocog_download,640,427,640,427,OK
183007,COCO_train2014_000000183007.jpg,refcocog_download,480,640,480,640,OK
183247,COCO_train2014_000000183247.jpg,refcocog_download,640,480,640,480,OK
183827,COCO_train2014_000000183827.jpg,refcocog_download,640,427,640,427,OK
183836,COCO_train2014_000000183836.jpg,refcocog_download,375,500,375,500,OK
183953,COCO_train2014_000000183953.jpg,refcocog_download,480,640,480,640,OK
184223,COCO_train2014_000000184223.jpg,refcocog_download,640,424,640,424,OK
184583,COCO_train2014_000000184583.jpg,refcocog_download,640,480,640,480,OK
184889,COCO_train2014_000000184889.jpg,refcocog_download,500,332,500,332,OK
185447,COCO_train2014_000000185447.jpg,refcocog_download,500,332,500,332,OK
185474,COCO_train2014_000000185474.jpg,refcocog_download,500,300,500,300,OK
185558,COCO_train2014_000000185558.jpg,refcocog_download,640,427,640,427,OK
187090,COCO_train2014_000000187090.jpg,refcocog_download,640,640,640,640,OK
187120,COCO_train2014_000000187120.jpg,refcocog_download,500,333,500,333,OK
188140,COCO_train2014_000000188140.jpg,refcocog_download,500,375,500,375,OK
188239,COCO_train2014_000000188239.jpg,refcocog_download,640,480,640,480,OK
188498,COCO_train2014_000000188498.jpg,refcocog_download,424,640,424,640,OK
188606,COCO_train2014_000000188606.jpg,refcocog_download,640,480,640,480,OK
188847,COCO_train2014_000000188847.jpg,refcocog_download,640,360,640,360,OK
188956,COCO_train2014_000000188956.jpg,refcocog_download,640,480,640,480,OK
190868,COCO_train2014_000000190868.jpg,refcocog_download,640,424,640,424,OK
191005,COCO_train2014_000000191005.jpg,refcocog_download,640,425,640,425,OK
191828,COCO_train2014_000000191828.jpg,refcocog_download,640,427,640,427,OK
192104,COCO_train2014_000000192104.jpg,refcocog_download,640,480,640,480,OK
192337,COCO_train2014_000000192337.jpg,frozen_refcoco_plus_bank,640,241,640,241,OK
193333,COCO_train2014_000000193333.jpg,refcocog_download,640,480,640,480,OK
193663,COCO_train2014_000000193663.jpg,refcocog_download,512,640,512,640,OK
193953,COCO_train2014_000000193953.jpg,refcocog_download,640,427,640,427,OK
194050,COCO_train2014_000000194050.jpg,refcocog_download,640,427,640,427,OK
194531,COCO_train2014_000000194531.jpg,refcocog_download,500,375,500,375,OK
194564,COCO_train2014_000000194564.jpg,frozen_refcoco_plus_bank,480,640,480,640,OK
195816,COCO_train2014_000000195816.jpg,refcocog_download,398,600,398,600,OK
196998,COCO_train2014_000000196998.jpg,refcocog_download,498,640,498,640,OK
197383,COCO_train2014_000000197383.jpg,refcocog_download,480,640,480,640,OK
197629,COCO_train2014_000000197629.jpg,refcocog_download,427,640,427,640,OK
198240,COCO_train2014_000000198240.jpg,refcocog_download,640,424,640,424,OK
198434,COCO_train2014_000000198434.jpg,refcocog_download,640,426,640,426,OK
199225,COCO_train2014_000000199225.jpg,refcocog_download,640,427,640,427,OK
199956,COCO_train2014_000000199956.jpg,refcocog_download,640,480,640,480,OK
200678,COCO_train2014_000000200678.jpg,refcocog_download,640,480,640,480,OK
200971,COCO_train2014_000000200971.jpg,frozen_refcoco_plus_bank,500,375,500,375,OK
202567,COCO_train2014_000000202567.jpg,frozen_refcoco_plus_bank,640,578,640,578,OK
202617,COCO_train2014_000000202617.jpg,refcocog_download,640,427,640,427,OK
202881,COCO_train2014_000000202881.jpg,refcocog_download,445,500,445,500,OK
203559,COCO_train2014_000000203559.jpg,refcocog_download,480,640,480,640,OK
203765,COCO_train2014_000000203765.jpg,refcocog_download,640,480,640,480,OK
203867,COCO_train2014_000000203867.jpg,refcocog_download,640,480,640,480,OK
203982,COCO_train2014_000000203982.jpg,refcocog_download,546,366,546,366,OK
204378,COCO_train2014_000000204378.jpg,refcocog_download,500,333,500,333,OK
204728,COCO_train2014_000000204728.jpg,refcocog_download,640,633,640,633,OK
204735,COCO_train2014_000000204735.jpg,refcocog_download,640,480,640,480,OK
204746,COCO_train2014_000000204746.jpg,refcocog_download,640,427,640,427,OK
204979,COCO_train2014_000000204979.jpg,refcocog_download,500,334,500,334,OK
206196,COCO_train2014_000000206196.jpg,refcocog_download,640,480,640,480,OK
207715,COCO_train2014_000000207715.jpg,refcocog_download,640,480,640,480,OK
208165,COCO_train2014_000000208165.jpg,refcocog_download,640,360,640,360,OK
208189,COCO_train2014_000000208189.jpg,refcocog_download,640,640,640,640,OK
209178,COCO_train2014_000000209178.jpg,frozen_refcoco_plus_bank,640,423,640,423,OK
209791,COCO_train2014_000000209791.jpg,refcocog_download,640,480,640,480,OK
210344,COCO_train2014_000000210344.jpg,refcocog_download,640,480,640,480,OK
210847,COCO_train2014_000000210847.jpg,refcocog_download,640,414,640,414,OK
211641,COCO_train2014_000000211641.jpg,refcocog_download,640,361,640,361,OK
211978,COCO_train2014_000000211978.jpg,refcocog_download,640,380,640,380,OK
212566,COCO_train2014_000000212566.jpg,refcocog_download,427,640,427,640,OK
212863,COCO_train2014_000000212863.jpg,refcocog_download,640,425,640,425,OK
213003,COCO_train2014_000000213003.jpg,refcocog_download,640,482,640,482,OK
213107,COCO_train2014_000000213107.jpg,refcocog_download,640,427,640,427,OK
213536,COCO_train2014_000000213536.jpg,refcocog_download,427,640,427,640,OK
214059,COCO_train2014_000000214059.jpg,refcocog_download,640,427,640,427,OK
214265,COCO_train2014_000000214265.jpg,frozen_refcoco_plus_bank,640,512,640,512,OK
214507,COCO_train2014_000000214507.jpg,refcocog_download,640,480,640,480,OK
214924,COCO_train2014_000000214924.jpg,refcocog_download,640,480,640,480,OK
215289,COCO_train2014_000000215289.jpg,frozen_refcoco_plus_bank,640,480,640,480,OK
217293,COCO_train2014_000000217293.jpg,refcocog_download,427,640,427,640,OK
217461,COCO_train2014_000000217461.jpg,frozen_refcoco_plus_bank,640,640,640,640,OK
217676,COCO_train2014_000000217676.jpg,refcocog_download,640,514,640,514,OK
217725,COCO_train2014_000000217725.jpg,refcocog_download,640,480,640,480,OK
218809,COCO_train2014_000000218809.jpg,refcocog_download,640,361,640,361,OK
219274,COCO_train2014_000000219274.jpg,refcocog_download,375,500,375,500,OK
219752,COCO_train2014_000000219752.jpg,refcocog_download,500,282,500,282,OK
221119,COCO_train2014_000000221119.jpg,frozen_refcoco_plus_bank,639,640,639,640,OK
221654,COCO_train2014_000000221654.jpg,refcocog_download,640,426,640,426,OK
221748,COCO_train2014_000000221748.jpg,refcocog_download,640,512,640,512,OK
221949,COCO_train2014_000000221949.jpg,refcocog_download,640,428,640,428,OK
223095,COCO_train2014_000000223095.jpg,refcocog_download,640,425,640,425,OK
223415,COCO_train2014_000000223415.jpg,refcocog_download,640,480,640,480,OK
223871,COCO_train2014_000000223871.jpg,frozen_refcoco_plus_bank,480,640,480,640,OK
224241,COCO_train2014_000000224241.jpg,refcocog_download,640,512,640,512,OK
224667,COCO_train2014_000000224667.jpg,refcocog_download,640,427,640,427,OK
224895,COCO_train2014_000000224895.jpg,refcocog_download,480,640,480,640,OK
225060,COCO_train2014_000000225060.jpg,refcocog_download,640,480,640,480,OK
225124,COCO_train2014_000000225124.jpg,refcocog_download,375,500,375,500,OK
225210,COCO_train2014_000000225210.jpg,refcocog_download,612,612,612,612,OK
225213,COCO_train2014_000000225213.jpg,refcocog_download,640,427,640,427,OK
225274,COCO_train2014_000000225274.jpg,refcocog_download,427,640,427,640,OK
225313,COCO_train2014_000000225313.jpg,refcocog_download,640,426,640,426,OK
225477,COCO_train2014_000000225477.jpg,refcocog_download,640,427,640,427,OK
226350,COCO_train2014_000000226350.jpg,refcocog_download,640,432,640,432,OK
227012,COCO_train2014_000000227012.jpg,frozen_refcoco_plus_bank,640,433,640,433,OK
227202,COCO_train2014_000000227202.jpg,refcocog_download,640,640,640,640,OK
227484,COCO_train2014_000000227484.jpg,refcocog_download,612,612,612,612,OK
227490,COCO_train2014_000000227490.jpg,refcocog_download,640,343,640,343,OK
228074,COCO_train2014_000000228074.jpg,refcocog_download,640,480,640,480,OK
228474,COCO_train2014_000000228474.jpg,refcocog_download,640,359,640,359,OK
228647,COCO_train2014_000000228647.jpg,refcocog_download,640,453,640,453,OK
228732,COCO_train2014_000000228732.jpg,refcocog_download,640,479,640,479,OK
230321,COCO_train2014_000000230321.jpg,frozen_refcoco_plus_bank,640,480,640,480,OK
230735,COCO_train2014_000000230735.jpg,refcocog_download,375,500,375,500,OK
230777,COCO_train2014_000000230777.jpg,refcocog_download,640,427,640,427,OK
230996,COCO_train2014_000000230996.jpg,refcocog_download,640,426,640,426,OK
231466,COCO_train2014_000000231466.jpg,refcocog_download,640,428,640,428,OK
231657,COCO_train2014_000000231657.jpg,refcocog_download,500,375,500,375,OK
231878,COCO_train2014_000000231878.jpg,refcocog_download,640,512,640,512,OK
232167,COCO_train2014_000000232167.jpg,frozen_refcoco_plus_bank,640,480,640,480,OK
232186,COCO_train2014_000000232186.jpg,refcocog_download,640,425,640,425,OK
232691,COCO_train2014_000000232691.jpg,refcocog_download,480,640,480,640,OK
232717,COCO_train2014_000000232717.jpg,refcocog_download,640,480,640,480,OK
233526,COCO_train2014_000000233526.jpg,refcocog_download,640,361,640,361,OK
234616,COCO_train2014_000000234616.jpg,refcocog_download,640,427,640,427,OK
235744,COCO_train2014_000000235744.jpg,refcocog_download,640,457,640,457,OK
236260,COCO_train2014_000000236260.jpg,refcocog_download,427,640,427,640,OK
236519,COCO_train2014_000000236519.jpg,refcocog_download,375,500,375,500,OK
237002,COCO_train2014_000000237002.jpg,frozen_refcoco_plus_bank,640,432,640,432,OK
237515,COCO_train2014_000000237515.jpg,frozen_refcoco_plus_bank,619,640,619,640,OK
238828,COCO_train2014_000000238828.jpg,refcocog_download,640,480,640,480,OK
239532,COCO_train2014_000000239532.jpg,refcocog_download,640,427,640,427,OK
239745,COCO_train2014_000000239745.jpg,refcocog_download,278,500,278,500,OK
240684,COCO_train2014_000000240684.jpg,refcocog_download,500,375,500,375,OK
240709,COCO_train2014_000000240709.jpg,refcocog_download,640,398,640,398,OK
240741,COCO_train2014_000000240741.jpg,refcocog_download,640,426,640,426,OK
240951,COCO_train2014_000000240951.jpg,refcocog_download,425,640,425,640,OK
241527,COCO_train2014_000000241527.jpg,refcocog_download,640,480,640,480,OK
242039,COCO_train2014_000000242039.jpg,refcocog_download,640,427,640,427,OK
242827,COCO_train2014_000000242827.jpg,refcocog_download,640,480,640,480,OK
243268,COCO_train2014_000000243268.jpg,refcocog_download,640,480,640,480,OK
243292,COCO_train2014_000000243292.jpg,refcocog_download,640,427,640,427,OK
243782,COCO_train2014_000000243782.jpg,frozen_refcoco_plus_bank,640,429,640,429,OK
244095,COCO_train2014_000000244095.jpg,refcocog_download,640,460,640,460,OK
244179,COCO_train2014_000000244179.jpg,frozen_refcoco_plus_bank,640,427,640,427,OK
244418,COCO_train2014_000000244418.jpg,refcocog_download,375,500,375,500,OK
244646,COCO_train2014_000000244646.jpg,refcocog_download,429,640,429,640,OK
245367,COCO_train2014_000000245367.jpg,refcocog_download,360,640,360,640,OK
245392,COCO_train2014_000000245392.jpg,refcocog_download,640,360,640,360,OK
245817,COCO_train2014_000000245817.jpg,refcocog_download,361,640,361,640,OK
246364,COCO_train2014_000000246364.jpg,refcocog_download,480,640,480,640,OK
246423,COCO_train2014_000000246423.jpg,refcocog_download,640,480,640,480,OK
246990,COCO_train2014_000000246990.jpg,refcocog_download,427,640,427,640,OK
247114,COCO_train2014_000000247114.jpg,refcocog_download,427,640,427,640,OK
249675,COCO_train2014_000000249675.jpg,refcocog_download,640,639,640,639,OK
249921,COCO_train2014_000000249921.jpg,refcocog_download,500,375,500,375,OK
250192,COCO_train2014_000000250192.jpg,refcocog_download,640,360,640,360,OK
252283,COCO_train2014_000000252283.jpg,refcocog_download,640,427,640,427,OK
253260,COCO_train2014_000000253260.jpg,refcocog_download,640,361,640,361,OK
253513,COCO_train2014_000000253513.jpg,refcocog_download,640,427,640,427,OK
253904,COCO_train2014_000000253904.jpg,frozen_refcoco_plus_bank,500,333,500,333,OK
254046,COCO_train2014_000000254046.jpg,refcocog_download,427,640,427,640,OK
254291,COCO_train2014_000000254291.jpg,frozen_refcoco_plus_bank,640,427,640,427,OK
254660,COCO_train2014_000000254660.jpg,refcocog_download,478,640,478,640,OK
255233,COCO_train2014_000000255233.jpg,refcocog_download,640,424,640,424,OK
255495,COCO_train2014_000000255495.jpg,refcocog_download,640,541,640,541,OK
255576,COCO_train2014_000000255576.jpg,refcocog_download,640,427,640,427,OK
256643,COCO_train2014_000000256643.jpg,refcocog_download,640,426,640,426,OK
256760,COCO_train2014_000000256760.jpg,refcocog_download,500,377,500,377,OK
256809,COCO_train2014_000000256809.jpg,refcocog_download,500,333,500,333,OK
257255,COCO_train2014_000000257255.jpg,refcocog_download,500,375,500,375,OK
257858,COCO_train2014_000000257858.jpg,refcocog_download,640,400,640,400,OK
258134,COCO_train2014_000000258134.jpg,refcocog_download,640,434,640,434,OK
258774,COCO_train2014_000000258774.jpg,refcocog_download,640,428,640,428,OK
258878,COCO_train2014_000000258878.jpg,refcocog_download,640,427,640,427,OK
258927,COCO_train2014_000000258927.jpg,refcocog_download,480,640,480,640,OK
259028,COCO_train2014_000000259028.jpg,refcocog_download,480,640,480,640,OK
259591,COCO_train2014_000000259591.jpg,refcocog_download,480,640,480,640,OK
259884,COCO_train2014_000000259884.jpg,refcocog_download,640,480,640,480,OK
260443,COCO_train2014_000000260443.jpg,refcocog_download,500,332,500,332,OK
260982,COCO_train2014_000000260982.jpg,refcocog_download,640,422,640,422,OK
261003,COCO_train2014_000000261003.jpg,refcocog_download,640,480,640,480,OK
263275,COCO_train2014_000000263275.jpg,refcocog_download,301,500,301,500,OK
263278,COCO_train2014_000000263278.jpg,refcocog_download,640,416,640,416,OK
263810,COCO_train2014_000000263810.jpg,refcocog_download,383,640,383,640,OK
263896,COCO_train2014_000000263896.jpg,refcocog_download,640,478,640,478,OK
264076,COCO_train2014_000000264076.jpg,refcocog_download,640,400,640,400,OK
264233,COCO_train2014_000000264233.jpg,frozen_refcoco_plus_bank,640,581,640,581,OK
264324,COCO_train2014_000000264324.jpg,refcocog_download,640,480,640,480,OK
264371,COCO_train2014_000000264371.jpg,frozen_refcoco_plus_bank,500,344,500,344,OK
264944,COCO_train2014_000000264944.jpg,refcocog_download,640,427,640,427,OK
265173,COCO_train2014_000000265173.jpg,refcocog_download,640,427,640,427,OK
265796,COCO_train2014_000000265796.jpg,refcocog_download,640,427,640,427,OK
267463,COCO_train2014_000000267463.jpg,refcocog_download,640,424,640,424,OK
267661,COCO_train2014_000000267661.jpg,refcocog_download,565,640,565,640,OK
267774,COCO_train2014_000000267774.jpg,refcocog_download,640,427,640,427,OK
267927,COCO_train2014_000000267927.jpg,refcocog_download,480,640,480,640,OK
271166,COCO_train2014_000000271166.jpg,refcocog_download,640,427,640,427,OK
271185,COCO_train2014_000000271185.jpg,refcocog_download,640,428,640,428,OK
271464,COCO_train2014_000000271464.jpg,refcocog_download,640,480,640,480,OK
271760,COCO_train2014_000000271760.jpg,refcocog_download,640,480,640,480,OK
272745,COCO_train2014_000000272745.jpg,refcocog_download,478,640,478,640,OK
273120,COCO_train2014_000000273120.jpg,refcocog_download,640,502,640,502,OK
273362,COCO_train2014_000000273362.jpg,refcocog_download,316,640,316,640,OK
274266,COCO_train2014_000000274266.jpg,refcocog_download,500,375,500,375,OK
274724,COCO_train2014_000000274724.jpg,refcocog_download,480,640,480,640,OK
274763,COCO_train2014_000000274763.jpg,refcocog_download,640,421,640,421,OK
275380,COCO_train2014_000000275380.jpg,refcocog_download,640,427,640,427,OK
276365,COCO_train2014_000000276365.jpg,refcocog_download,500,375,500,375,OK
276564,COCO_train2014_000000276564.jpg,refcocog_download,337,500,337,500,OK
277858,COCO_train2014_000000277858.jpg,refcocog_download,500,333,500,333,OK
278045,COCO_train2014_000000278045.jpg,refcocog_download,640,480,640,480,OK
278491,COCO_train2014_000000278491.jpg,refcocog_download,640,439,640,439,OK
278715,COCO_train2014_000000278715.jpg,refcocog_download,480,640,480,640,OK
278744,COCO_train2014_000000278744.jpg,refcocog_download,640,426,640,426,OK
278816,COCO_train2014_000000278816.jpg,frozen_refcoco_plus_bank,640,468,640,468,OK
279503,COCO_train2014_000000279503.jpg,refcocog_download,500,375,500,375,OK
279946,COCO_train2014_000000279946.jpg,refcocog_download,612,612,612,612,OK
280241,COCO_train2014_000000280241.jpg,refcocog_download,640,427,640,427,OK
280490,COCO_train2014_000000280490.jpg,refcocog_download,640,425,640,425,OK
280873,COCO_train2014_000000280873.jpg,frozen_refcoco_plus_bank,640,480,640,480,OK
280968,COCO_train2014_000000280968.jpg,refcocog_download,500,375,500,375,OK
281003,COCO_train2014_000000281003.jpg,frozen_refcoco_plus_bank,640,427,640,427,OK
281122,COCO_train2014_000000281122.jpg,refcocog_download,480,640,480,640,OK
281815,COCO_train2014_000000281815.jpg,refcocog_download,640,427,640,427,OK
282671,COCO_train2014_000000282671.jpg,refcocog_download,640,480,640,480,OK
282835,COCO_train2014_000000282835.jpg,refcocog_download,480,640,480,640,OK
283018,COCO_train2014_000000283018.jpg,refcocog_download,640,480,640,480,OK
283615,COCO_train2014_000000283615.jpg,refcocog_download,640,360,640,360,OK
283729,COCO_train2014_000000283729.jpg,refcocog_download,426,640,426,640,OK
284765,COCO_train2014_000000284765.jpg,refcocog_download,640,480,640,480,OK
285486,COCO_train2014_000000285486.jpg,refcocog_download,640,480,640,480,OK
286174,COCO_train2014_000000286174.jpg,refcocog_download,640,425,640,425,OK
287507,COCO_train2014_000000287507.jpg,refcocog_download,424,640,424,640,OK
287723,COCO_train2014_000000287723.jpg,refcocog_download,375,500,375,500,OK
287833,COCO_train2014_000000287833.jpg,refcocog_download,640,427,640,427,OK
289211,COCO_train2014_000000289211.jpg,refcocog_download,480,640,480,640,OK
289357,COCO_train2014_000000289357.jpg,refcocog_download,640,426,640,426,OK
289367,COCO_train2014_000000289367.jpg,refcocog_download,500,333,500,333,OK
290224,COCO_train2014_000000290224.jpg,refcocog_download,640,427,640,427,OK
291072,COCO_train2014_000000291072.jpg,refcocog_download,427,640,427,640,OK
291478,COCO_train2014_000000291478.jpg,refcocog_download,640,480,640,480,OK
291898,COCO_train2014_000000291898.jpg,refcocog_download,640,478,640,478,OK
292416,COCO_train2014_000000292416.jpg,refcocog_download,640,426,640,426,OK
293272,COCO_train2014_000000293272.jpg,refcocog_download,640,374,640,374,OK
293974,COCO_train2014_000000293974.jpg,refcocog_download,640,514,640,514,OK
294702,COCO_train2014_000000294702.jpg,refcocog_download,500,332,500,332,OK
296385,COCO_train2014_000000296385.jpg,refcocog_download,640,426,640,426,OK
296613,COCO_train2014_000000296613.jpg,refcocog_download,640,480,640,480,OK
297131,COCO_train2014_000000297131.jpg,refcocog_download,640,320,640,320,OK
297995,COCO_train2014_000000297995.jpg,refcocog_download,640,425,640,425,OK
298034,COCO_train2014_000000298034.jpg,refcocog_download,640,480,640,480,OK
298350,COCO_train2014_000000298350.jpg,refcocog_download,640,426,640,426,OK
298427,COCO_train2014_000000298427.jpg,refcocog_download,640,428,640,428,OK
298479,COCO_train2014_000000298479.jpg,refcocog_download,414,278,414,278,OK
298878,COCO_train2014_000000298878.jpg,refcocog_download,427,640,427,640,OK
300279,COCO_train2014_000000300279.jpg,refcocog_download,640,480,640,480,OK
301558,COCO_train2014_000000301558.jpg,refcocog_download,640,480,640,480,OK
301591,COCO_train2014_000000301591.jpg,refcocog_download,640,480,640,480,OK
302116,COCO_train2014_000000302116.jpg,refcocog_download,481,640,481,640,OK
302216,COCO_train2014_000000302216.jpg,refcocog_download,367,415,367,415,OK
302582,COCO_train2014_000000302582.jpg,refcocog_download,640,427,640,427,OK
302656,COCO_train2014_000000302656.jpg,refcocog_download,480,640,480,640,OK
302740,COCO_train2014_000000302740.jpg,refcocog_download,480,640,480,640,OK
303111,COCO_train2014_000000303111.jpg,refcocog_download,640,480,640,480,OK
303471,COCO_train2014_000000303471.jpg,frozen_refcoco_plus_bank,640,431,640,431,OK
303608,COCO_train2014_000000303608.jpg,refcocog_download,333,500,333,500,OK
304088,COCO_train2014_000000304088.jpg,refcocog_download,640,320,640,320,OK
304958,COCO_train2014_000000304958.jpg,refcocog_download,640,360,640,360,OK
305076,COCO_train2014_000000305076.jpg,refcocog_download,486,381,486,381,OK
305905,COCO_train2014_000000305905.jpg,frozen_refcoco_plus_bank,640,424,640,424,OK
306454,COCO_train2014_000000306454.jpg,refcocog_download,640,427,640,427,OK
307462,COCO_train2014_000000307462.jpg,refcocog_download,640,479,640,479,OK
308208,COCO_train2014_000000308208.jpg,refcocog_download,640,480,640,480,OK
308433,COCO_train2014_000000308433.jpg,refcocog_download,640,624,640,624,OK
309252,COCO_train2014_000000309252.jpg,frozen_refcoco_plus_bank,640,426,640,426,OK
309946,COCO_train2014_000000309946.jpg,refcocog_download,640,480,640,480,OK
309983,COCO_train2014_000000309983.jpg,refcocog_download,640,480,640,480,OK
310376,COCO_train2014_000000310376.jpg,refcocog_download,480,640,480,640,OK
310390,COCO_train2014_000000310390.jpg,refcocog_download,480,640,480,640,OK
311088,COCO_train2014_000000311088.jpg,refcocog_download,640,446,640,446,OK
313983,COCO_train2014_000000313983.jpg,refcocog_download,640,427,640,427,OK
314130,COCO_train2014_000000314130.jpg,refcocog_download,640,423,640,423,OK
315168,COCO_train2014_000000315168.jpg,frozen_refcoco_plus_bank,448,336,448,336,OK
315229,COCO_train2014_000000315229.jpg,refcocog_download,375,500,375,500,OK
315383,COCO_train2014_000000315383.jpg,refcocog_download,640,513,640,513,OK
315994,COCO_train2014_000000315994.jpg,refcocog_download,500,375,500,375,OK
317495,COCO_train2014_000000317495.jpg,refcocog_download,640,640,640,640,OK
317537,COCO_train2014_000000317537.jpg,refcocog_download,640,480,640,480,OK
318179,COCO_train2014_000000318179.jpg,refcocog_download,480,640,480,640,OK
318955,COCO_train2014_000000318955.jpg,refcocog_download,480,640,480,640,OK
319714,COCO_train2014_000000319714.jpg,refcocog_download,640,480,640,480,OK
320785,COCO_train2014_000000320785.jpg,refcocog_download,426,640,426,640,OK
321206,COCO_train2014_000000321206.jpg,refcocog_download,640,427,640,427,OK
321363,COCO_train2014_000000321363.jpg,refcocog_download,480,640,480,640,OK
321737,COCO_train2014_000000321737.jpg,refcocog_download,550,367,550,367,OK
322324,COCO_train2014_000000322324.jpg,refcocog_download,640,478,640,478,OK
322553,COCO_train2014_000000322553.jpg,refcocog_download,640,457,640,457,OK
322695,COCO_train2014_000000322695.jpg,refcocog_download,640,426,640,426,OK
322720,COCO_train2014_000000322720.jpg,refcocog_download,640,427,640,427,OK
322790,COCO_train2014_000000322790.jpg,refcocog_download,640,425,640,425,OK
323129,COCO_train2014_000000323129.jpg,refcocog_download,480,640,480,640,OK
323218,COCO_train2014_000000323218.jpg,refcocog_download,468,640,468,640,OK
323249,COCO_train2014_000000323249.jpg,refcocog_download,640,490,640,490,OK
323475,COCO_train2014_000000323475.jpg,frozen_refcoco_plus_bank,480,640,480,640,OK
324200,COCO_train2014_000000324200.jpg,refcocog_download,640,480,640,480,OK
324650,COCO_train2014_000000324650.jpg,refcocog_download,640,417,640,417,OK
324871,COCO_train2014_000000324871.jpg,refcocog_download,427,640,427,640,OK
325472,COCO_train2014_000000325472.jpg,refcocog_download,640,439,640,439,OK
326299,COCO_train2014_000000326299.jpg,refcocog_download,480,640,480,640,OK
327234,COCO_train2014_000000327234.jpg,refcocog_download,640,480,640,480,OK
327421,COCO_train2014_000000327421.jpg,refcocog_download,640,429,640,429,OK
327881,COCO_train2014_000000327881.jpg,frozen_refcoco_plus_bank,500,375,500,375,OK
329230,COCO_train2014_000000329230.jpg,refcocog_download,442,640,442,640,OK
330572,COCO_train2014_000000330572.jpg,refcocog_download,640,408,640,408,OK
330806,COCO_train2014_000000330806.jpg,refcocog_download,640,480,640,480,OK
330993,COCO_train2014_000000330993.jpg,refcocog_download,640,428,640,428,OK
331724,COCO_train2014_000000331724.jpg,refcocog_download,640,427,640,427,OK
333127,COCO_train2014_000000333127.jpg,refcocog_download,427,640,427,640,OK
333599,COCO_train2014_000000333599.jpg,refcocog_download,427,640,427,640,OK
333855,COCO_train2014_000000333855.jpg,refcocog_download,640,427,640,427,OK
334162,COCO_train2014_000000334162.jpg,refcocog_download,640,402,640,402,OK
334596,COCO_train2014_000000334596.jpg,refcocog_download,500,333,500,333,OK
335140,COCO_train2014_000000335140.jpg,refcocog_download,500,333,500,333,OK
335766,COCO_train2014_000000335766.jpg,refcocog_download,640,428,640,428,OK
336353,COCO_train2014_000000336353.jpg,refcocog_download,500,375,500,375,OK
336491,COCO_train2014_000000336491.jpg,frozen_refcoco_plus_bank,640,427,640,427,OK
336532,COCO_train2014_000000336532.jpg,refcocog_download,480,640,480,640,OK
336688,COCO_train2014_000000336688.jpg,frozen_refcoco_plus_bank,612,612,612,612,OK
336966,COCO_train2014_000000336966.jpg,refcocog_download,640,364,640,364,OK
337648,COCO_train2014_000000337648.jpg,refcocog_download,500,350,500,350,OK
338549,COCO_train2014_000000338549.jpg,refcocog_download,640,466,640,466,OK
339159,COCO_train2014_000000339159.jpg,refcocog_download,640,480,640,480,OK
340197,COCO_train2014_000000340197.jpg,refcocog_download,427,640,427,640,OK
340958,COCO_train2014_000000340958.jpg,refcocog_download,640,428,640,428,OK
342130,COCO_train2014_000000342130.jpg,refcocog_download,500,375,500,375,OK
342532,COCO_train2014_000000342532.jpg,refcocog_download,640,480,640,480,OK
343322,COCO_train2014_000000343322.jpg,refcocog_download,480,640,480,640,OK
343892,COCO_train2014_000000343892.jpg,refcocog_download,640,640,640,640,OK
344157,COCO_train2014_000000344157.jpg,refcocog_download,640,480,640,480,OK
344805,COCO_train2014_000000344805.jpg,refcocog_download,640,480,640,480,OK
345388,COCO_train2014_000000345388.jpg,frozen_refcoco_plus_bank,640,428,640,428,OK
345436,COCO_train2014_000000345436.jpg,refcocog_download,500,337,500,337,OK
345842,COCO_train2014_000000345842.jpg,refcocog_download,366,500,366,500,OK
347483,COCO_train2014_000000347483.jpg,refcocog_download,640,428,640,428,OK
347495,COCO_train2014_000000347495.jpg,refcocog_download,426,640,426,640,OK
347787,COCO_train2014_000000347787.jpg,refcocog_download,500,375,500,375,OK
347796,COCO_train2014_000000347796.jpg,frozen_refcoco_plus_bank,541,640,541,640,OK
347948,COCO_train2014_000000347948.jpg,refcocog_download,640,480,640,480,OK
347976,COCO_train2014_000000347976.jpg,refcocog_download,333,500,333,500,OK
348850,COCO_train2014_000000348850.jpg,refcocog_download,640,499,640,499,OK
349403,COCO_train2014_000000349403.jpg,refcocog_download,640,480,640,480,OK
349442,COCO_train2014_000000349442.jpg,refcocog_download,640,262,640,262,OK
350191,COCO_train2014_000000350191.jpg,refcocog_download,427,640,427,640,OK
350335,COCO_train2014_000000350335.jpg,refcocog_download,424,640,424,640,OK
350421,COCO_train2014_000000350421.jpg,refcocog_download,640,427,640,427,OK
350596,COCO_train2014_000000350596.jpg,refcocog_download,640,427,640,427,OK
350984,COCO_train2014_000000350984.jpg,refcocog_download,500,375,500,375,OK
351384,COCO_train2014_000000351384.jpg,refcocog_download,640,475,640,475,OK
351403,COCO_train2014_000000351403.jpg,refcocog_download,507,480,507,480,OK
352061,COCO_train2014_000000352061.jpg,refcocog_download,640,445,640,445,OK
352091,COCO_train2014_000000352091.jpg,refcocog_download,480,640,480,640,OK
352511,COCO_train2014_000000352511.jpg,refcocog_download,480,640,480,640,OK
354318,COCO_train2014_000000354318.jpg,refcocog_download,640,427,640,427,OK
356097,COCO_train2014_000000356097.jpg,refcocog_download,640,452,640,452,OK
356159,COCO_train2014_000000356159.jpg,refcocog_download,640,364,640,364,OK
356435,COCO_train2014_000000356435.jpg,refcocog_download,375,500,375,500,OK
358462,COCO_train2014_000000358462.jpg,refcocog_download,640,427,640,427,OK
358580,COCO_train2014_000000358580.jpg,refcocog_download,640,480,640,480,OK
358767,COCO_train2014_000000358767.jpg,refcocog_download,333,500,333,500,OK
359565,COCO_train2014_000000359565.jpg,refcocog_download,376,640,376,640,OK
360110,COCO_train2014_000000360110.jpg,refcocog_download,400,500,400,500,OK
361132,COCO_train2014_000000361132.jpg,refcocog_download,467,500,467,500,OK
361469,COCO_train2014_000000361469.jpg,refcocog_download,375,500,375,500,OK
362071,COCO_train2014_000000362071.jpg,refcocog_download,640,480,640,480,OK
362301,COCO_train2014_000000362301.jpg,refcocog_download,640,480,640,480,OK
363224,COCO_train2014_000000363224.jpg,refcocog_download,640,427,640,427,OK
364653,COCO_train2014_000000364653.jpg,frozen_refcoco_plus_bank,640,419,640,419,OK
365082,COCO_train2014_000000365082.jpg,refcocog_download,427,640,427,640,OK
365284,COCO_train2014_000000365284.jpg,refcocog_download,640,427,640,427,OK
365527,COCO_train2014_000000365527.jpg,refcocog_download,406,640,406,640,OK
365573,COCO_train2014_000000365573.jpg,refcocog_download,500,333,500,333,OK
365614,COCO_train2014_000000365614.jpg,refcocog_download,640,640,640,640,OK
366373,COCO_train2014_000000366373.jpg,refcocog_download,640,480,640,480,OK
366469,COCO_train2014_000000366469.jpg,refcocog_download,333,500,333,500,OK
366702,COCO_train2014_000000366702.jpg,refcocog_download,640,427,640,427,OK
367020,COCO_train2014_000000367020.jpg,refcocog_download,428,640,428,640,OK
367375,COCO_train2014_000000367375.jpg,refcocog_download,640,427,640,427,OK
368014,COCO_train2014_000000368014.jpg,refcocog_download,640,482,640,482,OK
368409,COCO_train2014_000000368409.jpg,refcocog_download,640,480,640,480,OK
368647,COCO_train2014_000000368647.jpg,refcocog_download,640,427,640,427,OK
369931,COCO_train2014_000000369931.jpg,refcocog_download,640,480,640,480,OK
371134,COCO_train2014_000000371134.jpg,refcocog_download,640,427,640,427,OK
371577,COCO_train2014_000000371577.jpg,refcocog_download,640,480,640,480,OK
372121,COCO_train2014_000000372121.jpg,refcocog_download,640,478,640,478,OK
373153,COCO_train2014_000000373153.jpg,refcocog_download,640,480,640,480,OK
373259,COCO_train2014_000000373259.jpg,refcocog_download,509,503,509,503,OK
373338,COCO_train2014_000000373338.jpg,refcocog_download,640,427,640,427,OK
373639,COCO_train2014_000000373639.jpg,frozen_refcoco_plus_bank,640,480,640,480,OK
373731,COCO_train2014_000000373731.jpg,refcocog_download,640,360,640,360,OK
373747,COCO_train2014_000000373747.jpg,refcocog_download,500,333,500,333,OK
374171,COCO_train2014_000000374171.jpg,refcocog_download,495,500,495,500,OK
374180,COCO_train2014_000000374180.jpg,refcocog_download,640,503,640,503,OK
374308,COCO_train2014_000000374308.jpg,refcocog_download,640,480,640,480,OK
374374,COCO_train2014_000000374374.jpg,frozen_refcoco_plus_bank,640,428,640,428,OK
374453,COCO_train2014_000000374453.jpg,refcocog_download,375,500,375,500,OK
374946,COCO_train2014_000000374946.jpg,refcocog_download,640,480,640,480,OK
375054,COCO_train2014_000000375054.jpg,refcocog_download,466,640,466,640,OK
375311,COCO_train2014_000000375311.jpg,refcocog_download,640,360,640,360,OK
375568,COCO_train2014_000000375568.jpg,frozen_refcoco_plus_bank,612,612,612,612,OK
376024,COCO_train2014_000000376024.jpg,refcocog_download,640,427,640,427,OK
376953,COCO_train2014_000000376953.jpg,refcocog_download,333,500,333,500,OK
377456,COCO_train2014_000000377456.jpg,refcocog_download,500,333,500,333,OK
377709,COCO_train2014_000000377709.jpg,refcocog_download,640,400,640,400,OK
378090,COCO_train2014_000000378090.jpg,refcocog_download,296,444,296,444,OK
378864,COCO_train2014_000000378864.jpg,refcocog_download,640,480,640,480,OK
379246,COCO_train2014_000000379246.jpg,refcocog_download,500,239,500,239,OK
379564,COCO_train2014_000000379564.jpg,refcocog_download,640,480,640,480,OK
380171,COCO_train2014_000000380171.jpg,refcocog_download,640,480,640,480,OK
381509,COCO_train2014_000000381509.jpg,refcocog_download,640,427,640,427,OK
381858,COCO_train2014_000000381858.jpg,frozen_refcoco_plus_bank,640,480,640,480,OK
382559,COCO_train2014_000000382559.jpg,refcocog_download,640,426,640,426,OK
382643,COCO_train2014_000000382643.jpg,refcocog_download,640,480,640,480,OK
382742,COCO_train2014_000000382742.jpg,refcocog_download,425,640,425,640,OK
383154,COCO_train2014_000000383154.jpg,refcocog_download,640,480,640,480,OK
384027,COCO_train2014_000000384027.jpg,refcocog_download,640,480,640,480,OK
384790,COCO_train2014_000000384790.jpg,refcocog_download,640,440,640,440,OK
385118,COCO_train2014_000000385118.jpg,refcocog_download,640,426,640,426,OK
385305,COCO_train2014_000000385305.jpg,refcocog_download,640,388,640,388,OK
386684,COCO_train2014_000000386684.jpg,refcocog_download,640,553,640,553,OK
388171,COCO_train2014_000000388171.jpg,refcocog_download,640,430,640,430,OK
388740,COCO_train2014_000000388740.jpg,refcocog_download,640,424,640,424,OK
388991,COCO_train2014_000000388991.jpg,refcocog_download,480,640,480,640,OK
389137,COCO_train2014_000000389137.jpg,refcocog_download,640,483,640,483,OK
389681,COCO_train2014_000000389681.jpg,refcocog_download,480,480,480,480,OK
390125,COCO_train2014_000000390125.jpg,refcocog_download,640,480,640,480,OK
390908,COCO_train2014_000000390908.jpg,refcocog_download,640,480,640,480,OK
391237,COCO_train2014_000000391237.jpg,refcocog_download,640,248,640,248,OK
391492,COCO_train2014_000000391492.jpg,refcocog_download,640,428,640,428,OK
391600,COCO_train2014_000000391600.jpg,refcocog_download,640,480,640,480,OK
392936,COCO_train2014_000000392936.jpg,refcocog_download,640,427,640,427,OK
393159,COCO_train2014_000000393159.jpg,refcocog_download,480,640,480,640,OK
393493,COCO_train2014_000000393493.jpg,refcocog_download,500,400,500,400,OK
394065,COCO_train2014_000000394065.jpg,refcocog_download,640,480,640,480,OK
394139,COCO_train2014_000000394139.jpg,refcocog_download,640,377,640,377,OK
394172,COCO_train2014_000000394172.jpg,refcocog_download,375,500,375,500,OK
394527,COCO_train2014_000000394527.jpg,refcocog_download,500,375,500,375,OK
395040,COCO_train2014_000000395040.jpg,refcocog_download,640,425,640,425,OK
395169,COCO_train2014_000000395169.jpg,refcocog_download,500,333,500,333,OK
396663,COCO_train2014_000000396663.jpg,frozen_refcoco_plus_bank,640,427,640,427,OK
397058,COCO_train2014_000000397058.jpg,refcocog_download,640,464,640,464,OK
397687,COCO_train2014_000000397687.jpg,refcocog_download,640,480,640,480,OK
397877,COCO_train2014_000000397877.jpg,refcocog_download,480,640,480,640,OK
397929,COCO_train2014_000000397929.jpg,refcocog_download,640,480,640,480,OK
398017,COCO_train2014_000000398017.jpg,refcocog_download,500,375,500,375,OK
398164,COCO_train2014_000000398164.jpg,refcocog_download,640,424,640,424,OK
398733,COCO_train2014_000000398733.jpg,refcocog_download,640,427,640,427,OK
398924,COCO_train2014_000000398924.jpg,frozen_refcoco_plus_bank,640,480,640,480,OK
399064,COCO_train2014_000000399064.jpg,refcocog_download,640,427,640,427,OK
400343,COCO_train2014_000000400343.jpg,frozen_refcoco_plus_bank,480,640,480,640,OK
401136,COCO_train2014_000000401136.jpg,refcocog_download,423,640,423,640,OK
401147,COCO_train2014_000000401147.jpg,refcocog_download,500,375,500,375,OK
401173,COCO_train2014_000000401173.jpg,refcocog_download,500,333,500,333,OK
401392,COCO_train2014_000000401392.jpg,refcocog_download,640,396,640,396,OK
401846,COCO_train2014_000000401846.jpg,refcocog_download,640,425,640,425,OK
401917,COCO_train2014_000000401917.jpg,refcocog_download,427,640,427,640,OK
402833,COCO_train2014_000000402833.jpg,refcocog_download,640,480,640,480,OK
403064,COCO_train2014_000000403064.jpg,refcocog_download,640,480,640,480,OK
405181,COCO_train2014_000000405181.jpg,refcocog_download,500,375,500,375,OK
405324,COCO_train2014_000000405324.jpg,refcocog_download,333,500,333,500,OK
405579,COCO_train2014_000000405579.jpg,refcocog_download,640,427,640,427,OK
406420,COCO_train2014_000000406420.jpg,refcocog_download,640,481,640,481,OK
406666,COCO_train2014_000000406666.jpg,refcocog_download,450,338,450,338,OK
406895,COCO_train2014_000000406895.jpg,refcocog_download,500,333,500,333,OK
406933,COCO_train2014_000000406933.jpg,refcocog_download,640,493,640,493,OK
408792,COCO_train2014_000000408792.jpg,refcocog_download,428,640,428,640,OK
409316,COCO_train2014_000000409316.jpg,refcocog_download,640,427,640,427,OK
409732,COCO_train2014_000000409732.jpg,frozen_refcoco_plus_bank,640,478,640,478,OK
410373,COCO_train2014_000000410373.jpg,refcocog_download,640,224,640,224,OK
410687,COCO_train2014_000000410687.jpg,refcocog_download,427,640,427,640,OK
411261,COCO_train2014_000000411261.jpg,refcocog_download,500,375,500,375,OK
411441,COCO_train2014_000000411441.jpg,refcocog_download,640,480,640,480,OK
412167,COCO_train2014_000000412167.jpg,frozen_refcoco_plus_bank,640,571,640,571,OK
412195,COCO_train2014_000000412195.jpg,refcocog_download,500,333,500,333,OK
412868,COCO_train2014_000000412868.jpg,refcocog_download,480,640,480,640,OK
413121,COCO_train2014_000000413121.jpg,refcocog_download,640,423,640,423,OK
413869,COCO_train2014_000000413869.jpg,refcocog_download,640,283,640,283,OK
414130,COCO_train2014_000000414130.jpg,refcocog_download,500,333,500,333,OK
414588,COCO_train2014_000000414588.jpg,refcocog_download,640,423,640,423,OK
414772,COCO_train2014_000000414772.jpg,refcocog_download,640,360,640,360,OK
414961,COCO_train2014_000000414961.jpg,frozen_refcoco_plus_bank,640,427,640,427,OK
415499,COCO_train2014_000000415499.jpg,refcocog_download,640,480,640,480,OK
415570,COCO_train2014_000000415570.jpg,refcocog_download,640,426,640,426,OK
415697,COCO_train2014_000000415697.jpg,frozen_refcoco_plus_bank,426,640,426,640,OK
416477,COCO_train2014_000000416477.jpg,refcocog_download,640,427,640,427,OK
416612,COCO_train2014_000000416612.jpg,refcocog_download,427,640,427,640,OK
416644,COCO_train2014_000000416644.jpg,refcocog_download,640,480,640,480,OK
416723,COCO_train2014_000000416723.jpg,frozen_refcoco_plus_bank,640,426,640,426,OK
417834,COCO_train2014_000000417834.jpg,refcocog_download,640,480,640,480,OK
418736,COCO_train2014_000000418736.jpg,refcocog_download,640,426,640,426,OK
418935,COCO_train2014_000000418935.jpg,refcocog_download,640,426,640,426,OK
419627,COCO_train2014_000000419627.jpg,refcocog_download,640,425,640,425,OK
419645,COCO_train2014_000000419645.jpg,refcocog_download,640,431,640,431,OK
419879,COCO_train2014_000000419879.jpg,refcocog_download,425,640,425,640,OK
420221,COCO_train2014_000000420221.jpg,refcocog_download,612,612,612,612,OK
420524,COCO_train2014_000000420524.jpg,refcocog_download,640,427,640,427,OK
421005,COCO_train2014_000000421005.jpg,refcocog_download,427,640,427,640,OK
421560,COCO_train2014_000000421560.jpg,refcocog_download,480,640,480,640,OK
421562,COCO_train2014_000000421562.jpg,refcocog_download,640,424,640,424,OK
421677,COCO_train2014_000000421677.jpg,refcocog_download,640,534,640,534,OK
422127,COCO_train2014_000000422127.jpg,refcocog_download,640,480,640,480,OK
422452,COCO_train2014_000000422452.jpg,refcocog_download,640,426,640,426,OK
423107,COCO_train2014_000000423107.jpg,refcocog_download,640,427,640,427,OK
423114,COCO_train2014_000000423114.jpg,refcocog_download,640,359,640,359,OK
423988,COCO_train2014_000000423988.jpg,refcocog_download,442,640,442,640,OK
424222,COCO_train2014_000000424222.jpg,refcocog_download,640,426,640,426,OK
425141,COCO_train2014_000000425141.jpg,refcocog_download,480,640,480,640,OK
425148,COCO_train2014_000000425148.jpg,refcocog_download,640,478,640,478,OK
425175,COCO_train2014_000000425175.jpg,refcocog_download,640,360,640,360,OK
425415,COCO_train2014_000000425415.jpg,refcocog_download,640,532,640,532,OK
425497,COCO_train2014_000000425497.jpg,refcocog_download,480,640,480,640,OK
425758,COCO_train2014_000000425758.jpg,refcocog_download,640,480,640,480,OK
426016,COCO_train2014_000000426016.jpg,refcocog_download,375,500,375,500,OK
426427,COCO_train2014_000000426427.jpg,refcocog_download,640,427,640,427,OK
426525,COCO_train2014_000000426525.jpg,frozen_refcoco_plus_bank,640,424,640,424,OK
426888,COCO_train2014_000000426888.jpg,refcocog_download,500,375,500,375,OK
426903,COCO_train2014_000000426903.jpg,refcocog_download,422,640,422,640,OK
427051,COCO_train2014_000000427051.jpg,frozen_refcoco_plus_bank,640,480,640,480,OK
427060,COCO_train2014_000000427060.jpg,refcocog_download,500,333,500,333,OK
427308,COCO_train2014_000000427308.jpg,refcocog_download,640,480,640,480,OK
427310,COCO_train2014_000000427310.jpg,refcocog_download,640,469,640,469,OK
428445,COCO_train2014_000000428445.jpg,refcocog_download,426,255,426,255,OK
428587,COCO_train2014_000000428587.jpg,refcocog_download,640,480,640,480,OK
429040,COCO_train2014_000000429040.jpg,refcocog_download,500,375,500,375,OK
429887,COCO_train2014_000000429887.jpg,frozen_refcoco_plus_bank,427,640,427,640,OK
430148,COCO_train2014_000000430148.jpg,refcocog_download,640,480,640,480,OK
430159,COCO_train2014_000000430159.jpg,refcocog_download,333,500,333,500,OK
430394,COCO_train2014_000000430394.jpg,refcocog_download,452,500,452,500,OK
430950,COCO_train2014_000000430950.jpg,refcocog_download,612,612,612,612,OK
431340,COCO_train2014_000000431340.jpg,refcocog_download,500,375,500,375,OK
431526,COCO_train2014_000000431526.jpg,refcocog_download,640,480,640,480,OK
431613,COCO_train2014_000000431613.jpg,refcocog_download,640,427,640,427,OK
431947,COCO_train2014_000000431947.jpg,refcocog_download,640,331,640,331,OK
432417,COCO_train2014_000000432417.jpg,refcocog_download,640,427,640,427,OK
432603,COCO_train2014_000000432603.jpg,refcocog_download,480,640,480,640,OK
432673,COCO_train2014_000000432673.jpg,refcocog_download,500,375,500,375,OK
432914,COCO_train2014_000000432914.jpg,refcocog_download,640,427,640,427,OK
433619,COCO_train2014_000000433619.jpg,refcocog_download,480,640,480,640,OK
433704,COCO_train2014_000000433704.jpg,refcocog_download,640,480,640,480,OK
433874,COCO_train2014_000000433874.jpg,refcocog_download,640,427,640,427,OK
434067,COCO_train2014_000000434067.jpg,refcocog_download,640,423,640,423,OK
434857,COCO_train2014_000000434857.jpg,refcocog_download,480,640,480,640,OK
434894,COCO_train2014_000000434894.jpg,refcocog_download,640,383,640,383,OK
436306,COCO_train2014_000000436306.jpg,refcocog_download,640,640,640,640,OK
436649,COCO_train2014_000000436649.jpg,refcocog_download,640,360,640,360,OK
437416,COCO_train2014_000000437416.jpg,refcocog_download,640,480,640,480,OK
438769,COCO_train2014_000000438769.jpg,refcocog_download,457,640,457,640,OK
439784,COCO_train2014_000000439784.jpg,refcocog_download,640,480,640,480,OK
440310,COCO_train2014_000000440310.jpg,refcocog_download,640,533,640,533,OK
440623,COCO_train2014_000000440623.jpg,refcocog_download,640,425,640,425,OK
441544,COCO_train2014_000000441544.jpg,refcocog_download,640,480,640,480,OK
442268,COCO_train2014_000000442268.jpg,refcocog_download,480,640,480,640,OK
442878,COCO_train2014_000000442878.jpg,refcocog_download,500,429,500,429,OK
442977,COCO_train2014_000000442977.jpg,refcocog_download,480,640,480,640,OK
444037,COCO_train2014_000000444037.jpg,refcocog_download,612,612,612,612,OK
444583,COCO_train2014_000000444583.jpg,refcocog_download,424,640,424,640,OK
446307,COCO_train2014_000000446307.jpg,refcocog_download,640,391,640,391,OK
446661,COCO_train2014_000000446661.jpg,refcocog_download,640,428,640,428,OK
447197,COCO_train2014_000000447197.jpg,refcocog_download,640,480,640,480,OK
447297,COCO_train2014_000000447297.jpg,refcocog_download,640,359,640,359,OK
448046,COCO_train2014_000000448046.jpg,refcocog_download,500,375,500,375,OK
448131,COCO_train2014_000000448131.jpg,refcocog_download,640,400,640,400,OK
448689,COCO_train2014_000000448689.jpg,refcocog_download,640,480,640,480,OK
448824,COCO_train2014_000000448824.jpg,refcocog_download,640,449,640,449,OK
449136,COCO_train2014_000000449136.jpg,refcocog_download,640,318,640,318,OK
449701,COCO_train2014_000000449701.jpg,refcocog_download,583,437,583,437,OK
451407,COCO_train2014_000000451407.jpg,refcocog_download,640,426,640,426,OK
451529,COCO_train2014_000000451529.jpg,refcocog_download,500,333,500,333,OK
451953,COCO_train2014_000000451953.jpg,refcocog_download,640,427,640,427,OK
452088,COCO_train2014_000000452088.jpg,refcocog_download,425,640,425,640,OK
452750,COCO_train2014_000000452750.jpg,refcocog_download,500,333,500,333,OK
452806,COCO_train2014_000000452806.jpg,refcocog_download,480,640,480,640,OK
452979,COCO_train2014_000000452979.jpg,refcocog_download,480,640,480,640,OK
453260,COCO_train2014_000000453260.jpg,refcocog_download,480,640,480,640,OK
454162,COCO_train2014_000000454162.jpg,refcocog_download,640,480,640,480,OK
454219,COCO_train2014_000000454219.jpg,refcocog_download,425,640,425,640,OK
454898,COCO_train2014_000000454898.jpg,refcocog_download,640,414,640,414,OK
454928,COCO_train2014_000000454928.jpg,refcocog_download,640,480,640,480,OK
455554,COCO_train2014_000000455554.jpg,refcocog_download,312,480,312,480,OK
455791,COCO_train2014_000000455791.jpg,refcocog_download,360,640,360,640,OK
456453,COCO_train2014_000000456453.jpg,refcocog_download,640,426,640,426,OK
457720,COCO_train2014_000000457720.jpg,refcocog_download,640,480,640,480,OK
458042,COCO_train2014_000000458042.jpg,refcocog_download,640,513,640,513,OK
458286,COCO_train2014_000000458286.jpg,refcocog_download,638,640,638,640,OK
459835,COCO_train2014_000000459835.jpg,refcocog_download,640,320,640,320,OK
460164,COCO_train2014_000000460164.jpg,refcocog_download,500,367,500,367,OK
460715,COCO_train2014_000000460715.jpg,refcocog_download,640,480,640,480,OK
461799,COCO_train2014_000000461799.jpg,refcocog_download,640,233,640,233,OK
462129,COCO_train2014_000000462129.jpg,refcocog_download,640,640,640,640,OK
462398,COCO_train2014_000000462398.jpg,frozen_refcoco_plus_bank,640,427,640,427,OK
463613,COCO_train2014_000000463613.jpg,refcocog_download,640,480,640,480,OK
463702,COCO_train2014_000000463702.jpg,refcocog_download,375,500,375,500,OK
464784,COCO_train2014_000000464784.jpg,refcocog_download,458,640,458,640,OK
464965,COCO_train2014_000000464965.jpg,refcocog_download,640,480,640,480,OK
465196,COCO_train2014_000000465196.jpg,refcocog_download,480,640,480,640,OK
466964,COCO_train2014_000000466964.jpg,refcocog_download,640,480,640,480,OK
467113,COCO_train2014_000000467113.jpg,refcocog_download,427,640,427,640,OK
467126,COCO_train2014_000000467126.jpg,refcocog_download,375,500,375,500,OK
467840,COCO_train2014_000000467840.jpg,refcocog_download,480,640,480,640,OK
468276,COCO_train2014_000000468276.jpg,refcocog_download,640,480,640,480,OK
468876,COCO_train2014_000000468876.jpg,refcocog_download,640,480,640,480,OK
470002,COCO_train2014_000000470002.jpg,refcocog_download,480,640,480,640,OK
470012,COCO_train2014_000000470012.jpg,refcocog_download,640,427,640,427,OK
470028,COCO_train2014_000000470028.jpg,refcocog_download,640,427,640,427,OK
470305,COCO_train2014_000000470305.jpg,refcocog_download,640,396,640,396,OK
470471,COCO_train2014_000000470471.jpg,refcocog_download,500,375,500,375,OK
471352,COCO_train2014_000000471352.jpg,refcocog_download,640,428,640,428,OK
471788,COCO_train2014_000000471788.jpg,refcocog_download,500,500,500,500,OK
472320,COCO_train2014_000000472320.jpg,refcocog_download,361,640,361,640,OK
472502,COCO_train2014_000000472502.jpg,refcocog_download,457,640,457,640,OK
472686,COCO_train2014_000000472686.jpg,refcocog_download,472,640,472,640,OK
473403,COCO_train2014_000000473403.jpg,refcocog_download,500,375,500,375,OK
473745,COCO_train2014_000000473745.jpg,refcocog_download,640,427,640,427,OK
473773,COCO_train2014_000000473773.jpg,refcocog_download,640,429,640,429,OK
473985,COCO_train2014_000000473985.jpg,refcocog_download,640,480,640,480,OK
474545,COCO_train2014_000000474545.jpg,refcocog_download,640,480,640,480,OK
475415,COCO_train2014_000000475415.jpg,refcocog_download,640,427,640,427,OK
475999,COCO_train2014_000000475999.jpg,frozen_refcoco_plus_bank,640,480,640,480,OK
476155,COCO_train2014_000000476155.jpg,refcocog_download,480,640,480,640,OK
476269,COCO_train2014_000000476269.jpg,refcocog_download,640,427,640,427,OK
476520,COCO_train2014_000000476520.jpg,refcocog_download,640,259,640,259,OK
477015,COCO_train2014_000000477015.jpg,refcocog_download,640,480,640,480,OK
477471,COCO_train2014_000000477471.jpg,refcocog_download,640,480,640,480,OK
478092,COCO_train2014_000000478092.jpg,refcocog_download,500,375,500,375,OK
478445,COCO_train2014_000000478445.jpg,refcocog_download,640,424,640,424,OK
478532,COCO_train2014_000000478532.jpg,refcocog_download,640,426,640,426,OK
479666,COCO_train2014_000000479666.jpg,refcocog_download,640,427,640,427,OK
479670,COCO_train2014_000000479670.jpg,refcocog_download,640,479,640,479,OK
479867,COCO_train2014_000000479867.jpg,refcocog_download,640,480,640,480,OK
480115,COCO_train2014_000000480115.jpg,refcocog_download,640,405,640,405,OK
481185,COCO_train2014_000000481185.jpg,refcocog_download,640,427,640,427,OK
481257,COCO_train2014_000000481257.jpg,refcocog_download,640,438,640,438,OK
481971,COCO_train2014_000000481971.jpg,refcocog_download,640,480,640,480,OK
483752,COCO_train2014_000000483752.jpg,refcocog_download,640,480,640,480,OK
484171,COCO_train2014_000000484171.jpg,refcocog_download,640,480,640,480,OK
485940,COCO_train2014_000000485940.jpg,refcocog_download,640,480,640,480,OK
486125,COCO_train2014_000000486125.jpg,refcocog_download,640,425,640,425,OK
487260,COCO_train2014_000000487260.jpg,refcocog_download,640,360,640,360,OK
488033,COCO_train2014_000000488033.jpg,refcocog_download,427,640,427,640,OK
488880,COCO_train2014_000000488880.jpg,refcocog_download,640,480,640,480,OK
490097,COCO_train2014_000000490097.jpg,refcocog_download,640,444,640,444,OK
490184,COCO_train2014_000000490184.jpg,refcocog_download,640,296,640,296,OK
490801,COCO_train2014_000000490801.jpg,frozen_refcoco_plus_bank,610,635,610,635,OK
491018,COCO_train2014_000000491018.jpg,refcocog_download,429,640,429,640,OK
491400,COCO_train2014_000000491400.jpg,refcocog_download,640,640,640,640,OK
491727,COCO_train2014_000000491727.jpg,refcocog_download,640,360,640,360,OK
491733,COCO_train2014_000000491733.jpg,refcocog_download,640,409,640,409,OK
493131,COCO_train2014_000000493131.jpg,refcocog_download,640,457,640,457,OK
493407,COCO_train2014_000000493407.jpg,refcocog_download,485,640,485,640,OK
493793,COCO_train2014_000000493793.jpg,refcocog_download,612,612,612,612,OK
493851,COCO_train2014_000000493851.jpg,refcocog_download,640,480,640,480,OK
494138,COCO_train2014_000000494138.jpg,refcocog_download,640,425,640,425,OK
494190,COCO_train2014_000000494190.jpg,refcocog_download,640,480,640,480,OK
494382,COCO_train2014_000000494382.jpg,frozen_refcoco_plus_bank,480,640,480,640,OK
495169,COCO_train2014_000000495169.jpg,frozen_refcoco_plus_bank,640,480,640,480,OK
495387,COCO_train2014_000000495387.jpg,refcocog_download,427,640,427,640,OK
495460,COCO_train2014_000000495460.jpg,refcocog_download,640,360,640,360,OK
495790,COCO_train2014_000000495790.jpg,refcocog_download,640,480,640,480,OK
496018,COCO_train2014_000000496018.jpg,refcocog_download,427,640,427,640,OK
496097,COCO_train2014_000000496097.jpg,refcocog_download,640,425,640,425,OK
498079,COCO_train2014_000000498079.jpg,refcocog_download,640,582,640,582,OK
498729,COCO_train2014_000000498729.jpg,refcocog_download,640,480,640,480,OK
499204,COCO_train2014_000000499204.jpg,refcocog_download,640,480,640,480,OK
499760,COCO_train2014_000000499760.jpg,refcocog_download,640,570,640,570,OK
500904,COCO_train2014_000000500904.jpg,refcocog_download,640,640,640,640,OK
501972,COCO_train2014_000000501972.jpg,refcocog_download,640,425,640,425,OK
502114,COCO_train2014_000000502114.jpg,refcocog_download,640,427,640,427,OK
502838,COCO_train2014_000000502838.jpg,refcocog_download,640,480,640,480,OK
502971,COCO_train2014_000000502971.jpg,refcocog_download,640,427,640,427,OK
503906,COCO_train2014_000000503906.jpg,frozen_refcoco_plus_bank,640,427,640,427,OK
505347,COCO_train2014_000000505347.jpg,refcocog_download,640,428,640,428,OK
505479,COCO_train2014_000000505479.jpg,refcocog_download,480,319,480,319,OK
505625,COCO_train2014_000000505625.jpg,refcocog_download,640,480,640,480,OK
505626,COCO_train2014_000000505626.jpg,refcocog_download,640,504,640,504,OK
505980,COCO_train2014_000000505980.jpg,refcocog_download,640,453,640,453,OK
506640,COCO_train2014_000000506640.jpg,refcocog_download,640,424,640,424,OK
507881,COCO_train2014_000000507881.jpg,refcocog_download,640,478,640,478,OK
509579,COCO_train2014_000000509579.jpg,refcocog_download,453,640,453,640,OK
509740,COCO_train2014_000000509740.jpg,refcocog_download,640,360,640,360,OK
510061,COCO_train2014_000000510061.jpg,refcocog_download,640,427,640,427,OK
510418,COCO_train2014_000000510418.jpg,refcocog_download,446,640,446,640,OK
511358,COCO_train2014_000000511358.jpg,refcocog_download,640,480,640,480,OK
511373,COCO_train2014_000000511373.jpg,refcocog_download,640,480,640,480,OK
511706,COCO_train2014_000000511706.jpg,refcocog_download,640,480,640,480,OK
512380,COCO_train2014_000000512380.jpg,refcocog_download,640,480,640,480,OK
512734,COCO_train2014_000000512734.jpg,refcocog_download,640,428,640,428,OK
512920,COCO_train2014_000000512920.jpg,refcocog_download,640,426,640,426,OK
513324,COCO_train2014_000000513324.jpg,refcocog_download,640,480,640,480,OK
513445,COCO_train2014_000000513445.jpg,refcocog_download,640,426,640,426,OK
513541,COCO_train2014_000000513541.jpg,refcocog_download,640,480,640,480,OK
514404,COCO_train2014_000000514404.jpg,refcocog_download,480,640,480,640,OK
514771,COCO_train2014_000000514771.jpg,refcocog_download,640,425,640,425,OK
515252,COCO_train2014_000000515252.jpg,frozen_refcoco_plus_bank,640,456,640,456,OK
515518,COCO_train2014_000000515518.jpg,refcocog_download,427,640,427,640,OK
515893,COCO_train2014_000000515893.jpg,refcocog_download,375,500,375,500,OK
516439,COCO_train2014_000000516439.jpg,refcocog_download,612,640,612,640,OK
517101,COCO_train2014_000000517101.jpg,refcocog_download,479,640,479,640,OK
517144,COCO_train2014_000000517144.jpg,refcocog_download,500,313,500,313,OK
517494,COCO_train2014_000000517494.jpg,refcocog_download,640,359,640,359,OK
518664,COCO_train2014_000000518664.jpg,refcocog_download,640,480,640,480,OK
519228,COCO_train2014_000000519228.jpg,refcocog_download,640,423,640,423,OK
519376,COCO_train2014_000000519376.jpg,refcocog_download,500,333,500,333,OK
519836,COCO_train2014_000000519836.jpg,refcocog_download,400,500,400,500,OK
519929,COCO_train2014_000000519929.jpg,refcocog_download,500,375,500,375,OK
520087,COCO_train2014_000000520087.jpg,refcocog_download,640,480,640,480,OK
520092,COCO_train2014_000000520092.jpg,refcocog_download,444,500,444,500,OK
520486,COCO_train2014_000000520486.jpg,refcocog_download,500,326,500,326,OK
521797,COCO_train2014_000000521797.jpg,refcocog_download,640,640,640,640,OK
521847,COCO_train2014_000000521847.jpg,refcocog_download,500,375,500,375,OK
521923,COCO_train2014_000000521923.jpg,refcocog_download,500,375,500,375,OK
522687,COCO_train2014_000000522687.jpg,refcocog_download,480,640,480,640,OK
522996,COCO_train2014_000000522996.jpg,refcocog_download,450,338,450,338,OK
523505,COCO_train2014_000000523505.jpg,frozen_refcoco_plus_bank,640,480,640,480,OK
523617,COCO_train2014_000000523617.jpg,refcocog_download,442,330,442,330,OK
524820,COCO_train2014_000000524820.jpg,refcocog_download,500,333,500,333,OK
525152,COCO_train2014_000000525152.jpg,refcocog_download,426,640,426,640,OK
525171,COCO_train2014_000000525171.jpg,refcocog_download,640,428,640,428,OK
525589,COCO_train2014_000000525589.jpg,refcocog_download,640,480,640,480,OK
525591,COCO_train2014_000000525591.jpg,refcocog_download,640,480,640,480,OK
526301,COCO_train2014_000000526301.jpg,refcocog_download,500,375,500,375,OK
527173,COCO_train2014_000000527173.jpg,refcocog_download,500,362,500,362,OK
527879,COCO_train2014_000000527879.jpg,refcocog_download,640,427,640,427,OK
528213,COCO_train2014_000000528213.jpg,refcocog_download,500,337,500,337,OK
528418,COCO_train2014_000000528418.jpg,refcocog_download,427,640,427,640,OK
530729,COCO_train2014_000000530729.jpg,refcocog_download,640,480,640,480,OK
530796,COCO_train2014_000000530796.jpg,refcocog_download,640,480,640,480,OK
532419,COCO_train2014_000000532419.jpg,frozen_refcoco_plus_bank,640,480,640,480,OK
532668,COCO_train2014_000000532668.jpg,refcocog_download,640,427,640,427,OK
534292,COCO_train2014_000000534292.jpg,frozen_refcoco_plus_bank,480,640,480,640,OK
534443,COCO_train2014_000000534443.jpg,refcocog_download,640,427,640,427,OK
534502,COCO_train2014_000000534502.jpg,refcocog_download,420,640,420,640,OK
534573,COCO_train2014_000000534573.jpg,refcocog_download,640,366,640,366,OK
534663,COCO_train2014_000000534663.jpg,refcocog_download,640,433,640,433,OK
535860,COCO_train2014_000000535860.jpg,refcocog_download,640,480,640,480,OK
537127,COCO_train2014_000000537127.jpg,frozen_refcoco_plus_bank,500,334,500,334,OK
537188,COCO_train2014_000000537188.jpg,frozen_refcoco_plus_bank,640,480,640,480,OK
537304,COCO_train2014_000000537304.jpg,refcocog_download,640,425,640,425,OK
537621,COCO_train2014_000000537621.jpg,refcocog_download,640,427,640,427,OK
537648,COCO_train2014_000000537648.jpg,refcocog_download,640,480,640,480,OK
538210,COCO_train2014_000000538210.jpg,refcocog_download,500,375,500,375,OK
538411,COCO_train2014_000000538411.jpg,refcocog_download,427,640,427,640,OK
538470,COCO_train2014_000000538470.jpg,refcocog_download,488,640,488,640,OK
538872,COCO_train2014_000000538872.jpg,frozen_refcoco_plus_bank,640,407,640,407,OK
539255,COCO_train2014_000000539255.jpg,refcocog_download,640,480,640,480,OK
539924,COCO_train2014_000000539924.jpg,refcocog_download,413,640,413,640,OK
541706,COCO_train2014_000000541706.jpg,refcocog_download,500,375,500,375,OK
542112,COCO_train2014_000000542112.jpg,refcocog_download,640,480,640,480,OK
542391,COCO_train2014_000000542391.jpg,refcocog_download,500,429,500,429,OK
543490,COCO_train2014_000000543490.jpg,frozen_refcoco_plus_bank,640,457,640,457,OK
543881,COCO_train2014_000000543881.jpg,refcocog_download,640,429,640,429,OK
544001,COCO_train2014_000000544001.jpg,refcocog_download,640,424,640,424,OK
544026,COCO_train2014_000000544026.jpg,refcocog_download,259,387,259,387,OK
544127,COCO_train2014_000000544127.jpg,refcocog_download,480,640,480,640,OK
544215,COCO_train2014_000000544215.jpg,refcocog_download,640,480,640,480,OK
544703,COCO_train2014_000000544703.jpg,refcocog_download,640,316,640,316,OK
545651,COCO_train2014_000000545651.jpg,refcocog_download,640,361,640,361,OK
546447,COCO_train2014_000000546447.jpg,refcocog_download,448,640,448,640,OK
546944,COCO_train2014_000000546944.jpg,refcocog_download,640,480,640,480,OK
547662,COCO_train2014_000000547662.jpg,frozen_refcoco_plus_bank,500,375,500,375,OK
547703,COCO_train2014_000000547703.jpg,refcocog_download,340,500,340,500,OK
547767,COCO_train2014_000000547767.jpg,refcocog_download,600,393,600,393,OK
548184,COCO_train2014_000000548184.jpg,refcocog_download,640,480,640,480,OK
550746,COCO_train2014_000000550746.jpg,refcocog_download,478,640,478,640,OK
551651,COCO_train2014_000000551651.jpg,refcocog_download,443,640,443,640,OK
553428,COCO_train2014_000000553428.jpg,refcocog_download,480,640,480,640,OK
554310,COCO_train2014_000000554310.jpg,refcocog_download,500,375,500,375,OK
554452,COCO_train2014_000000554452.jpg,refcocog_download,426,640,426,640,OK
554756,COCO_train2014_000000554756.jpg,refcocog_download,640,469,640,469,OK
555273,COCO_train2014_000000555273.jpg,refcocog_download,640,480,640,480,OK
555683,COCO_train2014_000000555683.jpg,refcocog_download,640,480,640,480,OK
556360,COCO_train2014_000000556360.jpg,refcocog_download,640,424,640,424,OK
556383,COCO_train2014_000000556383.jpg,refcocog_download,640,360,640,360,OK
556492,COCO_train2014_000000556492.jpg,refcocog_download,640,318,640,318,OK
556617,COCO_train2014_000000556617.jpg,refcocog_download,640,427,640,427,OK
556783,COCO_train2014_000000556783.jpg,refcocog_download,350,219,350,219,OK
558018,COCO_train2014_000000558018.jpg,refcocog_download,640,427,640,427,OK
558570,COCO_train2014_000000558570.jpg,refcocog_download,640,428,640,428,OK
559301,COCO_train2014_000000559301.jpg,refcocog_download,640,429,640,429,OK
559544,COCO_train2014_000000559544.jpg,refcocog_download,640,384,640,384,OK
559566,COCO_train2014_000000559566.jpg,refcocog_download,640,466,640,466,OK
559840,COCO_train2014_000000559840.jpg,refcocog_download,480,640,480,640,OK
560489,COCO_train2014_000000560489.jpg,refcocog_download,500,375,500,375,OK
561082,COCO_train2014_000000561082.jpg,refcocog_download,640,427,640,427,OK
561163,COCO_train2014_000000561163.jpg,refcocog_download,640,427,640,427,OK
561354,COCO_train2014_000000561354.jpg,refcocog_download,640,425,640,425,OK
561543,COCO_train2014_000000561543.jpg,refcocog_download,612,612,612,612,OK
561590,COCO_train2014_000000561590.jpg,frozen_refcoco_plus_bank,640,427,640,427,OK
561913,COCO_train2014_000000561913.jpg,refcocog_download,500,244,500,244,OK
562330,COCO_train2014_000000562330.jpg,refcocog_download,640,428,640,428,OK
562348,COCO_train2014_000000562348.jpg,refcocog_download,640,425,640,425,OK
562401,COCO_train2014_000000562401.jpg,refcocog_download,640,480,640,480,OK
564073,COCO_train2014_000000564073.jpg,refcocog_download,640,425,640,425,OK
564253,COCO_train2014_000000564253.jpg,refcocog_download,640,292,640,292,OK
564302,COCO_train2014_000000564302.jpg,refcocog_download,640,424,640,424,OK
564421,COCO_train2014_000000564421.jpg,refcocog_download,426,640,426,640,OK
565115,COCO_train2014_000000565115.jpg,refcocog_download,640,427,640,427,OK
565938,COCO_train2014_000000565938.jpg,refcocog_download,640,486,640,486,OK
566308,COCO_train2014_000000566308.jpg,refcocog_download,424,640,424,640,OK
566584,COCO_train2014_000000566584.jpg,frozen_refcoco_plus_bank,640,426,640,426,OK
566681,COCO_train2014_000000566681.jpg,refcocog_download,480,640,480,640,OK
566992,COCO_train2014_000000566992.jpg,frozen_refcoco_plus_bank,640,427,640,427,OK
567268,COCO_train2014_000000567268.jpg,refcocog_download,478,640,478,640,OK
567616,COCO_train2014_000000567616.jpg,frozen_refcoco_plus_bank,640,525,640,525,OK
568974,COCO_train2014_000000568974.jpg,refcocog_download,500,375,500,375,OK
569062,COCO_train2014_000000569062.jpg,refcocog_download,500,333,500,333,OK
570822,COCO_train2014_000000570822.jpg,refcocog_download,478,640,478,640,OK
571441,COCO_train2014_000000571441.jpg,refcocog_download,640,360,640,360,OK
572439,COCO_train2014_000000572439.jpg,refcocog_download,640,478,640,478,OK
572923,COCO_train2014_000000572923.jpg,refcocog_download,640,428,640,428,OK
573485,COCO_train2014_000000573485.jpg,refcocog_download,640,480,640,480,OK
573815,COCO_train2014_000000573815.jpg,refcocog_download,500,400,500,400,OK
574248,COCO_train2014_000000574248.jpg,refcocog_download,640,480,640,480,OK
574497,COCO_train2014_000000574497.jpg,refcocog_download,640,418,640,418,OK
576188,COCO_train2014_000000576188.jpg,frozen_refcoco_plus_bank,640,426,640,426,OK
576376,COCO_train2014_000000576376.jpg,refcocog_download,427,640,427,640,OK
576749,COCO_train2014_000000576749.jpg,refcocog_download,520,640,520,640,OK
576758,COCO_train2014_000000576758.jpg,frozen_refcoco_plus_bank,640,420,640,420,OK
576896,COCO_train2014_000000576896.jpg,refcocog_download,640,360,640,360,OK
578619,COCO_train2014_000000578619.jpg,frozen_refcoco_plus_bank,640,480,640,480,OK
579937,COCO_train2014_000000579937.jpg,refcocog_download,640,640,640,640,OK
580446,COCO_train2014_000000580446.jpg,refcocog_download,500,314,500,314,OK
580511,COCO_train2014_000000580511.jpg,refcocog_download,332,500,332,500,OK
580706,COCO_train2014_000000580706.jpg,refcocog_download,640,478,640,478,OK
