scorer,model,auroc_5,e_aurc_5,rer50_5,auroc_50,e_aurc_50,rer50_50,auroc_gap_5_50,e_aurc_ratio_50_5,rer50_gap_5_50
b3_seed1,msp,0.8427362678323337,0.037886644812753875,0.8307410795974383,0.7906288024437274,0.12272738372478093,0.3553187891087433,0.05210746538860633,3.239331018392711,0.47542229048869494
b3_seed1,stats_logistic,0.8426160301808365,0.03788259982665775,0.8325709057639525,0.794674081445229,0.11889640791820133,0.35565702688990347,0.04794194873560753,3.138549319799711,0.47691387887404907
b3_seed1,e1_semantic_stats,0.718583127195509,0.08047533294492931,0.5022872827081428,0.7156761068112063,0.18425353911554176,0.2585827836969388,0.002907020384302683,2.2895654155495038,0.243704499011204
b3_seed1,e1b_stats_semantic,0.844946799498492,0.03768562195204794,0.8188472095150959,0.8136610318325221,0.10959612677368619,0.39556908506680194,0.03128576766596991,2.908168184490595,0.423278124448294
b3_seed1,e2_score,0.8428966882405431,0.03784485003347871,0.8279963403476669,0.7955806445537433,0.11922411016396295,0.35870116692034487,0.04731604368679976,3.1503390833493503,0.469295173427322
b3_seed1,e2_semantic,0.656942976065422,0.10718652625178202,0.3513266239707229,0.6596782626226484,0.2381608433800091,0.18890580077794678,-0.002735286557226435,2.2219289280871677,0.16242082319277612
b3_seed1,e2_combined,0.8286491195373477,0.04224304170891577,0.7913998170173833,0.7880110175949004,0.12466871522673945,0.34821579570438005,0.04063810194244721,2.9512248688386236,0.4431840213130032
b3_seed1,e3_full,0.8050561372595529,0.05123350371601265,0.7483989021043003,0.7494245877673866,0.15229788800691624,0.29646541518687625,0.05563154949216631,2.972622931492321,0.451933486917424
b3_seed1,e3_top5,0.7940983305660037,0.05505650905857695,0.7127172918572738,0.7412700252448521,0.15652358274277112,0.2873329950955521,0.05282830532115157,2.8429623566622984,0.42538429676172174
b3_seed1,e3_logk,0.7988671173460743,0.053500860643761194,0.7301006404391585,0.7446023596435997,0.15719804972853613,0.29105361068831387,0.05426475770247463,2.9382340365559556,0.4390470297508446
b3_seed2,msp,0.8379318998939342,0.038838051728146264,0.8184331797235023,0.785425848085327,0.12647473624770184,0.35706984667802366,0.052506051808607235,3.2564644883060527,0.4613633330454786
b3_seed2,stats_logistic,0.8379285498520304,0.03892830376673788,0.8202764976958526,0.786148209700516,0.12538632881110978,0.35741056218057904,0.05178034015151434,3.220955363543109,0.4628659355152736
b3_seed2,e1_semantic_stats,0.7123522290838147,0.08180835564358799,0.504147465437788,0.7162579778041133,0.1839504968779821,0.26780238500851783,-0.0039057487202985852,2.2485538968585765,0.23634508042927016
b3_seed2,e1b_stats_semantic,0.839115827414926,0.03892502289911676,0.8138248847926269,0.8013141773448881,0.11754353252965632,0.37206132879045983,0.037801650070037884,3.019742154919156,0.4417635560021671
b3_seed2,e2_score,0.8379340575480418,0.038898046905368064,0.8211981566820278,0.7878433001876404,0.12457810987162093,0.35809199318568985,0.05009075736040147,3.202682905254781,0.46310616349633793
b3_seed2,e2_semantic,0.6588519179273802,0.1062061137381804,0.36313364055299546,0.6624935961533713,0.23300322230294473,0.20647359454855177,-0.0036416782259911518,2.1938776789944967,0.1566600460044437
b3_seed2,e2_combined,0.8243386506258332,0.04340254944902602,0.7732718894009217,0.7850610024257463,0.12509665144748666,0.34889267461669504,0.039277648200086945,2.882242011944621,0.4243792147842267
b3_seed2,e3_full,0.7995339183225716,0.05163478830224241,0.729953917050691,0.7525830262573143,0.14912441909280405,0.30289608177172056,0.046950892065257266,2.888061014599489,0.42705783527897045
b3_seed2,e3_top5,0.7915842688845837,0.055273388270756285,0.704147465437788,0.7524069397637212,0.14631127211143452,0.3086882453151617,0.03917732912086247,2.6470472805960408,0.39545922012262624
b3_seed2,e3_logk,0.7995496464854086,0.052259626824188554,0.7244239631336405,0.7533732455003334,0.14888218543565862,0.3063032367972742,0.04617640098507525,2.8488949210549657,0.4181207263363663
b3_seed3,msp,0.841491945023976,0.037550163957510284,0.8251519401589527,0.7910126273388006,0.12295875265009865,0.3640568785334931,0.05047931768517533,3.2745197275099,0.46109506162545955
b3_seed3,stats_logistic,0.842004901404665,0.037569626654048546,0.8242169237961663,0.793603773880616,0.12043823289684658,0.3702244303580607,0.048401127524049015,3.205734089557901,0.4539924934381056
b3_seed3,e1_semantic_stats,0.7145405488317661,0.08089553756078968,0.5128564749883124,0.711100156945949,0.18648087263495594,0.26023642281994175,0.003440391885817129,2.30520592677715,0.2526200521683707
b3_seed3,e1b_stats_semantic,0.8427047577665493,0.03772242852911376,0.8120617110799442,0.805659272913244,0.11472055727423791,0.3832448175432585,0.03704548485330528,3.0411763438214967,0.4288168935366857
b3_seed3,e2_score,0.841197076877408,0.03770487783047849,0.8270219728845255,0.7954849534324114,0.11976504066784294,0.3688538632859345,0.04571212344499653,3.1763805523069926,0.458168109598591
b3_seed3,e2_semantic,0.656596963934042,0.10666869529174114,0.34922861150070145,0.6611118690715667,0.2341878576876995,0.20575638170292948,-0.004514905137524727,2.1954694115943836,0.14347222979777197
b3_seed3,e2_combined,0.8271646871164053,0.042277770188008795,0.7886863020102852,0.7902862560564474,0.12237028485256202,0.3654274456056193,0.03687843105995792,2.8944356409617313,0.42325885640466593
b3_seed3,e3_full,0.7890388698593682,0.055170434753692765,0.6998597475455819,0.7502857562261317,0.15017940551134917,0.30854891211238644,0.038753113633236524,2.7220993668406264,0.39131083543319545
b3_seed3,e3_top5,0.7839946648863827,0.05719274228565169,0.6905095839177184,0.7412701920569107,0.15531977871509134,0.2907315401747472,0.042724472829472004,2.7157253264643235,0.3997780437429712
b3_seed3,e3_logk,0.78403015694606,0.056954956468420526,0.6755493221131371,0.7460820985541388,0.15424760430413093,0.3061504197361658,0.03794805839192128,2.70823847244367,0.3693989023769713
b3_mean,msp,0.8407200375834146,0.03809162016613681,0.8247753998266312,0.7890224259559516,0.12405362420752714,0.35881517144008673,0.05169761162746297,3.256771744736221,0.46596022838654444
b3_mean,stats_logistic,0.8408498271458439,0.038126843415814723,0.8256881090853238,0.791475355008787,0.12157365654205256,0.36109733980951436,0.04937447213705696,3.18841292430024,0.4645907692758094
b3_mean,e1_semantic_stats,0.7151586350370299,0.081059742049769,0.5064304077114145,0.7143447471870896,0.18489496954282658,0.2622071971751328,0.000813887849940409,2.281108413061743,0.2442232105362816
b3_mean,e1b_stats_semantic,0.8422557948933225,0.03811102446009282,0.8149112684625557,0.8068781606968848,0.11395340552586014,0.3836250771335068,0.03537763419643769,2.9896955610770823,0.4312861913290489
b3_mean,e2_score,0.8406759408886643,0.038149258256441755,0.8254054899714068,0.7929696327245983,0.12118908690114227,0.36188234113065637,0.04770630816406592,3.1764675136370415,0.4635231488407503
b3_mean,e2_semantic,0.6574639526422814,0.10668711176056785,0.35456295867480664,0.6610945759491954,0.23511730779021778,0.2003785923431427,-0.0036306233069141047,2.203758672892016,0.1541843663316639
b3_mean,e2_combined,0.826717485759862,0.0426411204486502,0.7844526694761967,0.7877860920256982,0.12404521717559604,0.3541786386422314,0.03893139373416402,2.909300840581659,0.43027403083396526
b3_mean,e3_full,0.7978763084804976,0.05267957559064928,0.7260708555668577,0.7507644567502775,0.1505339042036898,0.3026368030236611,0.047111851730220033,2.860927770977479,0.4234340525431966
b3_mean,e3_top5,0.7898924214456566,0.05584087987166164,0.7024581137375933,0.7449823856884947,0.15271821118976567,0.29558426019515366,0.044910035757162015,2.735244987907554,0.4068738535424397
b3_mean,e3_logk,0.7941489735925144,0.05423848131212342,0.7100246418953121,0.748019234566024,0.15344261315610855,0.301169089073918,0.04612973902649039,2.8317891433515303,0.408855552821394
