level,seed,n,a_mean,a_median,a_p10,a_p90,alpha_mean,alpha_median
m0,1,7410,0.4821866156816892,0.49294449670743185,0.15453120100344936,0.787275007839448,0.6048676735849161,0.609224214164936
m2,1,7410,0.5179299921415087,0.5283160865475071,0.20866415804327376,0.811815616180621,0.6141512712090625,0.6183646829449749
m4,1,7410,0.5349221196852033,0.5470994042019441,0.22025713389777357,0.8306396989651929,0.618452147148708,0.6231851267877928
m8,1,7410,0.5468218052185968,0.5644089056130448,0.21830981498902474,0.8465036061461273,0.6213654173567469,0.6276058813716808
m0,2,7410,0.4798678867852507,0.4916745061147695,0.15022891188460338,0.7882972718720603,0.5919033964556103,0.5921710244259267
m2,2,7410,0.5157378835563714,0.5256820319849482,0.2050172467858263,0.8119943555973661,0.5926872842721417,0.5929133549218721
m4,2,7410,0.5329056485921367,0.5456726246472249,0.21877704609595489,0.8302978990279085,0.5930617078175658,0.5933495202582706
m8,2,7410,0.5430721961330468,0.5558325493885231,0.2157071182188774,0.8450015678896207,0.5932829627095532,0.593571138519678
m0,3,7410,0.4798993757641081,0.49239573534023207,0.14835371589840077,0.7867670116023832,0.5083245839355532,0.5086347796544333
m2,3,7410,0.5164276195711557,0.5318595170899968,0.20381937911571027,0.8109532768893071,0.5092281488823933,0.5096109422933013
m4,3,7410,0.5339622369235679,0.5495923486986516,0.21536845406083416,0.8280338664158043,0.5096618009164037,0.5100495521450839
m8,3,7410,0.544138251047693,0.5616494198808404,0.21444967074317972,0.8438068359987456,0.5099133958654162,0.5103477670243628
