level,K,seed,model_a,model_b,metric,diff,ci_low,ci_high,mean_a,mean_b,n,n_clusters,n_replicates,ci_level
m0,10,1,AdaptiveMix,StaticMix,auroc_correct,-0.00010758302116942176,-0.00032184826882293284,0.00011249436021913689,0.8355627349566966,0.8356703179778661,7410,1189,5000,0.95
m0,10,1,AdaptiveMix,StaticMix,e_aurc,-1.6709400278119846e-05,-9.22561579054893e-05,5.7065118890730136e-05,0.04860261902637336,0.04861932842665148,7410,1189,5000,0.95
m0,10,1,AdaptiveMix,StaticMix,rer_at_50,-0.002097535395909844,-0.005175898683991989,0.00631595585380696,0.7535395909805976,0.7556371263765075,7410,1189,5000,0.95
m0,10,1,AdaptiveMix,StaticMix,rer_at_80,-0.0006554798112217708,-0.005249394721168432,0.0032634206701180578,0.3464866282118512,0.347142108023073,7410,1189,5000,0.95
m0,10,1,AdaptiveMix,E_random,auroc_correct,-0.004623782937294707,-0.00689523032796922,-0.0023939744229000137,0.8355627349566966,0.8401865178939913,7410,1189,5000,0.95
m0,10,1,AdaptiveMix,E_random,e_aurc,0.0017434056710376733,0.0010612344319555435,0.0024778730698195727,0.04860261902637336,0.04685921335533569,7410,1189,5000,0.95
m0,10,1,AdaptiveMix,E_random,rer_at_50,-0.013633980073413765,-0.025677147897974456,0.002882890841662366,0.7535395909805976,0.7671735710540114,7410,1189,5000,0.95
m0,10,1,AdaptiveMix,E_random,rer_at_80,-0.003932878867330569,-0.01843012655229671,0.006670575030572192,0.3464866282118512,0.3504195070791818,7410,1189,5000,0.95
m0,10,1,AdaptiveMix,E_curriculum,auroc_correct,0.004614635045326332,0.003380651911952687,0.005920525134055478,0.8355627349566966,0.8309480999113703,7410,1189,5000,0.95
m0,10,1,AdaptiveMix,E_curriculum,e_aurc,-0.0017397155685327376,-0.002220421839469646,-0.001289591180380596,0.04860261902637336,0.0503423345949061,7410,1189,5000,0.95
m0,10,1,AdaptiveMix,E_curriculum,rer_at_50,0.014682747771368576,0.005114210760273048,0.026219593658396705,0.7535395909805976,0.7388568432092291,7410,1189,5000,0.95
m0,10,1,AdaptiveMix,E_curriculum,rer_at_80,0.01114315679077088,-0.005588585536584667,0.018352445318384376,0.3464866282118512,0.33534347142108034,7410,1189,5000,0.95
m2,10,1,AdaptiveMix,StaticMix,auroc_correct,0.0002599354450700808,4.169094556562282e-05,0.0004851101088589493,0.7945199697110791,0.794260034266009,7410,1189,5000,0.95
m2,10,1,AdaptiveMix,StaticMix,e_aurc,-9.203637640683993e-05,-0.00021048941856045554,2.039025417213886e-05,0.0949062263661645,0.09499826274257134,7410,1189,5000,0.95
m2,10,1,AdaptiveMix,StaticMix,rer_at_50,0.0,-0.0045063180321624164,0.005540387689436193,0.5315860215053763,0.5315860215053763,7410,1189,5000,0.95
m2,10,1,AdaptiveMix,StaticMix,rer_at_80,-0.001680107526881608,-0.003384935802371136,0.0037025931219354436,0.2095094086021506,0.2111895161290322,7410,1189,5000,0.95
m2,10,1,AdaptiveMix,E_random,auroc_correct,0.0022203640248131817,-0.00020961242234697992,0.004737863061460936,0.7945199697110791,0.7922996056862659,7410,1189,5000,0.95
m2,10,1,AdaptiveMix,E_random,e_aurc,-0.00043662161926844023,-0.0016070759386809835,0.0007239409283182922,0.0949062263661645,0.09534284798543294,7410,1189,5000,0.95
m2,10,1,AdaptiveMix,E_random,rer_at_50,0.007392473118279508,-0.0067469648146944415,0.022633616467913908,0.5315860215053763,0.5241935483870968,7410,1189,5000,0.95
m2,10,1,AdaptiveMix,E_random,rer_at_80,0.00840053763440854,0.0012543816585645895,0.016780855537741255,0.2095094086021506,0.20110887096774205,7410,1189,5000,0.95
m2,10,1,AdaptiveMix,E_curriculum,auroc_correct,0.0016520678433027403,0.0003709310668745894,0.002905396486203119,0.7945199697110791,0.7928679018677763,7410,1189,5000,0.95
m2,10,1,AdaptiveMix,E_curriculum,e_aurc,-0.0010958285931183531,-0.001820723446498958,-0.0003921956467474149,0.0949062263661645,0.09600205495928285,7410,1189,5000,0.95
m2,10,1,AdaptiveMix,E_curriculum,rer_at_50,0.004032258064516014,-0.003473458445946159,0.015439797537831411,0.5315860215053763,0.5275537634408602,7410,1189,5000,0.95
m2,10,1,AdaptiveMix,E_curriculum,rer_at_80,-0.0054603494623654825,-0.01014817640416778,0.0007965468179008336,0.2095094086021506,0.21496975806451607,7410,1189,5000,0.95
m4,10,1,AdaptiveMix,StaticMix,auroc_correct,0.0006040680473372584,0.00037256390162288,0.0008321906719635754,0.8205990384615385,0.8199949704142012,7410,1189,5000,0.95
m4,10,1,AdaptiveMix,StaticMix,e_aurc,-0.00021245956686027911,-0.0003350829929214275,-9.310464122901724e-05,0.08931731822678346,0.08952977779364374,7410,1189,5000,0.95
m4,10,1,AdaptiveMix,StaticMix,rer_at_50,0.0006153846153845732,-0.001823749818526199,0.0050269020818789895,0.547076923076923,0.5464615384615384,7410,1189,5000,0.95
m4,10,1,AdaptiveMix,StaticMix,rer_at_80,0.0023076923076923717,-0.0018563008161183092,0.004539925890432404,0.21461538461538465,0.21230769230769228,7410,1189,5000,0.95
m4,10,1,AdaptiveMix,E_random,auroc_correct,0.01011612426035502,0.007606626390653026,0.012674675226658601,0.8205990384615385,0.8104829142011835,7410,1189,5000,0.95
m4,10,1,AdaptiveMix,E_random,e_aurc,-0.003929831557255736,-0.005211821158296581,-0.0027149229410210586,0.08931731822678346,0.0932471497840392,7410,1189,5000,0.95
m4,10,1,AdaptiveMix,E_random,rer_at_50,0.011692307692307669,-0.0044113154652965225,0.024563478198903966,0.547076923076923,0.5353846153846153,7410,1189,5000,0.95
m4,10,1,AdaptiveMix,E_random,rer_at_80,0.014999999999999902,0.006224614954770991,0.020409425489723822,0.21461538461538465,0.19961538461538475,7410,1189,5000,0.95
m4,10,1,AdaptiveMix,E_curriculum,auroc_correct,-0.001637795857988178,-0.0028555504372164585,-0.00040539221197607176,0.8205990384615385,0.8222368343195267,7410,1189,5000,0.95
m4,10,1,AdaptiveMix,E_curriculum,e_aurc,0.0003169493266540757,-0.00037915914514904795,0.001030445764312732,0.08931731822678346,0.08900036890012938,7410,1189,5000,0.95
m4,10,1,AdaptiveMix,E_curriculum,rer_at_50,0.002461538461538404,-0.0065803638187524075,0.011082211595540566,0.547076923076923,0.5446153846153846,7410,1189,5000,0.95
m4,10,1,AdaptiveMix,E_curriculum,rer_at_80,0.0015384615384614053,-0.005251600005281093,0.004047586372741908,0.21461538461538465,0.21307692307692325,7410,1189,5000,0.95
m8,10,1,AdaptiveMix,StaticMix,auroc_correct,0.0003668035792870894,0.00018757329464177966,0.0005444795546272472,0.8675707055889688,0.8672039020096817,7410,1189,5000,0.95
m8,10,1,AdaptiveMix,StaticMix,e_aurc,-6.403928681214532e-05,-0.00015998007081582802,3.275273299741177e-05,0.06679942309296749,0.06686346237977964,7410,1189,5000,0.95
m8,10,1,AdaptiveMix,StaticMix,rer_at_50,0.0005882352941175562,-0.0034237669907923093,0.0030017939005542297,0.6247058823529411,0.6241176470588236,7410,1189,5000,0.95
m8,10,1,AdaptiveMix,StaticMix,rer_at_80,0.001102941176470501,-0.0014421346459593057,0.0029673415545860638,0.22610294117647056,0.22500000000000006,7410,1189,5000,0.95
m8,10,1,AdaptiveMix,E_random,auroc_correct,0.017101290890421006,0.014990923528834483,0.01934696243997695,0.8675707055889688,0.8504694146985478,7410,1189,5000,0.95
m8,10,1,AdaptiveMix,E_random,e_aurc,-0.007746127753788801,-0.008829251173456443,-0.006720111506168402,0.06679942309296749,0.07454555084675629,7410,1189,5000,0.95
m8,10,1,AdaptiveMix,E_random,rer_at_50,0.03235294117647047,0.020879608506273583,0.042535674848457036,0.6247058823529411,0.5923529411764706,7410,1189,5000,0.95
m8,10,1,AdaptiveMix,E_random,rer_at_80,0.01580882352941182,0.008400206953422203,0.023569287535934777,0.22610294117647056,0.21029411764705874,7410,1189,5000,0.95
m8,10,1,AdaptiveMix,E_curriculum,auroc_correct,-0.005768886607011914,-0.0067531613081806,-0.004805666350377278,0.8675707055889688,0.8733395921959807,7410,1189,5000,0.95
m8,10,1,AdaptiveMix,E_curriculum,e_aurc,0.0027748861936315317,0.002212041088038736,0.0033234186870628006,0.06679942309296749,0.06402453689933596,7410,1189,5000,0.95
m8,10,1,AdaptiveMix,E_curriculum,rer_at_50,-0.013529411764705901,-0.021921767817529917,-0.004553200848229547,0.6247058823529411,0.638235294117647,7410,1189,5000,0.95
m8,10,1,AdaptiveMix,E_curriculum,rer_at_80,-0.005147058823529532,-0.009608611704591385,-0.0018485608316688433,0.22610294117647056,0.2312500000000001,7410,1189,5000,0.95
macro,10,1,AdaptiveMix,StaticMix,auroc_correct,0.0002808060126312517,0.00013687829071699426,0.0004265771110832282,0.8295631121795707,0.8292823061669394,7410,1189,5000,0.95
macro,10,1,AdaptiveMix,E_random,auroc_correct,0.006203499059573625,0.004560651677909731,0.007878695326965763,0.8295631121795707,0.8233596131199972,7410,1189,5000,0.95
macro,10,1,AdaptiveMix,E_curriculum,auroc_correct,-0.0002849948940927549,-0.0011302603159944564,0.0005511427874859367,0.8295631121795707,0.8298481070736635,7410,1189,5000,0.95
m0,10,2,AdaptiveMix,StaticMix,auroc_correct,0.00010913685182312172,4.748652075776961e-05,0.00017334876604107314,0.8384974835414509,0.8383883466896278,7410,1189,5000,0.95
m0,10,2,AdaptiveMix,StaticMix,e_aurc,-4.7247004113459834e-05,-7.011059377974998e-05,-2.6257780290916274e-05,0.04784677132571126,0.04789401832982472,7410,1189,5000,0.95
m0,10,2,AdaptiveMix,StaticMix,rer_at_50,0.0,-0.002113944572905851,0.004160369213018616,0.7665450755601878,0.7665450755601878,7410,1189,5000,0.95
m0,10,2,AdaptiveMix,StaticMix,rer_at_80,0.0,-0.002533955120950497,0.0019692894928949596,0.3544815007816569,0.3544815007816569,7410,1189,5000,0.95
m0,10,2,AdaptiveMix,E_random,auroc_correct,-0.0023241404357825513,-0.004544003584785396,-0.00012599456127052142,0.8384974835414509,0.8408216239772335,7410,1189,5000,0.95
m0,10,2,AdaptiveMix,E_random,e_aurc,0.001121415584274324,0.00044622952243212645,0.0018283262756246992,0.04784677132571126,0.046725355741436936,7410,1189,5000,0.95
m0,10,2,AdaptiveMix,E_random,rer_at_50,-0.01459093277748813,-0.028008522320789823,-0.0019947206366207897,0.7665450755601878,0.7811360083376759,7410,1189,5000,0.95
m0,10,2,AdaptiveMix,E_random,rer_at_80,0.012376237623762332,-0.0026495400371102395,0.020492213716091744,0.3544815007816569,0.3421052631578946,7410,1189,5000,0.95
m0,10,2,AdaptiveMix,E_curriculum,auroc_correct,0.003907004393659763,0.0024352975272981916,0.005411597782793213,0.8384974835414509,0.8345904791477912,7410,1189,5000,0.95
m0,10,2,AdaptiveMix,E_curriculum,e_aurc,-0.0014735795227367177,-0.0019736211987314936,-0.0010086127358532506,0.04784677132571126,0.04932035084844798,7410,1189,5000,0.95
m0,10,2,AdaptiveMix,E_curriculum,rer_at_50,0.01875977071391366,0.0020586456817656778,0.027412627692649023,0.7665450755601878,0.7477853048462741,7410,1189,5000,0.95
m0,10,2,AdaptiveMix,E_curriculum,rer_at_80,0.007816571130797145,-0.00546215858460171,0.015716953432719376,0.3544815007816569,0.34666492965085977,7410,1189,5000,0.95
m2,10,2,AdaptiveMix,StaticMix,auroc_correct,-2.329127046218904e-05,-8.577701817330803e-05,3.77866130889498e-05,0.7932257908865735,0.7932490821570357,7410,1189,5000,0.95
m2,10,2,AdaptiveMix,StaticMix,e_aurc,3.7366869932720093e-06,-2.9628385128889475e-05,3.89705945147457e-05,0.09535261943634465,0.09534888274935138,7410,1189,5000,0.95
m2,10,2,AdaptiveMix,StaticMix,rer_at_50,0.0006743088334458802,-0.002865680552310849,0.0021216710301249797,0.5252865812542146,0.5246122724207687,7410,1189,5000,0.95
m2,10,2,AdaptiveMix,StaticMix,rer_at_80,-0.0008428860418073503,-0.0016812473258629702,0.0013207752871128586,0.20557990559676317,0.20642279163857052,7410,1189,5000,0.95
m2,10,2,AdaptiveMix,E_random,auroc_correct,0.004011333365298797,0.001684989343332852,0.006405171299436576,0.7932257908865735,0.7892144575212747,7410,1189,5000,0.95
m2,10,2,AdaptiveMix,E_random,e_aurc,-0.0013025804063546975,-0.002383313147956131,-0.00026173143820945366,0.09535261943634465,0.09665519984269935,7410,1189,5000,0.95
m2,10,2,AdaptiveMix,E_random,rer_at_50,0.0053944706675658205,-0.005333985143106695,0.01946389795304175,0.5252865812542146,0.5198921105866487,7410,1189,5000,0.95
m2,10,2,AdaptiveMix,E_random,rer_at_80,0.0021072151045177234,-0.004490456911018523,0.012148249253940266,0.20557990559676317,0.20347269049224545,7410,1189,5000,0.95
m2,10,2,AdaptiveMix,E_curriculum,auroc_correct,0.00044367214873886063,-0.001080809922775352,0.0019429603372701936,0.7932257908865735,0.7927821187378347,7410,1189,5000,0.95
m2,10,2,AdaptiveMix,E_curriculum,e_aurc,-0.0005420837089338548,-0.0012317140665618709,0.0001618132735055749,0.09535261943634465,0.09589470314527851,7410,1189,5000,0.95
m2,10,2,AdaptiveMix,E_curriculum,rer_at_50,-0.0053944706675657095,-0.015129596014229535,0.006431105959439248,0.5252865812542146,0.5306810519217803,7410,1189,5000,0.95
m2,10,2,AdaptiveMix,E_curriculum,rer_at_80,0.0,-0.00720629505866428,0.006751429800791579,0.20557990559676317,0.20557990559676317,7410,1189,5000,0.95
m4,10,2,AdaptiveMix,StaticMix,auroc_correct,-0.00018174478553378837,-0.00024092314802836857,-0.00012402081048120686,0.8172365983426892,0.817418343128223,7410,1189,5000,0.95
m4,10,2,AdaptiveMix,StaticMix,e_aurc,6.513938317487256e-05,2.9245781302587872e-05,0.00010042366509690063,0.090667373378296,0.09060223399512113,7410,1189,5000,0.95
m4,10,2,AdaptiveMix,StaticMix,rer_at_50,-0.000622277535780813,-0.0029779852505223995,0.0018856065367691716,0.5426260112009957,0.5432482887367766,7410,1189,5000,0.95
m4,10,2,AdaptiveMix,StaticMix,rer_at_80,0.0,-0.001541160090175024,0.0012072570363644475,0.20854075917859372,0.20854075917859372,7410,1189,5000,0.95
m4,10,2,AdaptiveMix,E_random,auroc_correct,0.012318307120361749,0.009968030126124322,0.014764708714738109,0.8172365983426892,0.8049182912223275,7410,1189,5000,0.95
m4,10,2,AdaptiveMix,E_random,e_aurc,-0.004924222034983605,-0.006068588217207808,-0.0038115152253262604,0.090667373378296,0.0955915954132796,7410,1189,5000,0.95
m4,10,2,AdaptiveMix,E_random,rer_at_50,0.020535158680771826,0.009288605205475604,0.03580759741342178,0.5426260112009957,0.5220908525202239,7410,1189,5000,0.95
m4,10,2,AdaptiveMix,E_random,rer_at_80,0.016334785314250255,0.009490992220048252,0.02454095554071655,0.20854075917859372,0.19220597386434346,7410,1189,5000,0.95
m4,10,2,AdaptiveMix,E_curriculum,auroc_correct,-0.0043855291109023975,-0.005919202394391384,-0.0028931237623344764,0.8172365983426892,0.8216221274535916,7410,1189,5000,0.95
m4,10,2,AdaptiveMix,E_curriculum,e_aurc,0.0015187305124657047,0.000827188380887346,0.002238486807977445,0.090667373378296,0.0891486428658303,7410,1189,5000,0.95
m4,10,2,AdaptiveMix,E_curriculum,rer_at_50,-0.012445550715618925,-0.02146955506920773,0.0,0.5426260112009957,0.5550715619166147,7410,1189,5000,0.95
m4,10,2,AdaptiveMix,E_curriculum,rer_at_80,-0.010112009956440599,-0.016015509157940262,-0.003791137593291794,0.20854075917859372,0.21865276913503431,7410,1189,5000,0.95
m8,10,2,AdaptiveMix,StaticMix,auroc_correct,-0.00037463109518842685,-0.0004329379620864299,-0.00031917326550186254,0.8599249710015123,0.8602996020967008,7410,1189,5000,0.95
m8,10,2,AdaptiveMix,StaticMix,e_aurc,0.00017154871832572582,0.0001276520697954725,0.00020836955404421526,0.07042487298619432,0.0702533242678686,7410,1189,5000,0.95
m8,10,2,AdaptiveMix,StaticMix,rer_at_50,0.0005917159763313418,-0.0028765149661321124,0.0011942260935778964,0.608284023668639,0.6076923076923076,7410,1189,5000,0.95
m8,10,2,AdaptiveMix,StaticMix,rer_at_80,-0.0007396449704141494,-0.0014699721010335862,0.0007524608362981459,0.22744082840236687,0.22818047337278102,7410,1189,5000,0.95
m8,10,2,AdaptiveMix,E_random,auroc_correct,0.019218288868985578,0.01704084745625364,0.02144616053194987,0.8599249710015123,0.8407066821325268,7410,1189,5000,0.95
m8,10,2,AdaptiveMix,E_random,e_aurc,-0.008797936037893639,-0.009912745806526634,-0.007728866852903977,0.07042487298619432,0.07922280902408796,7410,1189,5000,0.95
m8,10,2,AdaptiveMix,E_random,rer_at_50,0.03727810650887564,0.024514645458359,0.05056673556229809,0.608284023668639,0.5710059171597633,7410,1189,5000,0.95
m8,10,2,AdaptiveMix,E_random,rer_at_80,0.02107988165680466,0.014986794853854008,0.027812658577159994,0.22744082840236687,0.2063609467455622,7410,1189,5000,0.95
m8,10,2,AdaptiveMix,E_curriculum,auroc_correct,-0.008815540252837484,-0.010133489977410814,-0.007472228414313091,0.8599249710015123,0.8687405112543498,7410,1189,5000,0.95
m8,10,2,AdaptiveMix,E_curriculum,e_aurc,0.004137436561414465,0.003500624706587487,0.004791629952083584,0.07042487298619432,0.06628743642477986,7410,1189,5000,0.95
m8,10,2,AdaptiveMix,E_curriculum,rer_at_50,-0.014201183431952646,-0.024268784864910593,-0.005987015674393428,0.608284023668639,0.6224852071005916,7410,1189,5000,0.95
m8,10,2,AdaptiveMix,E_curriculum,rer_at_80,-0.004437869822485119,-0.010395218544857605,-0.00036632502043147967,0.22744082840236687,0.231878698224852,7410,1189,5000,0.95
macro,10,2,AdaptiveMix,StaticMix,auroc_correct,-0.00011763257484032064,-0.000157538002350361,-7.805231053038484e-05,0.8272212109430566,0.8273388435178969,7410,1189,5000,0.95
macro,10,2,AdaptiveMix,E_random,auroc_correct,0.008305947229715893,0.00671385869823832,0.009925772391839253,0.8272212109430566,0.8189152637133407,7410,1189,5000,0.95
macro,10,2,AdaptiveMix,E_curriculum,auroc_correct,-0.0022125982053353144,-0.0032497468404458604,-0.0011796661541455678,0.8272212109430566,0.8294338091483918,7410,1189,5000,0.95
m0,10,3,AdaptiveMix,StaticMix,auroc_correct,-0.00012811440005866537,-0.0001844550251989041,-7.022040448921858e-05,0.8351948368371604,0.8353229512372191,7410,1189,5000,0.95
m0,10,3,AdaptiveMix,StaticMix,e_aurc,4.2441950605265344e-05,2.5124516891392168e-05,5.982909607170315e-05,0.04910168948149564,0.049059247530890374,7410,1189,5000,0.95
m0,10,3,AdaptiveMix,StaticMix,rer_at_50,-0.0010493179433370692,-0.0031169132080344467,0.0029906640923767097,0.7534102833158445,0.7544596012591815,7410,1189,5000,0.95
m0,10,3,AdaptiveMix,StaticMix,rer_at_80,-0.0006558237145855017,-0.0026536950585449217,0.001391303411959434,0.3422088142707239,0.3428646379853094,7410,1189,5000,0.95
m0,10,3,AdaptiveMix,E_random,auroc_correct,-0.003412475749774324,-0.005755650121905306,-0.0011424144061776963,0.8351948368371604,0.8386073125869348,7410,1189,5000,0.95
m0,10,3,AdaptiveMix,E_random,e_aurc,0.0014767007069266397,0.0007462667256166088,0.002231014343767771,0.04910168948149564,0.047624988774569,7410,1189,5000,0.95
m0,10,3,AdaptiveMix,E_random,rer_at_50,-0.008394543546694666,-0.028272873452230785,0.0010806399496165388,0.7534102833158445,0.7618048268625391,7410,1189,5000,0.95
m0,10,3,AdaptiveMix,E_random,rer_at_80,-0.013772298006295758,-0.02805104909158775,-0.001930807259371491,0.3422088142707239,0.3559811122770197,7410,1189,5000,0.95
m0,10,3,AdaptiveMix,E_curriculum,auroc_correct,0.007825082664291383,0.005735244297883713,0.009985005627374623,0.8351948368371604,0.8273697541728691,7410,1189,5000,0.95
m0,10,3,AdaptiveMix,E_curriculum,e_aurc,-0.0028911010856192965,-0.0036434537842267765,-0.002174665624189184,0.04910168948149564,0.051992790567114935,7410,1189,5000,0.95
m0,10,3,AdaptiveMix,E_curriculum,rer_at_50,0.018887722980062582,0.0,0.0323213028009117,0.7534102833158445,0.7345225603357819,7410,1189,5000,0.95
m0,10,3,AdaptiveMix,E_curriculum,rer_at_80,0.011804826862539364,0.0006334492869241764,0.02289811062724065,0.3422088142707239,0.33040398740818455,7410,1189,5000,0.95
m2,10,3,AdaptiveMix,StaticMix,auroc_correct,7.993505314995986e-05,1.7318629028434455e-05,0.000143416191993867,0.7885001473850123,0.7884202123318623,7410,1189,5000,0.95
m2,10,3,AdaptiveMix,StaticMix,e_aurc,-2.3084810865603433e-05,-5.0880495052044166e-05,3.3268697865982947e-06,0.09687109395292551,0.09689417876379111,7410,1189,5000,0.95
m2,10,3,AdaptiveMix,StaticMix,rer_at_50,0.0,-0.0021709169139498183,0.0021710852845041005,0.5333787465940056,0.5333787465940056,7410,1189,5000,0.95
m2,10,3,AdaptiveMix,StaticMix,rer_at_80,-0.00042574931880104416,-0.0013288375114006866,0.0017074176624802845,0.19916553133515003,0.19959128065395107,7410,1189,5000,0.95
m2,10,3,AdaptiveMix,E_random,auroc_correct,0.005811049978135863,0.0033041405177595,0.008296184554517668,0.7885001473850123,0.7826890974068764,7410,1189,5000,0.95
m2,10,3,AdaptiveMix,E_random,e_aurc,-0.002251072688629646,-0.003476555870544137,-0.0010181982250240017,0.09687109395292551,0.09912216664155515,7410,1189,5000,0.95
m2,10,3,AdaptiveMix,E_random,rer_at_50,0.012942779291553186,-0.0013612849342108796,0.02521313849018761,0.5333787465940056,0.5204359673024525,7410,1189,5000,0.95
m2,10,3,AdaptiveMix,E_random,rer_at_80,0.0068119891008175115,0.0008362704169873608,0.0154857799873322,0.19916553133515003,0.19235354223433251,7410,1189,5000,0.95
m2,10,3,AdaptiveMix,E_curriculum,auroc_correct,0.00031844602602504324,-0.0018505766125560203,0.002427695897671139,0.7885001473850123,0.7881817013589872,7410,1189,5000,0.95
m2,10,3,AdaptiveMix,E_curriculum,e_aurc,-0.000707206024449597,-0.0018552876484653207,0.00042374833894270376,0.09687109395292551,0.0975782999773751,7410,1189,5000,0.95
m2,10,3,AdaptiveMix,E_curriculum,rer_at_50,0.005449591280654031,-0.006823667911451455,0.018978225210167565,0.5333787465940056,0.5279291553133516,7410,1189,5000,0.95
m2,10,3,AdaptiveMix,E_curriculum,rer_at_80,-0.005108991825612974,-0.01048120689588865,0.0038954968512621233,0.19916553133515003,0.204274523160763,7410,1189,5000,0.95
m4,10,3,AdaptiveMix,StaticMix,auroc_correct,0.00018656461868737928,0.00012386811695886402,0.00025271143587402565,0.8173177198422298,0.8171311552235424,7410,1189,5000,0.95
m4,10,3,AdaptiveMix,StaticMix,e_aurc,-7.528428345990323e-05,-0.0001052551382595683,-4.6588250061258e-05,0.09015875817759247,0.09023404246105238,7410,1189,5000,0.95
m4,10,3,AdaptiveMix,StaticMix,rer_at_50,0.0,-0.001957368512253957,0.0018993739548571747,0.5382700684505289,0.5382700684505289,7410,1189,5000,0.95
m4,10,3,AdaptiveMix,StaticMix,rer_at_80,0.0015556938394525321,-0.0011659166533307013,0.0019125547319471792,0.2120410703173616,0.21048537647790908,7410,1189,5000,0.95
m4,10,3,AdaptiveMix,E_random,auroc_correct,0.01116607039151285,0.008681968421084693,0.01367528916845901,0.8173177198422298,0.8061516494507169,7410,1189,5000,0.95
m4,10,3,AdaptiveMix,E_random,e_aurc,-0.004898405892388824,-0.006184533977646647,-0.0036406921057479122,0.09015875817759247,0.0950571640699813,7410,1189,5000,0.95
m4,10,3,AdaptiveMix,E_random,rer_at_50,0.020535158680771604,0.007073919313437285,0.033372365700190844,0.5382700684505289,0.5177349097697573,7410,1189,5000,0.95
m4,10,3,AdaptiveMix,E_random,rer_at_80,0.011278780336029803,0.004706021830580869,0.020477471706763613,0.2120410703173616,0.2007622899813318,7410,1189,5000,0.95
m4,10,3,AdaptiveMix,E_curriculum,auroc_correct,-0.0040806932017514175,-0.006097272093731251,-0.002046829690552295,0.8173177198422298,0.8213984130439812,7410,1189,5000,0.95
m4,10,3,AdaptiveMix,E_curriculum,e_aurc,0.0015352205831155041,0.0004622325116304187,0.002623109400146829,0.09015875817759247,0.08862353759447697,7410,1189,5000,0.95
m4,10,3,AdaptiveMix,E_curriculum,rer_at_50,-0.001244555071561959,-0.013973776705456166,0.010813231560363937,0.5382700684505289,0.5395146235220909,7410,1189,5000,0.95
m4,10,3,AdaptiveMix,E_curriculum,rer_at_80,-0.010500933416303676,-0.01642950373792203,-0.003062472496435382,0.2120410703173616,0.22254200373366528,7410,1189,5000,0.95
m8,10,3,AdaptiveMix,StaticMix,auroc_correct,0.0002803982522013859,0.00022615636292461772,0.0003341152556968235,0.859104689923389,0.8588242916711876,7410,1189,5000,0.95
m8,10,3,AdaptiveMix,StaticMix,e_aurc,-0.00012329774348979194,-0.00014793661579174942,-9.8757789684642e-05,0.0705355320124546,0.0706588297559444,7410,1189,5000,0.95
m8,10,3,AdaptiveMix,StaticMix,rer_at_50,0.0,-0.001171650742393715,0.002991369923958045,0.6109296109296108,0.6109296109296108,7410,1189,5000,0.95
m8,10,3,AdaptiveMix,StaticMix,rer_at_80,0.0011137511137512823,-0.0010977459581369322,0.0015046551184573114,0.22408672408672412,0.22297297297297283,7410,1189,5000,0.95
m8,10,3,AdaptiveMix,E_random,auroc_correct,0.017154246439430754,0.015003067548010524,0.01936807234091565,0.859104689923389,0.8419504434839582,7410,1189,5000,0.95
m8,10,3,AdaptiveMix,E_random,e_aurc,-0.008212241495381772,-0.009310629920352885,-0.007122968354065255,0.0705355320124546,0.07874777350783638,7410,1189,5000,0.95
m8,10,3,AdaptiveMix,E_random,rer_at_50,0.03801603801603792,0.026040995463824494,0.04798421987850579,0.6109296109296108,0.5729135729135729,7410,1189,5000,0.95
m8,10,3,AdaptiveMix,E_random,rer_at_80,0.012251262251262357,0.0048413539953939145,0.017370999100110047,0.22408672408672412,0.21183546183546176,7410,1189,5000,0.95
m8,10,3,AdaptiveMix,E_curriculum,auroc_correct,-0.009430989891044295,-0.011082379156947056,-0.007806975304851805,0.859104689923389,0.8685356798144332,7410,1189,5000,0.95
m8,10,3,AdaptiveMix,E_curriculum,e_aurc,0.004662338979671304,0.003810238895954645,0.005541975365835736,0.0705355320124546,0.0658731930327833,7410,1189,5000,0.95
m8,10,3,AdaptiveMix,E_curriculum,rer_at_50,-0.018414018414018574,-0.02896386584043975,-0.008992469299029445,0.6109296109296108,0.6293436293436294,7410,1189,5000,0.95
m8,10,3,AdaptiveMix,E_curriculum,rer_at_80,-0.007425007425007374,-0.013857943429726871,-0.0022968277275612838,0.22408672408672412,0.2315117315117315,7410,1189,5000,0.95
macro,10,3,AdaptiveMix,StaticMix,auroc_correct,0.00010469588099501492,6.605847936864696e-05,0.00014557514859533726,0.8250293484969479,0.8249246526159528,7410,1189,5000,0.95
macro,10,3,AdaptiveMix,E_random,auroc_correct,0.007679722764826286,0.0060314189658395604,0.009342469708508022,0.8250293484969479,0.8173496257321216,7410,1189,5000,0.95
macro,10,3,AdaptiveMix,E_curriculum,auroc_correct,-0.0013420386006198215,-0.0027210402686136254,3.00719209387987e-05,0.8250293484969479,0.8263713870975676,7410,1189,5000,0.95
