level,K,seed,model,n,n_images,b3_accuracy,auroc_correct,e_aurc,rer_at_50,rer_at_80,ece_adaptive,brier_binary,nll_binary
m0,10,1,E_random,7410,1189,0.7426450742240216,0.8401865178939913,0.04685921335533569,0.7671735710540114,0.3504195070791818,0.024215271626180302,0.1383726597190401,0.4156833290614296
m0,10,1,E_curriculum,7410,1189,0.7426450742240216,0.8309480999113703,0.0503423345949061,0.7388568432092291,0.33534347142108034,0.041782912911880105,0.14383195604071075,0.4303122076410436
m0,10,1,EqualMix,7410,1189,0.7426450742240216,0.836830766190268,0.048186989753567125,0.7577346617724174,0.3504195070791818,0.03346917351231552,0.14027420994792897,0.42078091320773253
m0,10,1,StaticMix,7410,1189,0.7426450742240216,0.8356703179778661,0.04861932842665148,0.7556371263765075,0.347142108023073,0.0350159048705796,0.14095653456596063,0.4225718448318988
m0,10,1,AdaptiveMix,7410,1189,0.7426450742240216,0.8355627349566966,0.04860261902637336,0.7535395909805976,0.3464866282118512,0.03663526938379551,0.14119889637270722,0.42303806713107406
m2,10,1,E_random,7410,1189,0.5983805668016194,0.7922996056862659,0.09534284798543294,0.5241935483870968,0.20110887096774205,0.0381860945252262,0.1824733953586585,0.536450966443605
m2,10,1,E_curriculum,7410,1189,0.5983805668016194,0.7928679018677763,0.09600205495928285,0.5275537634408602,0.21496975806451607,0.03467429084689308,0.18208963874981848,0.537717194517689
m2,10,1,EqualMix,7410,1189,0.5983805668016194,0.794351201129105,0.09485407021755687,0.5322580645161291,0.20740927419354832,0.032368846302646075,0.18121571176741,0.5342598667457668
m2,10,1,StaticMix,7410,1189,0.5983805668016194,0.794260034266009,0.09499826274257134,0.5315860215053763,0.2111895161290322,0.030447275586086005,0.18122899885808724,0.5345295528877435
m2,10,1,AdaptiveMix,7410,1189,0.5983805668016194,0.7945199697110791,0.0949062263661645,0.5315860215053763,0.2095094086021506,0.027994886502748235,0.18101523281448761,0.5339148794448934
m4,10,1,E_random,7410,1189,0.5614035087719298,0.8104829142011835,0.0932471497840392,0.5353846153846153,0.19961538461538475,0.03925304296318197,0.1773018140589643,0.5262189131363186
m4,10,1,E_curriculum,7410,1189,0.5614035087719298,0.8222368343195267,0.08900036890012938,0.5446153846153846,0.21307692307692325,0.026928895981377876,0.17112818428964421,0.5130891194621319
m4,10,1,EqualMix,7410,1189,0.5614035087719298,0.8187872781065089,0.08996011218509051,0.5464615384615384,0.20846153846153845,0.02927160351179417,0.17308797008721427,0.5170169709617007
m4,10,1,StaticMix,7410,1189,0.5614035087719298,0.8199949704142012,0.08952977779364374,0.5464615384615384,0.21230769230769228,0.029853558528433487,0.1724288096544241,0.5156068670613843
m4,10,1,AdaptiveMix,7410,1189,0.5614035087719298,0.8205990384615385,0.08931731822678346,0.547076923076923,0.21461538461538465,0.029538273077328467,0.1720763334015319,0.5146882581261041
m8,10,1,E_random,7410,1189,0.5411605937921727,0.8504694146985478,0.07454555084675629,0.5923529411764706,0.21029411764705874,0.04400229370446187,0.15875953760622005,0.4821354295848653
m8,10,1,E_curriculum,7410,1189,0.5411605937921727,0.8733395921959807,0.06402453689933596,0.638235294117647,0.2312500000000001,0.04592021520142151,0.14627660508881166,0.4517139277550755
m8,10,1,EqualMix,7410,1189,0.5411605937921727,0.864714463840399,0.06801987061488818,0.621764705882353,0.2238970588235293,0.04988445974888622,0.15166200352059217,0.46518615570620964
m8,10,1,StaticMix,7410,1189,0.5411605937921727,0.8672039020096817,0.06686346237977964,0.6241176470588236,0.22500000000000006,0.04952134862237525,0.15025166703822482,0.46172436515926524
m8,10,1,AdaptiveMix,7410,1189,0.5411605937921727,0.8675707055889688,0.06679942309296749,0.6247058823529411,0.22610294117647056,0.050466688641935445,0.15019578789061744,0.46154351244414366
m0,10,2,E_random,7410,1189,0.7410256410256411,0.8408216239772335,0.046725355741436936,0.7811360083376759,0.3421052631578946,0.024722704169216483,0.1388278304922817,0.4163780524917735
m0,10,2,E_curriculum,7410,1189,0.7410256410256411,0.8345904791477912,0.04932035084844798,0.7477853048462741,0.34666492965085977,0.03779460577649563,0.14253150317888744,0.42647207975510776
m0,10,2,EqualMix,7410,1189,0.7410256410256411,0.8391430991961929,0.04758575175998925,0.767587285044294,0.35187597707139134,0.030702571988918546,0.13982598533672952,0.41940743977074635
m0,10,2,StaticMix,7410,1189,0.7410256410256411,0.8383883466896278,0.04789401832982472,0.7665450755601878,0.3544815007816569,0.03217587143127905,0.1402664597395208,0.4205746868817038
m0,10,2,AdaptiveMix,7410,1189,0.7410256410256411,0.8384974835414509,0.04784677132571126,0.7665450755601878,0.3544815007816569,0.03210811688806509,0.14021601401475617,0.42043074331782876
m2,10,2,E_random,7410,1189,0.5997300944669366,0.7892144575212747,0.09665519984269935,0.5198921105866487,0.20347269049224545,0.031909209038472,0.18323776156306737,0.5381501434811816
m2,10,2,E_curriculum,7410,1189,0.5997300944669366,0.7927821187378347,0.09589470314527851,0.5306810519217803,0.20557990559676317,0.02887580340398955,0.1817916785596137,0.5362261435635712
m2,10,2,EqualMix,7410,1189,0.5997300944669366,0.792988477876783,0.09538333592791645,0.5273095077545517,0.20768712070128115,0.02435940027932027,0.18152441146474668,0.5346742091633608
m2,10,2,StaticMix,7410,1189,0.5997300944669366,0.7932490821570357,0.09534888274935138,0.5246122724207687,0.20642279163857052,0.024742404548301164,0.18141435223028038,0.5345692589234143
m2,10,2,AdaptiveMix,7410,1189,0.5997300944669366,0.7932257908865735,0.09535261943634465,0.5252865812542146,0.20557990559676317,0.02549822790647556,0.18141087144430293,0.5345297867054567
m4,10,2,E_random,7410,1189,0.5662618083670715,0.8049182912223275,0.0955915954132796,0.5220908525202239,0.19220597386434346,0.01808978943572869,0.1782910001223791,0.5280549490599022
m4,10,2,E_curriculum,7410,1189,0.5662618083670715,0.8216221274535916,0.0891486428658303,0.5550715619166147,0.21865276913503431,0.021684529785212073,0.17129152323962016,0.5129066162298996
m4,10,2,EqualMix,7410,1189,0.5662618083670715,0.8157190182607906,0.09124017690725522,0.5382700684505289,0.20620721841941503,0.02381299194881117,0.1738450374019336,0.5183003780047564
m4,10,2,StaticMix,7410,1189,0.5662618083670715,0.817418343128223,0.09060223399512113,0.5432482887367766,0.20854075917859372,0.025872345167151253,0.17313233860524593,0.5167584570757103
m4,10,2,AdaptiveMix,7410,1189,0.5662618083670715,0.8172365983426892,0.090667373378296,0.5426260112009957,0.20854075917859372,0.02620081102785145,0.17321144375973047,0.5169166813961397
m8,10,2,E_random,7410,1189,0.543859649122807,0.8407066821325268,0.07922280902408796,0.5710059171597633,0.2063609467455622,0.03577841151171484,0.16331659690515482,0.49200741160035283
m8,10,2,E_curriculum,7410,1189,0.543859649122807,0.8687405112543498,0.06628743642477986,0.6224852071005916,0.231878698224852,0.04758876108502036,0.14919623313175276,0.4586927128075372
m8,10,2,EqualMix,7410,1189,0.543859649122807,0.8574056264407477,0.07157620371559661,0.6053254437869824,0.22633136094674539,0.04371296000459262,0.15538773313107687,0.473456400852565
m8,10,2,StaticMix,7410,1189,0.543859649122807,0.8602996020967008,0.0702533242678686,0.6076923076923076,0.22818047337278102,0.043410126226701456,0.15390131146818267,0.4699545365485287
m8,10,2,AdaptiveMix,7410,1189,0.543859649122807,0.8599249710015123,0.07042487298619432,0.608284023668639,0.22744082840236687,0.04374398444037467,0.15411996896428334,0.47047145628427745
m0,10,3,E_random,7410,1189,0.7427800269905533,0.8386073125869348,0.047624988774569,0.7618048268625391,0.3559811122770197,0.02511146206765336,0.13881811917380146,0.4178028213642998
m0,10,3,E_curriculum,7410,1189,0.7427800269905533,0.8273697541728691,0.051992790567114935,0.7345225603357819,0.33040398740818455,0.038484038239817435,0.14367699385582686,0.43154049931490085
m0,10,3,EqualMix,7410,1189,0.7427800269905533,0.8353229512372191,0.049059247530890374,0.7544596012591815,0.3428646379853094,0.032236373587493074,0.14016458771732837,0.422032000801956
m0,10,3,StaticMix,7410,1189,0.7427800269905533,0.8353229512372191,0.049059247530890374,0.7544596012591815,0.3428646379853094,0.032236373587493074,0.14016458771732837,0.422032000801956
m0,10,3,AdaptiveMix,7410,1189,0.7427800269905533,0.8351948368371604,0.04910168948149564,0.7534102833158445,0.3422088142707239,0.032763632510637526,0.14023319135293502,0.42219959086347414
m2,10,3,E_random,7410,1189,0.6037786774628879,0.7826890974068764,0.09912216664155515,0.5204359673024525,0.19235354223433251,0.03311595600684812,0.18520554875641596,0.5430364871602894
m2,10,3,E_curriculum,7410,1189,0.6037786774628879,0.7881817013589872,0.0975782999773751,0.5279291553133516,0.204274523160763,0.03352383452004061,0.1831552103848884,0.5394322347618962
m2,10,3,EqualMix,7410,1189,0.6037786774628879,0.7884202123318623,0.09689417876379111,0.5333787465940056,0.19959128065395107,0.03146583169165074,0.1828463860079324,0.5377695059494064
m2,10,3,StaticMix,7410,1189,0.6037786774628879,0.7884202123318623,0.09689417876379111,0.5333787465940056,0.19959128065395107,0.03146583169165074,0.1828463860079324,0.5377695059494064
m2,10,3,AdaptiveMix,7410,1189,0.6037786774628879,0.7885001473850123,0.09687109395292551,0.5333787465940056,0.19916553133515003,0.03028902548556035,0.18280394780100345,0.5376714319098436
m4,10,3,E_random,7410,1189,0.5662618083670715,0.8061516494507169,0.0950571640699813,0.5177349097697573,0.2007622899813318,0.03266400570906465,0.1789566118821724,0.5292687863337726
m4,10,3,E_curriculum,7410,1189,0.5662618083670715,0.8213984130439812,0.08862353759447697,0.5395146235220909,0.22254200373366528,0.02191022051250561,0.17152509212684072,0.5121432781369633
m4,10,3,EqualMix,7410,1189,0.5662618083670715,0.8171311552235424,0.09023404246105238,0.5382700684505289,0.21048537647790908,0.03247033663353887,0.1739120027519121,0.5176263457980912
m4,10,3,StaticMix,7410,1189,0.5662618083670715,0.8171311552235424,0.09023404246105238,0.5382700684505289,0.21048537647790908,0.03247033663353887,0.1739120027519121,0.5176263457980912
m4,10,3,AdaptiveMix,7410,1189,0.5662618083670715,0.8173177198422298,0.09015875817759247,0.5382700684505289,0.2120410703173616,0.031399177601956985,0.17380847893656798,0.5173843109458585
m8,10,3,E_random,7410,1189,0.5456140350877193,0.8419504434839582,0.07874777350783638,0.5729135729135729,0.21183546183546176,0.03590144096494636,0.16273210607070687,0.4907815656529655
m8,10,3,E_curriculum,7410,1189,0.5456140350877193,0.8685356798144332,0.0658731930327833,0.6293436293436294,0.2315117315117315,0.04000075767161503,0.14866095815482497,0.45712666790310796
m8,10,3,EqualMix,7410,1189,0.5456140350877193,0.8588242916711876,0.0706588297559444,0.6109296109296108,0.22297297297297283,0.04428033542983984,0.15461880298581604,0.471721142153883
m8,10,3,StaticMix,7410,1189,0.5456140350877193,0.8588242916711876,0.0706588297559444,0.6109296109296108,0.22297297297297283,0.04428033542983984,0.15461880298581604,0.471721142153883
m8,10,3,AdaptiveMix,7410,1189,0.5456140350877193,0.859104689923389,0.0705355320124546,0.6109296109296108,0.22408672408672412,0.0441533410874667,0.15448138799468192,0.4713927938195205
