scorer,cell,regime,K,cohort,level,hard_fraction,n,model,b3_accuracy,auroc_correct,aurc,aurc_oracle,e_aurc,rer_at_50,rer_at_80,rer_at_90,rer_at_95,ece_adaptive,brier_binary,nll_binary
b3_seed1,rand5,random,5,same4,,0.0,9487,msp,0.7823337198271318,0.8389377695914835,0.06545206683806316,0.02562378825484743,0.039828278583215734,0.8198737081936555,0.3765461755144882,0.18650737096591735,0.09675993970506408,0.010635081271203077,0.12760568560470714,0.38450105256128503
b3_seed1,rand5,random,5,same4,,0.0,9487,stats_logistic,0.7823337198271318,0.8388231310226844,0.06545871932344033,0.02562378825484743,0.0398349310685929,0.8189052872699656,0.37291440566311634,0.1881214436425721,0.09828912716606003,0.015675478992417387,0.1279748214680871,0.3858399057662906
b3_seed1,rand5,random,5,same4,,0.0,9487,e1b_stats_semantic,0.7823337198271318,0.8409660958227063,0.06535626618829593,0.02562378825484743,0.0397324779334485,0.8082526571093754,0.3765461755144882,0.20157204928136319,0.1089934393930317,0.016215200525413975,0.12679653819447714,0.38453293229911567
b3_seed1,hard5,same_category,5,same4,,1.0,9487,msp,0.6115737324760199,0.8137298372291967,0.16883245224853569,0.08770338180285836,0.08112907044567733,0.6005848421543972,0.21612001079761087,0.10123454632214249,0.0536681148487312,0.0375690401500782,0.17180000005860654,0.50922082930637
b3_seed1,hard5,same_category,5,same4,,1.0,9487,stats_logistic,0.6115737324760199,0.8138533617519248,0.16843611535637476,0.08770338180285836,0.0807327335535164,0.599499474877643,0.2089969126698523,0.10153604429385611,0.05109733701403108,0.014958507632653238,0.1699449942965323,0.5043727670666384
b3_seed1,hard5,same_category,5,same4,,1.0,9487,e1b_stats_semantic,0.6115737324760199,0.8487922800213467,0.15485493258897146,0.08770338180285836,0.0671515507861131,0.6488836859699663,0.2683560637345073,0.1368113069843321,0.06366558420589805,0.02921937967985285,0.15543186673772913,0.4708925724592352
b3_seed1,rand10,random,10,same9,,0.0,6765,msp,0.654249815225425,0.8060903476232694,0.1458844920494953,0.06817421958714376,0.07771027246235154,0.6152770491797063,0.24219752030782388,0.12172905380787806,0.05856365763476592,0.02260927464129838,0.16870056268562977,0.5005226793732419
b3_seed1,rand10,random,10,same9,,0.0,6765,stats_logistic,0.654249815225425,0.8067123281584373,0.1458051334570797,0.06817421958714376,0.07763091386993595,0.6110023497261474,0.24700726806327475,0.12077905819274312,0.06396386609957597,0.015213537610244673,0.16822799650980402,0.4989350271111834
b3_seed1,rand10,random,10,same9,,0.0,6765,e1b_stats_semantic,0.654249815225425,0.8127807678479628,0.1431019626373696,0.06817421958714376,0.07492774305022584,0.6298110273218063,0.2528858486532706,0.13740398145760213,0.06936407456438601,0.014433448218813797,0.16562898720760014,0.4919708885377646
b3_seed1,hard10,same_category,10,same9,,1.0,6765,msp,0.5393939393939394,0.8250464104502578,0.21296712362063208,0.12763327108490158,0.0853338525357305,0.5456384087620767,0.18364890885750965,0.089363044662074,0.04435850400858209,0.048202905593506734,0.17144791078253901,0.5128698432697271
b3_seed1,hard10,same_category,10,same9,,1.0,6765,stats_logistic,0.5393939393939394,0.8237928797556859,0.21285995374183242,0.12763327108490158,0.08522668265693084,0.54948893072172,0.17763157894736836,0.08116232031878011,0.04131828716025326,0.03207890758634464,0.16904726888738103,0.5058579033197453
b3_seed1,hard10,same_category,10,same9,,1.0,6765,e1b_stats_semantic,0.5393939393939394,0.8623388826523595,0.1955256690289656,0.12763327108490158,0.06789239794406401,0.618156572335361,0.2169448010269575,0.10719070627793,0.054154758297642346,0.05256531200048519,0.15321036412831376,0.46821537330119556
b3_seed1,expb_m0,level,10,same8,0,0.0,7410,msp,0.7426450742240216,0.839671758389689,0.08270018023586934,0.036390507707051684,0.04630967252881765,0.772417409543786,0.3392763502884109,0.17147351861562657,0.08818884969252051,0.03893620246217543,0.14017193107358938,0.4185308709782827
b3_seed1,expb_m0,level,10,same8,0,0.0,7410,stats_logistic,0.7426450742240216,0.8396973915453086,0.08292257983934187,0.036390507707051684,0.046532072132290186,0.7745149449396959,0.34452018877818547,0.17846530326865934,0.08984468107927722,0.022585690835343057,0.1386608756463976,0.4153669747532981
b3_seed1,expb_m0,level,10,same8,0,0.0,7410,e1b_stats_semantic,0.7426450742240216,0.8396951045723166,0.08338232273071525,0.036390507707051684,0.04699181502366356,0.7608809648662821,0.3464866282118512,0.18545708792169208,0.09977966939981879,0.02546177177138557,0.13851303504029286,0.41589785012977326
b3_seed1,expb_m2,level,10,same8,2,0.2222222222222222,7410,msp,0.5983805668016194,0.779113527677138,0.1955959506885968,0.09433406115291154,0.10126188953568527,0.5040322580645162,0.1843077956989247,0.0905017921146953,0.04718142870234598,0.020059294880586255,0.18605478874966536,0.5439590838300041
b3_seed1,expb_m2,level,10,same8,2,0.2222222222222222,7410,stats_logistic,0.5983805668016194,0.7796869770977927,0.19517497345938703,0.09433406115291154,0.10084091230647549,0.5047043010752688,0.18262768817204308,0.09012843488649928,0.04364461143695026,0.04002851560680063,0.1874185261459714,0.547586815037022
b3_seed1,expb_m2,level,10,same8,2,0.2222222222222222,7410,e1b_stats_semantic,0.5983805668016194,0.7922537570144679,0.18971789431086844,0.09433406115291154,0.0953838331579569,0.5235215053763441,0.20152889784946246,0.09684886499402623,0.048949837335043975,0.03814752388108497,0.18250362312739576,0.5365138203637456
b3_seed1,expb_m4,level,10,same8,4,0.4444444444444444,7410,msp,0.5614035087719298,0.79045525147929,0.21727742634598332,0.11448961962957277,0.10278780671641055,0.4929230769230769,0.1811538461538461,0.08410256410256413,0.042011363636363715,0.01940909864167616,0.18465572382656284,0.542750632713353
b3_seed1,expb_m4,level,10,same8,4,0.4444444444444444,7410,stats_logistic,0.5614035087719298,0.7917079881656804,0.21632195151945222,0.11448961962957277,0.10183233188987945,0.4978461538461538,0.17961538461538468,0.08307692307692309,0.042011363636363715,0.0355012996311553,0.18483261155768674,0.543363374117606
b3_seed1,expb_m4,level,10,same8,4,0.4444444444444444,7410,e1b_stats_semantic,0.5614035087719298,0.8123204142011834,0.20683722035088603,0.11448961962957277,0.09234760072131326,0.5415384615384615,0.19653846153846163,0.09470085470085465,0.045573863636363766,0.03766684303266831,0.17652397855517007,0.5243537143247688
b3_seed1,expb_m8,level,10,same8,8,0.8888888888888888,7410,msp,0.5411605937921727,0.8181501393574886,0.2168442264569275,0.12654558921215037,0.09029863724477713,0.5364705882352941,0.1812500000000001,0.08986928104575168,0.04372117312834236,0.045704071510802045,0.17449509588748735,0.5204518578454596
b3_seed1,expb_m8,level,10,same8,8,0.8888888888888888,7410,stats_logistic,0.5411605937921727,0.819364749889981,0.21545357455463246,0.12654558921215037,0.0889079853424821,0.5376470588235295,0.18014705882352935,0.08758169934640517,0.041244568850267324,0.02861626896372791,0.17179664080826268,0.512791683838811
b3_seed1,expb_m8,level,10,same8,8,0.8888888888888888,7410,e1b_stats_semantic,0.5411605937921727,0.8530913891741235,0.20012853728945681,0.12654558921215037,0.07358294807730645,0.5964705882352941,0.21507352941176477,0.10457516339869274,0.05269886363636357,0.04785558961933495,0.15782086966244338,0.479914485043325
b3_seed2,rand5,random,5,same4,,0.0,9487,msp,0.7845472752187204,0.8345246443091435,0.0656599870847894,0.025083546825512087,0.04057644025927731,0.8043259092544128,0.36647174544732636,0.18793350367337266,0.10189912678859382,0.010157491493690109,0.12819767734557022,0.38586511382573624
b3_seed2,rand5,random,5,same4,,0.0,9487,stats_logistic,0.7845472752187204,0.8347255186383244,0.06570348530695404,0.025083546825512087,0.04061993848144195,0.8082393910693245,0.3725868830395334,0.19065126303189542,0.10241409288561872,0.019912844937835926,0.12858396274542436,0.3880128551937091
b3_seed2,rand5,random,5,same4,,0.0,9487,e1b_stats_semantic,0.7845472752187204,0.8354514532232311,0.06587197072378093,0.025083546825512087,0.04078842389826884,0.7984556865320456,0.37503293807641613,0.19663033362064578,0.10653382166181785,0.016663661097712952,0.1280463621668695,0.38791781452290264
b3_seed2,hard5,same_category,5,same4,,1.0,9487,msp,0.6190576578475809,0.8123606185190291,0.16479845589595052,0.08406899320010447,0.08072946269584605,0.6038049052261627,0.22077986136478478,0.11186030591239535,0.05779443220764981,0.03371689894669547,0.17169189130190657,0.5082632261237627
b3_seed2,hard5,same_category,5,same4,,1.0,9487,stats_logistic,0.6190576578475809,0.813270535125947,0.16416349960953266,0.08406899320010447,0.0800945064094282,0.6010381797039992,0.22493016836151028,0.11001577902955495,0.056920671248336954,0.012226323331134083,0.1699585212692552,0.5036168575677045
b3_seed2,hard5,same_category,5,same4,,1.0,9487,e1b_stats_semantic,0.6190576578475809,0.8426494917178413,0.15253845787684991,0.08406899320010447,0.06846946467674545,0.6536059646251089,0.26712495616155285,0.134302049653619,0.06886207102561259,0.024807635650293095,0.15745547892359266,0.47429508818419636
b3_seed2,rand10,random,10,same9,,0.0,6765,msp,0.6629711751662971,0.7944796495139744,0.14511722067905292,0.06453191559315835,0.08058530508589457,0.5991820557897849,0.2379385964912281,0.11703157548988252,0.05774671820363098,0.021980540147249816,0.17174945965294697,0.5067723082539325
b3_seed2,rand10,random,10,same9,,0.0,6765,stats_logistic,0.6629711751662971,0.7941055956502181,0.14543498886698145,0.06453191559315835,0.0809030732738231,0.6018132457955412,0.2330043859649122,0.12092989082988295,0.05543840541138117,0.021909043661115072,0.1720087392918708,0.5073880883633136
b3_seed2,rand10,random,10,same9,,0.0,6765,e1b_stats_semantic,0.6629711751662971,0.8011656789688826,0.1426165106843454,0.06453191559315835,0.07808459509118704,0.6018132457955412,0.25219298245614025,0.12872652150988415,0.06559498169728056,0.025858575535636922,0.1692884511419106,0.5004567751358965
b3_seed2,hard10,same_category,10,same9,,1.0,6765,msp,0.5438285291943828,0.817266008737123,0.213951854024912,0.1249139380110984,0.08903791601381361,0.5308535357202314,0.18462410887880754,0.08555072111912668,0.04427772054080411,0.0443310748409677,0.17534520548496943,0.520896008567991
b3_seed2,hard10,same_category,10,same9,,1.0,6765,stats_logistic,0.5438285291943828,0.817201886942354,0.21364737821239035,0.1249139380110984,0.08873344020129195,0.5256695968884108,0.18097861309138036,0.08843087632820022,0.0422312060237609,0.03295828987844422,0.17337753373986964,0.514843403874432
b3_seed2,hard10,same_category,10,same9,,1.0,6765,e1b_stats_semantic,0.5438285291943828,0.8490805480722329,0.19885437054746086,0.1249139380110984,0.07394043253636245,0.588524855224236,0.21459818535320804,0.10571180758264177,0.05178160710329621,0.045526876985246226,0.16020633414303614,0.4828815681620279
b3_seed2,expb_m0,level,10,same8,0,0.0,7410,msp,0.7410256410256411,0.8425200780964331,0.08281461911009515,0.036874116045502225,0.04594050306459292,0.7873892652423137,0.34731631057842616,0.17781251809391438,0.09882707020702053,0.03484743649463183,0.13891925017848658,0.4164566359257901
b3_seed2,expb_m0,level,10,same8,0,0.0,7410,stats_logistic,0.7410256410256411,0.8413579129769316,0.08322972833331607,0.036874116045502225,0.04635561228781385,0.7926003126628453,0.3414538822303282,0.1766545075560186,0.09498762376237613,0.022544564071742695,0.13848785561467122,0.4151575516622005
b3_seed2,expb_m0,level,10,same8,0,0.0,7410,e1b_stats_semantic,0.7410256410256411,0.8404539751390048,0.08370178269450454,0.036874116045502225,0.046827666649002314,0.7759249609171444,0.3421052631578946,0.18302356551444596,0.09608460846084584,0.024782523472356096,0.13893317832659396,0.41656882862543454
b3_seed2,expb_m2,level,10,same8,2,0.2222222222222222,7410,msp,0.5997300944669366,0.7792101361181297,0.1947187277790628,0.09364256111929292,0.10107616665976987,0.48954821308159147,0.1895650708024274,0.09342923503409015,0.04751770060687796,0.019152062593092045,0.18607018540920492,0.543584957243318
b3_seed2,expb_m2,level,10,same8,2,0.2222222222222222,7410,stats_logistic,0.5997300944669366,0.7790514975300632,0.19469355004011085,0.09364256111929292,0.10105098892081793,0.4969656102494943,0.18324342548887398,0.09342923503409015,0.05035669404769195,0.033864377062135194,0.18730346927161626,0.5474996883898828
b3_seed2,expb_m2,level,10,same8,2,0.2222222222222222,7410,e1b_stats_semantic,0.5997300944669366,0.7892648334287239,0.19028712940690662,0.09364256111929292,0.0966445682876137,0.5212407282535401,0.203894133513149,0.09904847531280424,0.05213106494820079,0.03169939904993244,0.18317459526505825,0.5379444520272407
b3_seed2,expb_m4,level,10,same8,4,0.4444444444444444,7410,msp,0.5662618083670715,0.7890409451500021,0.21477815088889562,0.11170580973610361,0.10307234115279201,0.4915992532669571,0.1801493466085875,0.09216621724400201,0.047000516207501335,0.021565017557399802,0.1850796766373856,0.5432828157970848
b3_seed2,expb_m4,level,10,same8,4,0.4444444444444444,7410,stats_logistic,0.5662618083670715,0.7892215776663465,0.21450008280875443,0.11170580973610361,0.10279427307265082,0.48537647790914745,0.1766490354698196,0.0911290880177004,0.04470807758669468,0.021544159999469365,0.18465888694347599,0.5428306931668146
b3_seed2,expb_m4,level,10,same8,4,0.4444444444444444,7410,e1b_stats_semantic,0.5662618083670715,0.8065027557581435,0.2065877397928155,0.11170580973610361,0.09488193005671189,0.5227131300560051,0.19453951462352215,0.10184609002281683,0.051257902217570886,0.01688486936923011,0.17765600348298866,0.5265536001473364
b3_seed2,expb_m8,level,10,same8,8,0.8888888888888888,7410,msp,0.543859649122807,0.813946584051566,0.2171691397085832,0.12489498309067504,0.09227415661790817,0.5201183431952662,0.1871301775147929,0.08612754766600914,0.04242242132867132,0.04434545086583178,0.17663629247199558,0.5248434687888935
b3_seed2,expb_m8,level,10,same8,8,0.8888888888888888,7410,stats_logistic,0.543859649122807,0.8145634809931431,0.21641188234827888,0.12489498309067504,0.09151689925760384,0.5171597633136094,0.18158284023668633,0.08711374095989474,0.04335664335664323,0.024404837743844682,0.17440133432574503,0.51835887862825
b3_seed2,expb_m8,level,10,same8,8,0.8888888888888888,7410,e1b_stats_semantic,0.543859649122807,0.84259173065911,0.2033730888947719,0.12489498309067504,0.07847810580409686,0.5763313609467455,0.20857988165680463,0.10059171597633135,0.05083041958041947,0.03614162398651352,0.16254902056016252,0.4901634933917186
b3_seed3,rand5,random,5,same4,,0.0,9487,msp,0.7881311268051017,0.8369275063761039,0.06364780733013611,0.024222103975527404,0.03942570335460871,0.813949959309691,0.3725455069841834,0.19630690673579068,0.09560987915189417,0.01183073377332681,0.12624687487238218,0.3811551639557426
b3_seed3,rand5,random,5,same4,,0.0,9487,stats_logistic,0.7881311268051017,0.8375763951407866,0.06365368214256495,0.024222103975527404,0.039431578167037545,0.8209143993355315,0.37565479584947453,0.19907063814316406,0.09927561791618877,0.014345562759361719,0.12606095070957954,0.3818945258312012
b3_seed3,rand5,random,5,same4,,0.0,9487,e1b_stats_semantic,0.7881311268051017,0.8383878387918638,0.06385177229469624,0.024222103975527404,0.03962966831916884,0.8049956792764674,0.3843608046722908,0.2001761307061135,0.1087018033100892,0.0124374356550702,0.12547876077805395,0.38188813568816216
b3_seed3,hard5,same_category,5,same4,,1.0,9487,msp,0.620006324443976,0.8104660260198137,0.16455474066586817,0.08361478013695539,0.08093996052891278,0.5967137992248914,0.2212615694422364,0.1087184703162563,0.053106339079027925,0.02927948317782387,0.1719279156758489,0.5083185038453083
b3_seed3,hard5,same_category,5,same4,,1.0,9487,stats_logistic,0.620006324443976,0.811188604742082,0.16388633742370437,0.08361478013695539,0.08027155728674898,0.5978232523219345,0.21710090106882007,0.10594477260977161,0.05252237752434338,0.011524165299532643,0.1705602267048345,0.5043855719987651
b3_seed3,hard5,same_category,5,same4,,1.0,9487,e1b_stats_semantic,0.620006324443976,0.8424162010053474,0.1520345444817237,0.08361478013695539,0.06841976434476832,0.6349899310728729,0.27292320174548973,0.1376882019173187,0.07091716649690637,0.02328067937075906,0.1576350886889248,0.4746934545142382
b3_seed3,rand10,random,10,same9,,0.0,6765,msp,0.6617886178861788,0.7991328249592713,0.1442252446086303,0.06501903004533888,0.07920621456329141,0.6093234839355146,0.24005681818181812,0.11671977841504866,0.06840208375722613,0.019039041256922216,0.17014038583964836,0.5029040279564211
b3_seed3,rand10,random,10,same9,,0.0,6765,stats_logistic,0.6617886178861788,0.799475875922157,0.14428721205433237,0.06501903004533888,0.07926818200899349,0.6084494872552811,0.24060314685314696,0.12303239132357233,0.0693221804646266,0.013234512050983997,0.16963871373566147,0.5021083547562093
b3_seed3,rand10,random,10,same9,,0.0,6765,e1b_stats_semantic,0.6617886178861788,0.8061822586615975,0.1414479020169663,0.06501903004533888,0.07642887197162743,0.6128194706564496,0.25152972027972026,0.13808554518235935,0.07484276070902812,0.018266701768102484,0.16700255581377027,0.49493925414811174
b3_seed3,hard10,same_category,10,same9,,1.0,6765,msp,0.544419807834442,0.8186214508211871,0.21306267861848258,0.12455409892377994,0.08850857969470263,0.5334888167600608,0.18924399740428288,0.0883292485283992,0.04406191352651506,0.04368790816285856,0.17420161671833115,0.518211863066339
b3_seed3,hard10,same_category,10,same9,,1.0,6765,stats_logistic,0.544419807834442,0.8196424175971716,0.21220027272004904,0.12455409892377994,0.0876461737962691,0.5393283169675149,0.18397144711226462,0.08905022183917138,0.04406191352651506,0.02540079206097019,0.1713659046477953,0.5104959147802086
b3_seed3,hard10,same_category,10,same9,,1.0,6765,e1b_stats_semantic,0.544419807834442,0.8515565933098793,0.19772120308931648,0.12455409892377994,0.07316710416553654,0.586693151983531,0.21682349123945485,0.1067140679530933,0.052258595940007,0.046589925401435445,0.15855857956067992,0.4798713125697809
b3_seed3,expb_m0,level,10,same8,0,0.0,7410,msp,0.7427800269905533,0.8397375599392372,0.08308993800114574,0.036350366521194444,0.046739571479951295,0.7743966421825813,0.3428646379853094,0.18502973067506118,0.0987551273490412,0.03773759516814873,0.1398538704557954,0.41876701632562024
b3_seed3,expb_m0,level,10,same8,0,0.0,7410,stats_logistic,0.7427800269905533,0.8393377743783401,0.08337442249980795,0.036350366521194444,0.047024055978613505,0.7733473242392447,0.3487670514165791,0.18736154832692054,0.0937850269483923,0.022622569217242896,0.13864933113606395,0.4164155203397782
b3_seed3,expb_m0,level,10,same8,0,0.0,7410,e1b_stats_semantic,0.7427800269905533,0.838089802856341,0.08413683592992385,0.036350366521194444,0.04778646940872941,0.7597061909758658,0.35270199370409233,0.1867785939139559,0.09765066059334164,0.024630996375256405,0.13898743947812872,0.4181468038028957
b3_seed3,expb_m2,level,10,same8,2,0.2222222222222222,7410,msp,0.6037786774628879,0.7741308699735316,0.19395368737433397,0.09158625423778438,0.10236743313654958,0.5027247956403271,0.18383855585831077,0.09059945504087216,0.049615761239782084,0.02016816103928434,0.18723575621166563,0.5459204649161871
b3_seed3,expb_m2,level,10,same8,2,0.2222222222222222,7410,stats_logistic,0.6037786774628879,0.7740807773402243,0.19425358779199015,0.09158625423778438,0.10266733355420576,0.508174386920981,0.18000681198910096,0.0921132303966092,0.04746475956774839,0.03471539685366936,0.18840069619506947,0.5501734618056543
b3_seed3,expb_m2,level,10,same8,2,0.2222222222222222,7410,e1b_stats_semantic,0.6037786774628879,0.7830758308068781,0.1906449777513855,0.09158625423778438,0.09905872351360112,0.526566757493188,0.19490803814713914,0.10157432636996694,0.05355926430517724,0.0336617364313589,0.18505766405996896,0.542716510750857
b3_seed3,expb_m4,level,10,same8,4,0.4444444444444444,7410,msp,0.5662618083670715,0.7899085892689455,0.21401963571532057,0.11170580973610361,0.10231382597921695,0.4866210329807094,0.18714996888612329,0.09285763672820299,0.04798298990213265,0.023748736688025778,0.1846054541934065,0.5415988472300977
b3_seed3,expb_m4,level,10,same8,4,0.4444444444444444,7410,stats_logistic,0.5662618083670715,0.7915285722675401,0.2133935796489645,0.11170580973610361,0.10168776991286088,0.4971997510889856,0.1863721219663969,0.09631473414920844,0.046673024975957565,0.03355551946274041,0.18471863218346704,0.5425330949544606
b3_seed3,expb_m4,level,10,same8,4,0.4444444444444444,7410,e1b_stats_semantic,0.5662618083670715,0.8081808733596996,0.20594177146750695,0.11170580973610361,0.09423596173140333,0.5227131300560051,0.20465152457996275,0.10150038028071622,0.05355034083837754,0.03229113736266914,0.17815912862885303,0.5274688034299073
b3_seed3,expb_m8,level,10,same8,8,0.8888888888888888,7410,msp,0.5456140350877193,0.8139908369935578,0.21610065193357797,0.12382927626324297,0.092271375670335,0.5242055242055241,0.18436293436293433,0.0882090882090881,0.044664794664794616,0.03607562069679169,0.17605654331951076,0.5234532636408672
b3_seed3,expb_m8,level,10,same8,8,0.8888888888888888,7410,stats_logistic,0.5456140350877193,0.8159820539241761,0.21460869619445594,0.12382927626324297,0.09077941993121297,0.5325215325215324,0.18770418770418767,0.08985908985908968,0.04341435591435578,0.023763053263591467,0.17338436854039638,0.5161002031117765
b3_seed3,expb_m8,level,10,same8,8,0.8888888888888888,7410,e1b_stats_semantic,0.5456140350877193,0.8439626700818885,0.20187114652783028,0.12382927626324297,0.07804187026458731,0.5764775764775764,0.21257796257796246,0.10800910800910783,0.05279264654264643,0.040080161587097214,0.16194484265122286,0.4889324533527704
b3_mean,rand5,random,5,same4,,0.0,9487,msp,0.7850040406169846,0.8367966400922436,0.06491995375099623,0.02497647968529564,0.039943474065700584,0.8127165255859197,0.37185447598199933,0.19024926045836021,0.09808964854851736,0.010874435512739998,0.12735007927421985,0.38384044344758794
b3_mean,rand5,random,5,same4,,0.0,9487,stats_logistic,0.7850040406169846,0.8370416816005984,0.06493862892431977,0.02497647968529564,0.03996214923902413,0.8160196925582738,0.3737186948507081,0.19261444827254384,0.09999294598928916,0.01664462889653834,0.12753991164103032,0.38524909559706694
b3_mean,rand5,random,5,same4,,0.0,9487,e1b_stats_semantic,0.7850040406169846,0.8382684626126005,0.06502666973559103,0.02497647968529564,0.04005019005029539,0.8039013409726294,0.378646639421065,0.1994595045360408,0.10807635478831291,0.015105432426065707,0.12677388704646686,0.3847796275033935
b3_mean,hard5,same_category,5,same4,,1.0,9487,msp,0.6168792382558589,0.8121854939226799,0.16606188293678478,0.08512905171330608,0.08093283122347872,0.6003678488684838,0.21938714720154404,0.10727110751693138,0.054856295378469644,0.033521807424865845,0.171806602345454,0.5086008530918137
b3_mean,hard5,same_category,5,same4,,1.0,9487,stats_logistic,0.6168792382558589,0.8127708338733179,0.16549531746320392,0.08512905171330608,0.08036626574989786,0.5994536356345256,0.21700932736672754,0.10583219864439423,0.053513461928903806,0.012902998754439989,0.17015458075687398,0.5041250655443693
b3_mean,hard5,same_category,5,same4,,1.0,9487,e1b_stats_semantic,0.6168792382558589,0.8446193242481784,0.15314264498251504,0.08512905171330608,0.06801359326920896,0.6458265272226494,0.26946807388051663,0.13626718618508993,0.067814940576139,0.025769231566968337,0.15684081145008222,0.4732937050525566
b3_mean,rand10,random,10,same9,,0.0,6765,msp,0.659669869425967,0.7999009406988383,0.14507565244572618,0.065908388408547,0.07916726403717918,0.6079275296350019,0.24006431166029005,0.11849346923760308,0.06157081986520768,0.021209618681823472,0.17019680272607504,0.5033996718611985
b3_mean,rand10,random,10,same9,,0.0,6765,stats_logistic,0.659669869425967,0.8000979332436042,0.14517577812613117,0.065908388408547,0.07926738971758418,0.6070883609256565,0.2402049336271113,0.12158044678206614,0.06290815065852791,0.01678569777411458,0.1699584831791121,0.5028104900769022
b3_mean,rand10,random,10,same9,,0.0,6765,e1b_stats_semantic,0.659669869425967,0.8067095684928143,0.14238879177956043,0.065908388408547,0.07648040337101343,0.6148145812579323,0.25220285046304364,0.13473868271661524,0.06993393899023156,0.0195195751741844,0.16730666472109368,0.49578897260725757
b3_mean,hard10,same_category,10,same9,,1.0,6765,msp,0.5425474254742547,0.8203112900028561,0.21332721875467556,0.1257004360065933,0.08762678274808226,0.5366602537474563,0.18583900504686668,0.08774767143653328,0.04423271269196708,0.045407296199111,0.17366491099527984,0.517325904968019
b3_mean,hard10,same_category,10,same9,,1.0,6765,stats_logistic,0.5425474254742547,0.8202123947650705,0.21290253489142394,0.1257004360065933,0.08720209888483062,0.5381622815258819,0.1808605463836711,0.08621447282871723,0.04253713557017641,0.03014599650858635,0.17126356909168197,0.510399073991462
b3_mean,hard10,same_category,10,same9,,1.0,6765,e1b_stats_semantic,0.5425474254742547,0.8543253413448239,0.197367080888581,0.1257004360065933,0.07166664488198767,0.5977915265143761,0.21612215920654013,0.10653886060455502,0.05273165378031519,0.04822737146238895,0.1573250926106766,0.4769894180110015
b3_mean,expb_m0,level,10,same8,0,0.0,7410,msp,0.7421502474134053,0.8406431321417864,0.08286824578237006,0.03653833009124945,0.046329915691120625,0.7780677723228937,0.34315243295071546,0.17810525579486738,0.0952570157495274,0.03717374470831866,0.13964835056929045,0.41791817440989765
b3_mean,expb_m0,level,10,same8,0,0.0,7410,stats_logistic,0.7421502474134053,0.8401310263001935,0.08317557689082196,0.03653833009124945,0.04663724679957251,0.7801541939472619,0.34491370747503086,0.18082711971719947,0.09287244393001522,0.022584274708109548,0.1385993541323776,0.4156466822517589
b3_mean,expb_m0,level,10,same8,0,0.0,7410,e1b_stats_semantic,0.7421502474134053,0.8394129608558875,0.08374031378504787,0.03653833009124945,0.04720198369379843,0.7655040389197642,0.3470979616912793,0.18508641578336463,0.0978383128180021,0.024958430539666024,0.13881121761500517,0.41687116085270115
b3_mean,expb_m2,level,10,same8,2,0.2222222222222222,7410,msp,0.600629779577148,0.7774848445895998,0.1947561219473312,0.09318762550332961,0.10156849644400157,0.4987684222621449,0.18590380745322097,0.09151016072988587,0.04810496351633534,0.01979317283765421,0.18645357679017863,0.5444881686631697
b3_mean,expb_m2,level,10,same8,2,0.2222222222222222,7410,stats_logistic,0.600629779577148,0.7776064173226933,0.19470737043049602,0.09318762550332961,0.10151974492716638,0.5032814327485814,0.181959308550006,0.09189030010573286,0.047155355017463534,0.03620276317420173,0.18770756387088572,0.548419988410853
b3_mean,expb_m2,level,10,same8,2,0.2222222222222222,7410,e1b_stats_semantic,0.600629779577148,0.7881981404166899,0.19021666715638685,0.09318762550332961,0.09702904165305724,0.5237763303743574,0.20011035650325018,0.09915722222559914,0.05154672219614067,0.034502886454125435,0.183578627484141,0.539058261047281
b3_mean,expb_m4,level,10,same8,4,0.4444444444444444,7410,msp,0.5646423751686909,0.7898015952994125,0.21535840431673317,0.11263374636726,0.10272465794947316,0.49038112105691445,0.18281772054951895,0.08970880602492304,0.04566495658199923,0.021574284295700578,0.184780284885785,0.5425440985801785
b3_mean,expb_m4,level,10,same8,4,0.4444444444444444,7410,stats_logistic,0.5646423751686909,0.7908193793665222,0.21473853799239037,0.11263374636726,0.10210479162513038,0.4934741276147623,0.18087884735053375,0.09017358174794397,0.04446415539967199,0.030200326364455025,0.18473671022820992,0.542909054079627
b3_mean,expb_m4,level,10,same8,4,0.4444444444444444,7410,e1b_stats_semantic,0.5646423751686909,0.8090013477730089,0.20645557720373617,0.11263374636726,0.09382183083647616,0.5289882405501573,0.19857650024731552,0.09934910833479589,0.0501273688974374,0.028947616588189187,0.17744637022233722,0.5261253726340042
b3_mean,expb_m8,level,10,same8,8,0.8888888888888888,7410,msp,0.5435447593342331,0.8153625201342042,0.2167046726996962,0.1250899495220228,0.09161472317767343,0.5269314852120282,0.18424770395924242,0.08806863897361632,0.043602796373936104,0.042041714357808506,0.17572931055966456,0.5229161967584068
b3_mean,expb_m8,level,10,same8,8,0.8888888888888888,7410,stats_logistic,0.5435447593342331,0.8166367616024335,0.21549138436578907,0.1250899495220228,0.0904014348437663,0.5291094515528905,0.18314469558813448,0.0881848433884632,0.04267185604042211,0.02559471999038802,0.17319411455813472,0.5157502551929459
b3_mean,expb_m8,level,10,same8,8,0.8888888888888888,7410,e1b_stats_semantic,0.5435447593342331,0.846548596638374,0.201790924237353,0.1250899495220228,0.0767009747153302,0.5830931752198719,0.21207712454884398,0.10439199579471065,0.05210730991980982,0.04135912506431522,0.16077157762460959,0.48633681059593803
