scorer,cell,group_by,group,n,b3_accuracy,auroc_e1b_stats_semantic,e_aurc_e1b_stats_semantic,auroc_stats_logistic,e_aurc_stats_logistic,delta_auroc,e_aurc_reduction
b3_seed1,hard5,cand_vmax,all,9487,0.6115737324760199,0.8487922800213467,0.0671515507861131,0.8138533617519248,0.0807327335535164,0.03493891826942186,0.16822399254449327
b3_seed1,hard5,cand_vmax,Q1,2376,0.9023569023569024,0.7521451203036541,0.03241754962188159,0.7390070123520329,0.03367313960267124,0.01313810795162118,0.03728758279165752
b3_seed1,hard5,cand_vmax,Q2,2370,0.7784810126582279,0.7608568847593238,0.06705570140415716,0.7453049425732352,0.07208700828469312,0.015551942186088574,0.06979491867197248
b3_seed1,hard5,cand_vmax,Q3,2370,0.5417721518987342,0.7828637487593444,0.11592906333512487,0.7455049540168557,0.13445596003077515,0.03735879474248871,0.1377915615745834
b3_seed1,hard5,cand_vmax,Q4,2371,0.2231126107127794,0.6923384009737095,0.1908184474549086,0.662158334513525,0.20740514117521447,0.03018006646018445,0.079972432825537
b3_seed1,hard5,cand_top12_sim,all,9487,0.6115737324760199,0.8487922800213467,0.0671515507861131,0.8138533617519248,0.0807327335535164,0.03493891826942186,0.16822399254449327
b3_seed1,hard5,cand_top12_sim,Q1,2372,0.8035413153456998,0.861996676409261,0.03460947433999759,0.8240737404807047,0.041808266655084275,0.037922935928556334,0.1721858591860863
b3_seed1,hard5,cand_top12_sim,Q2,2373,0.7433628318584071,0.8213717890002197,0.0573059527564581,0.7938863010995312,0.06572806847949979,0.0274854879006885,0.12813575566530608
b3_seed1,hard5,cand_top12_sim,Q3,2372,0.5973861720067454,0.8052237785750442,0.093481676798435,0.7699682612406566,0.10838672996640958,0.03525551733438759,0.13751732497690303
b3_seed1,hard5,cand_top12_sim,Q4,2370,0.30168776371308015,0.7288107662730019,0.17351066536921655,0.7064982147761604,0.18799003977921636,0.022312551496841526,0.07702202960861652
b3_seed2,hard5,cand_vmax,all,9487,0.6190576578475809,0.8426494917178413,0.06846946467674545,0.813270535125947,0.0800945064094282,0.029378956591894267,0.1451415615605108
b3_seed2,hard5,cand_vmax,Q1,2374,0.9048020219039595,0.7703482144328537,0.02880937083416546,0.7605799179314777,0.029779368591726606,0.009768296501376006,0.03257281142725886
b3_seed2,hard5,cand_vmax,Q2,2370,0.7818565400843882,0.744028450909759,0.07211458815934119,0.7328812809172432,0.07593078361821483,0.011147169992515749,0.05025887100101236
b3_seed2,hard5,cand_vmax,Q3,2372,0.5590219224283305,0.7483006439816697,0.1261166904221744,0.7320302293589888,0.13453569622263695,0.016270414622680973,0.0625782304387849
b3_seed2,hard5,cand_vmax,Q4,2371,0.23028258118937156,0.6837543278639169,0.20208694516001124,0.6827969290982989,0.2032267056419348,0.0009573987656179561,0.0056083204140094205
b3_seed2,hard5,cand_top12_sim,all,9487,0.6190576578475809,0.8426494917178413,0.06846946467674545,0.813270535125947,0.0800945064094282,0.029378956591894267,0.1451415615605108
b3_seed2,hard5,cand_top12_sim,Q1,2373,0.8116308470290771,0.8559160992517324,0.034242211378239636,0.8215355165740915,0.04107172629059064,0.03438058267764088,0.16628263599223525
b3_seed2,hard5,cand_top12_sim,Q2,2371,0.7473639814424293,0.8237176709112629,0.05594751092393223,0.7992006994351006,0.06334491004933687,0.024516971476162275,0.1167796926326535
b3_seed2,hard5,cand_top12_sim,Q3,2371,0.6111345423871785,0.7732470145466467,0.10595193904322789,0.7488199655982359,0.11641761999408964,0.024427048948410746,0.08989774014786665
b3_seed2,hard5,cand_top12_sim,Q4,2372,0.306070826306914,0.723689451680173,0.17431653751337473,0.7247714636701713,0.1738795985861057,-0.001082011989998355,-0.002512882079450303
b3_seed3,hard5,cand_vmax,all,9487,0.620006324443976,0.8424162010053474,0.06841976434476832,0.811188604742082,0.08027155728674898,0.031227596263265434,0.14764623164894203
b3_seed3,hard5,cand_vmax,Q1,2372,0.907672849915683,0.7713289516380457,0.027878247350177895,0.7664509752771433,0.028149609550693767,0.00487797636090237,0.009639998737005006
b3_seed3,hard5,cand_vmax,Q2,2375,0.7823157894736842,0.7388365018853075,0.07192032016199415,0.730835136052368,0.07463933512254474,0.008001365832939422,0.03642871357423592
b3_seed3,hard5,cand_vmax,Q3,2370,0.5632911392405063,0.7503244133239249,0.1260264279227712,0.724095605131267,0.13865912598924096,0.026228808192657826,0.09110614232091717
b3_seed3,hard5,cand_vmax,Q4,2370,0.22616033755274262,0.7039980712576702,0.19107663997142776,0.6876424176825795,0.2000640156015273,0.016355653575090723,0.04492249944637689
b3_seed3,hard5,cand_top12_sim,all,9487,0.620006324443976,0.8424162010053474,0.06841976434476832,0.811188604742082,0.08027155728674898,0.031227596263265434,0.14764623164894203
b3_seed3,hard5,cand_top12_sim,Q1,2372,0.8111298482293423,0.8497016075141075,0.03529158680985686,0.8178413647163647,0.04158778091277182,0.0318602427977428,0.15139528882584272
b3_seed3,hard5,cand_top12_sim,Q2,2373,0.7576906868942267,0.818528800116071,0.05413709311633125,0.7946075349422063,0.060346329231340035,0.023921265173864725,0.10289335232314521
b3_seed3,hard5,cand_top12_sim,Q3,2370,0.6042194092827005,0.7820715357768222,0.1048883177989006,0.7496597717716287,0.11839437710730316,0.03241176400519352,0.11407686444569712
b3_seed3,hard5,cand_top12_sim,Q4,2372,0.3069139966273187,0.7328580786609984,0.17110161432042792,0.723746524157108,0.17673411870774092,0.00911155450389034,0.03186993223774338
b3_mean,hard5,cand_vmax,all,9487.0,0.6168792382558589,0.8446193242481784,0.06801359326920896,0.8127708338733179,0.08036626574989786,0.03184849037486052,0.15367059525131538
b3_mean,hard5,cand_vmax,Q1,2374.0,0.904943924725515,0.7646074287915178,0.029701722602074983,0.755345968520218,0.03053403924836387,0.009261460271299852,0.026500130985307128
b3_mean,hard5,cand_vmax,Q2,2371.6666666666665,0.7808844474054335,0.7479072791847967,0.07036353657516417,0.7363404531809489,0.07421904234181757,0.011566826003847916,0.052160834415740244
b3_mean,hard5,cand_vmax,Q3,2370.6666666666665,0.5546950711891903,0.7604962686883129,0.12269072722669017,0.7338769295023705,0.13588359408088435,0.026619339185942503,0.09715864477809516
b3_mean,hard5,cand_vmax,Q4,2370.6666666666665,0.22651850981829788,0.6933636000317654,0.19466067752878255,0.6775325604314678,0.20356528747289218,0.01583103960029771,0.0435010842286411
b3_mean,hard5,cand_top12_sim,all,9487.0,0.6168792382558589,0.8446193242481784,0.06801359326920896,0.8127708338733179,0.08036626574989786,0.03184849037486052,0.15367059525131538
b3_mean,hard5,cand_top12_sim,Q1,2372.3333333333335,0.8087673368680397,0.855871461058367,0.03471442417603136,0.8211502072570536,0.04148925795281558,0.034721253801313336,0.1632879280013881
b3_mean,hard5,cand_top12_sim,Q2,2372.3333333333335,0.749472500065021,0.8212060866758512,0.055796852265573856,0.7958981784922794,0.06313976925339222,0.025307908183571832,0.11593626687370161
b3_mean,hard5,cand_top12_sim,Q3,2371.0,0.6042467078922081,0.786847442966171,0.10144064454685449,0.7561493328701738,0.11439957568926747,0.030698110095997284,0.11383064319015561
b3_mean,hard5,cand_top12_sim,Q4,2371.3333333333335,0.30489086221577094,0.7284527655380577,0.1729762724010064,0.7183387342011466,0.179534585691021,0.01011403133691117,0.03545969325563653
