backbone,seed,K,model,n,b3_accuracy,auroc_correct,delta_auroc_rand_K5,T
b1,1,5,R1_stats,10286,0.7777561734396267,0.841060531496063,4.1174540682420435e-05,1.1711449916929477
b1,1,5,R2_stats_sem,10286,0.7777561734396267,0.8411017060367454,4.1174540682420435e-05,1.1711449916929477
b1,1,10,R1_stats,10286,0.6567178689480848,0.8147892589711387,,1.1711449916929477
b1,1,10,R2_stats_sem,10286,0.6567178689480848,0.8197262650509467,,1.1711449916929477
b1,2,5,R1_stats,10286,0.7728951973556291,0.8368093607305936,-0.0009668734384423727,1.0707236210403277
b1,2,5,R2_stats_sem,10286,0.7728951973556291,0.8358424872921513,-0.0009668734384423727,1.0707236210403277
b1,2,10,R1_stats,10286,0.656328990861365,0.8063234594403428,,1.0707236210403277
b1,2,10,R2_stats_sem,10286,0.656328990861365,0.810157267287344,,1.0707236210403277
b1,3,5,R1_stats,10286,0.7776589539179467,0.8352332301266561,-0.000981976704237164,1.057321688843383
b1,3,5,R2_stats_sem,10286,0.7776589539179467,0.8342512534224189,-0.000981976704237164,1.057321688843383
b1,3,10,R1_stats,10286,0.660509430293603,0.8110370699704375,,1.057321688843383
b1,3,10,R2_stats_sem,10286,0.660509430293603,0.8152949624373773,,1.057321688843383
b2,1,5,R1_stats,10286,0.6992027999222243,0.7895027909341199,0.00404439177912963,1.1485137178238147
b2,1,5,R2_stats_sem,10286,0.6992027999222243,0.7935471827132495,0.00404439177912963,1.1485137178238147
b2,1,10,R1_stats,10286,0.5618316157884503,0.7527175527038692,,1.1485137178238147
b2,1,10,R2_stats_sem,10286,0.5618316157884503,0.7649296610494536,,1.1485137178238147
b2,2,5,R1_stats,10286,0.7026054831810228,0.7850102452152544,0.004526178188445917,1.1414395774313528
b2,2,5,R2_stats_sem,10286,0.7026054831810228,0.7895364234037003,0.004526178188445917,1.1414395774313528
b2,2,10,R1_stats,10286,0.5663037137857282,0.7509418873922108,,1.1414395774313528
b2,2,10,R2_stats_sem,10286,0.5663037137857282,0.7612838784968055,,1.1414395774313528
b2,3,5,R1_stats,10286,0.7007583122691037,0.7846127849425842,0.00539591595216915,1.103372614452891
b2,3,5,R2_stats_sem,10286,0.7007583122691037,0.7900087008947534,0.00539591595216915,1.103372614452891
b2,3,10,R1_stats,10286,0.5649426404822089,0.7499829354652946,,1.103372614452891
b2,3,10,R2_stats_sem,10286,0.5649426404822089,0.7661268889959227,,1.103372614452891
