family,seed,K_a,K_b,metric,diff_kind,n,n_clusters,mean_a,mean_b,diff,ci_low,ci_high,ci_level,n_replicates,std_diff
RPN,seed1,5,10,auroc_correct,absolute,10286,1490,0.8427364372606825,0.8125165666487438,0.03021987061193865,0.020844001375628262,0.04004957512622065,0.95,5000,0.004888457954227294
RPN,seed1,5,10,e_aurc,absolute,10286,1490,0.03788658191659699,0.07069896538812587,-0.03281238347152888,-0.037381450155590995,-0.028551282986931773,0.95,5000,0.002254077425072618
RPN,seed1,5,10,e_aurc,relative,10286,1490,0.03788658191659699,0.07069896538812587,-0.46411405444753273,-0.5054322410389137,-0.42348671579192887,0.95,5000,0.021178905365633487
RPN,seed1,5,10,rer_at_50,absolute,10286,1490,0.8307410795974383,0.6573634204275534,0.1733776591698849,0.14122710486528348,0.2076811498762151,0.95,5000,0.01695059612197664
RPN,seed1,5,10,rer_at_80,absolute,10286,1490,0.389310359664574,0.25699549331502136,0.13231486634955264,0.11084012986019831,0.15659563773777044,0.95,5000,0.011640032086571694
RPN,seed1,5,20,auroc_correct,absolute,10286,1490,0.8427364372606825,0.7995257411177242,0.04321069614295825,0.031520448604622046,0.0552474716170501,0.95,5000,0.006073436763585497
RPN,seed1,5,20,e_aurc,absolute,10286,1490,0.03788658191659699,0.09744809530770429,-0.0595615133911073,-0.06591717762760346,-0.05372019297503477,0.95,5000,0.0031363010788567867
RPN,seed1,5,20,e_aurc,relative,10286,1490,0.03788658191659699,0.09744809530770429,-0.6112126994687226,-0.6478446020258061,-0.5739122167204966,0.95,5000,0.0189617345942496
RPN,seed1,5,20,rer_at_50,absolute,10286,1490,0.8307410795974383,0.49812237685001093,0.33261870274742733,0.2977156496497524,0.36761028830990405,0.95,5000,0.01766942673559814
RPN,seed1,5,20,rer_at_80,absolute,10286,1490,0.389310359664574,0.18739549578214273,0.20191486388243127,0.17609188485944624,0.2282768968673212,0.95,5000,0.013222063548242012
RPN,seed1,5,50,auroc_correct,absolute,10286,1490,0.8427364372606825,0.7906288024437274,0.05210763481695513,0.038248750132916544,0.06641710037154948,0.95,5000,0.007222577092102235
RPN,seed1,5,50,e_aurc,absolute,10286,1490,0.03788658191659699,0.12272737819841595,-0.08484079628181895,-0.09321861914262423,-0.07706686084996268,0.95,5000,0.004210603378335467
RPN,seed1,5,50,e_aurc,relative,10286,1490,0.03788658191659699,0.12272737819841595,-0.6912947830161827,-0.7242979737759323,-0.6562240798707023,0.95,5000,0.017421510803152525
RPN,seed1,5,50,rer_at_50,absolute,10286,1490,0.8307410795974383,0.3553187891087433,0.47542229048869494,0.43916474369248315,0.5084377822406344,0.95,5000,0.01745724057740602
RPN,seed1,5,50,rer_at_80,absolute,10286,1490,0.389310359664574,0.12144871652038362,0.26786164314419036,0.24113489591181927,0.2961456225814539,0.95,5000,0.014070930458280083
RPN,seed2,5,10,auroc_correct,absolute,10286,1490,0.8379317295528205,0.8069583407328734,0.030973388819947045,0.021563047128163357,0.04085210093785795,0.95,5000,0.004877459862682082
RPN,seed2,5,10,e_aurc,absolute,10286,1490,0.03883810035622706,0.07208513048983492,-0.03324703013360786,-0.03779581966811497,-0.028917928808945267,0.95,5000,0.002279962943420414
RPN,seed2,5,10,e_aurc,relative,10286,1490,0.03883810035622706,0.07208513048983492,-0.4612189768914435,-0.5021633304500488,-0.42005330626621024,0.95,5000,0.020909519200896082
RPN,seed2,5,10,rer_at_50,absolute,10286,1490,0.8184331797235023,0.6419161676646706,0.17651701205883163,0.14240374323312316,0.21030100512079442,0.95,5000,0.01711819164661077
RPN,seed2,5,10,rer_at_80,absolute,10286,1490,0.37731928164583745,0.25263792502490456,0.12468135662093288,0.10034077417594699,0.1500533793145464,0.95,5000,0.012637222259070295
RPN,seed2,5,20,auroc_correct,absolute,10286,1490,0.8379317295528205,0.7987956127043013,0.03913611684851914,0.027531128145028106,0.05106509427832463,0.95,5000,0.005960781317662785
RPN,seed2,5,20,e_aurc,absolute,10286,1490,0.03883810035622706,0.09683459949773643,-0.05799649914150937,-0.06418421035128277,-0.052121178894370054,0.95,5000,0.003063027585346744
RPN,seed2,5,20,e_aurc,relative,10286,1490,0.03883810035622706,0.09683459949773643,-0.5989233129720857,-0.6353696504530248,-0.5615596388158444,0.95,5000,0.018914093624811574
RPN,seed2,5,20,rer_at_50,absolute,10286,1490,0.8184331797235023,0.5033259423503327,0.3151072373731696,0.2784886568966633,0.34810127018871095,0.95,5000,0.017761541148667327
RPN,seed2,5,20,rer_at_80,absolute,10286,1490,0.37731928164583745,0.18211522227242957,0.19520405937340787,0.17041364731097886,0.22371001002543894,0.95,5000,0.013662676756453596
RPN,seed2,5,50,auroc_correct,absolute,10286,1490,0.8379317295528205,0.785425848085327,0.052505881467493465,0.039213683420538534,0.06610738171583465,0.95,5000,0.006812341071136075
RPN,seed2,5,50,e_aurc,absolute,10286,1490,0.03883810035622706,0.1264746801307141,-0.08763657977448705,-0.09559729063578518,-0.07993038369219055,0.95,5000,0.0040219900077908275
RPN,seed2,5,50,e_aurc,relative,10286,1490,0.03883810035622706,0.1264746801307141,-0.6929179791869241,-0.7245208981782884,-0.6596077431403159,0.95,5000,0.016570368515578204
RPN,seed2,5,50,rer_at_50,absolute,10286,1490,0.8184331797235023,0.35706984667802366,0.4613633330454786,0.42550658726486945,0.4956138813542746,0.95,5000,0.017805270386210145
RPN,seed2,5,50,rer_at_80,absolute,10286,1490,0.37731928164583745,0.1167165277243835,0.26060275392145393,0.23376774053470895,0.2893632083310678,0.95,5000,0.014095560016662574
RPN,seed3,5,10,auroc_correct,absolute,10286,1490,0.841491945023976,0.8113486272681418,0.03014331775583412,0.020642480714763944,0.040442726994637614,0.95,5000,0.005035454663326302
RPN,seed3,5,10,e_aurc,absolute,10286,1490,0.03755016065490529,0.0702701724257585,-0.032720011770853215,-0.03741751279664412,-0.02847930525484391,0.95,5000,0.002299431964335239
RPN,seed3,5,10,e_aurc,relative,10286,1490,0.03755016065490529,0.0702701724257585,-0.4656315850857261,-0.5079538116728758,-0.4241824390621744,0.95,5000,0.021450420811286446
RPN,seed3,5,10,rer_at_50,absolute,10286,1490,0.8251519401589527,0.6553603876438521,0.16979155251510059,0.13829607877469954,0.20138679682289817,0.95,5000,0.01644405702761938
RPN,seed3,5,10,rer_at_80,absolute,10286,1490,0.3910853933320912,0.26826430201090395,0.12282109132118724,0.09647893848425068,0.14515288709930285,0.95,5000,0.012596345538190732
RPN,seed3,5,20,auroc_correct,absolute,10286,1490,0.841491945023976,0.800139169378672,0.04135277564530393,0.029719103956083102,0.0532963874390679,0.95,5000,0.006087323276984908
RPN,seed3,5,20,e_aurc,absolute,10286,1490,0.03755016065490529,0.096530749931131,-0.058980589276225716,-0.06532501986959244,-0.05290705416101675,0.95,5000,0.0031321887297298292
RPN,seed3,5,20,e_aurc,relative,10286,1490,0.03755016065490529,0.096530749931131,-0.6110031188849655,-0.6464817244045424,-0.5726295993685167,0.95,5000,0.01884453019944764
RPN,seed3,5,20,rer_at_50,absolute,10286,1490,0.8251519401589527,0.5158178146735473,0.3093341254854054,0.275174018789025,0.3434980855438377,0.95,5000,0.017306937881126087
RPN,seed3,5,20,rer_at_80,absolute,10286,1490,0.3910853933320912,0.19146008224905353,0.19962531108303766,0.17125190939953203,0.22530860141810502,0.95,5000,0.01375743331510681
RPN,seed3,5,50,auroc_correct,absolute,10286,1490,0.841491945023976,0.7910126273388006,0.05047931768517533,0.03665859154720259,0.06422577298374166,0.95,5000,0.006994746264462241
RPN,seed3,5,50,e_aurc,absolute,10286,1490,0.03755016065490529,0.1229587945081056,-0.0854086338532003,-0.09339766192415713,-0.07772165037718813,0.95,5000,0.004024994154036521
RPN,seed3,5,50,e_aurc,relative,10286,1490,0.03755016065490529,0.1229587945081056,-0.6946118347603844,-0.7257690379373588,-0.6602933584422079,0.95,5000,0.01678220171901824
RPN,seed3,5,50,rer_at_50,absolute,10286,1490,0.8251519401589527,0.3640568785334931,0.46109506162545955,0.42610984568191423,0.4936014262241493,0.95,5000,0.017112738062240035
RPN,seed3,5,50,rer_at_80,absolute,10286,1490,0.3910853933320912,0.12350083036186629,0.2675845629702249,0.23621818300946212,0.2940901141690209,0.95,5000,0.014604309168132691
DETR,seed1,5,10,auroc_correct,absolute,9665,1421,0.7942614346925805,0.7560904937413548,0.03817094095122564,0.017604206350552605,0.05889013492607237,0.95,5000,0.010510832689043383
DETR,seed1,5,10,e_aurc,absolute,9665,1421,0.03306127299929223,0.06747045128968268,-0.03440917829039045,-0.041961346082963515,-0.027607899770240342,0.95,5000,0.003633907256759349
DETR,seed1,5,10,e_aurc,relative,9665,1421,0.03306127299929223,0.06747045128968268,-0.5099888563462472,-0.5766903220987207,-0.4431455526464098,0.95,5000,0.034275466399195965
DETR,seed1,5,10,rer_at_50,absolute,9665,1421,0.6664100611064575,0.5801961072335072,0.08621395387295028,0.015634590148855435,0.1544989003483896,0.95,5000,0.03573861448504795
DETR,seed1,5,10,rer_at_80,absolute,9665,1421,0.4585152838427951,0.35250817884405666,0.10600710499873844,0.06390423487992745,0.1521450365655578,0.95,5000,0.022563875217314917
DETR,seed1,5,20,auroc_correct,absolute,9665,1421,0.7942614346925805,0.7327240414752263,0.061537393217354186,0.03594693102430791,0.08686879548309197,0.95,5000,0.012905813191108992
DETR,seed1,5,20,e_aurc,absolute,9665,1421,0.03306127299929223,0.11384807172793082,-0.08078679872863859,-0.09296928182904675,-0.06911315793916807,0.95,5000,0.006148157036999225
DETR,seed1,5,20,e_aurc,relative,9665,1421,0.03306127299929223,0.11384807172793082,-0.7096018184805042,-0.756292975099123,-0.6624975029105636,0.95,5000,0.023789997066064106
DETR,seed1,5,20,rer_at_50,absolute,9665,1421,0.6664100611064575,0.49024882040546397,0.17616124070099354,0.09495783931764207,0.2521518263070708,0.95,5000,0.03994470055571118
DETR,seed1,5,20,rer_at_80,absolute,9665,1421,0.4585152838427951,0.27460407239819024,0.18391121144460487,0.1356445096892847,0.23609797870357313,0.95,5000,0.025665997312541572
DETR,seed1,5,50,auroc_correct,absolute,9665,1421,0.7942614346925805,0.7143696732862205,0.07989176140636,0.05484585052248033,0.10473621459194636,0.95,5000,0.012762111153467762
DETR,seed1,5,50,e_aurc,absolute,9665,1421,0.03306127299929223,0.1788437704991283,-0.14578249749983607,-0.1618506278580504,-0.1309124113286776,0.95,5000,0.007901263314138639
DETR,seed1,5,50,e_aurc,relative,9665,1421,0.03306127299929223,0.1788437704991283,-0.815138805746363,-0.8458568397873638,-0.7837892950258091,0.95,5000,0.01579846806494806
DETR,seed1,5,50,rer_at_50,absolute,9665,1421,0.6664100611064575,0.3863253163371903,0.2800847447692672,0.20269294514699676,0.3531526213143602,0.95,5000,0.038356799499823055
DETR,seed1,5,50,rer_at_80,absolute,9665,1421,0.4585152838427951,0.1562966650074664,0.30221861883532875,0.2523755896862745,0.3559257196908143,0.95,5000,0.02619745652720085
DETR,seed2,5,10,auroc_correct,absolute,9665,1421,0.7996775458612319,0.7540708156843247,0.045606730176907195,0.025292698578725497,0.06636387261186605,0.95,5000,0.010418595627101072
DETR,seed2,5,10,e_aurc,absolute,9665,1421,0.03200245023088301,0.06744236125156527,-0.035439911020682266,-0.04265197541101484,-0.028707722300627472,0.95,5000,0.0035700991315472845
DETR,seed2,5,10,e_aurc,relative,9665,1421,0.03200245023088301,0.06744236125156527,-0.52548443386329,-0.5888005756327683,-0.45898827313709756,0.95,5000,0.0332349892796989
DETR,seed2,5,10,rer_at_50,absolute,9665,1421,0.6857963983148264,0.5762317211352906,0.10956467717953577,0.03866974521751034,0.17816491931789483,0.95,5000,0.03636391363340546
DETR,seed2,5,10,rer_at_80,absolute,9665,1421,0.47916666666666624,0.3487165483342433,0.13045011833242293,0.08170835147317115,0.17056346591725272,0.95,5000,0.02289968660657812
DETR,seed2,5,20,auroc_correct,absolute,9665,1421,0.7996775458612319,0.7229832695578438,0.0766942763033881,0.05106939128933725,0.10086007035806863,0.95,5000,0.012686947266020997
DETR,seed2,5,20,e_aurc,absolute,9665,1421,0.03200245023088301,0.11603167995010363,-0.08402922971922062,-0.09611093583260315,-0.07204505106170245,0.95,5000,0.006135829681523844
DETR,seed2,5,20,e_aurc,relative,9665,1421,0.03200245023088301,0.11603167995010363,-0.7241921323155468,-0.7666012126147966,-0.6773780424718137,0.95,5000,0.022742588981420692
DETR,seed2,5,20,rer_at_50,absolute,9665,1421,0.6857963983148264,0.4708216464853991,0.21497475182942732,0.13431938324746528,0.2895646940786017,0.95,5000,0.03931712675777592
DETR,seed2,5,20,rer_at_80,absolute,9665,1421,0.47916666666666624,0.2554100227790433,0.22375664388762295,0.17346879893770484,0.2722420330794033,0.95,5000,0.02553315706834446
DETR,seed2,5,50,auroc_correct,absolute,9665,1421,0.7996775458612319,0.7103252037898181,0.08935234207141374,0.06510782147144276,0.11448348276824921,0.95,5000,0.01261746960245492
DETR,seed2,5,50,e_aurc,absolute,9665,1421,0.03200245023088301,0.1809404252605985,-0.1489379750297155,-0.16503679024504034,-0.13399032144532813,0.95,5000,0.007971880551228546
DETR,seed2,5,50,e_aurc,relative,9665,1421,0.03200245023088301,0.1809404252605985,-0.8231326681984326,-0.852330978029371,-0.7914226637595584,0.95,5000,0.015374848603402318
DETR,seed2,5,50,rer_at_50,absolute,9665,1421,0.6857963983148264,0.3781192064325013,0.3076771918823251,0.23255880143357593,0.37911831882464686,0.95,5000,0.037509270978632596
DETR,seed2,5,50,rer_at_80,absolute,9665,1421,0.47916666666666624,0.15118453865336665,0.3279821280132996,0.27680925646150467,0.3761035477283754,0.95,5000,0.025700746744203057
DETR,seed3,5,10,auroc_correct,absolute,9665,1421,0.8041302196415047,0.7578082062361852,0.046322013405319495,0.026640163829316416,0.06617516444089855,0.95,5000,0.010214319346665588
DETR,seed3,5,10,e_aurc,absolute,9665,1421,0.03125048519770343,0.06628672554747295,-0.035036240349769515,-0.04197570795810134,-0.0284812945346921,0.95,5000,0.0034450674560465733
DETR,seed3,5,10,e_aurc,relative,9665,1421,0.03125048519770343,0.06628672554747295,-0.528555907089986,-0.5879199610458531,-0.4658143756579163,0.95,5000,0.03178947475240256
DETR,seed3,5,10,rer_at_50,absolute,9665,1421,0.6893025329259058,0.5773857741823079,0.11191675874359797,0.03952518686551704,0.17981295844719247,0.95,5000,0.03596344175331525
DETR,seed3,5,10,rer_at_80,absolute,9665,1421,0.4871244635193133,0.35593681917211356,0.13118764434719976,0.08836545482740896,0.1737812556753769,0.95,5000,0.021903283101072615
DETR,seed3,5,20,auroc_correct,absolute,9665,1421,0.8041302196415047,0.7341785990441226,0.06995162059738202,0.0452793794278688,0.0944581755546375,0.95,5000,0.012433899928217437
DETR,seed3,5,20,e_aurc,absolute,9665,1421,0.03125048519770343,0.11272232079086422,-0.08147183559316079,-0.09334427784468756,-0.06975768843277862,0.95,5000,0.005980486796243821
DETR,seed3,5,20,e_aurc,relative,9665,1421,0.03125048519770343,0.11272232079086422,-0.7227657754165386,-0.7645070884215589,-0.6756483451776435,0.95,5000,0.022420291811693138
DETR,seed3,5,20,rer_at_50,absolute,9665,1421,0.6893025329259058,0.4908525293041435,0.1984500036217623,0.1207942896181858,0.2729359762909011,0.95,5000,0.039034196980664196
DETR,seed3,5,20,rer_at_80,absolute,9665,1421,0.4871244635193133,0.2729064964325952,0.21421796708671814,0.16389564662998893,0.2601228228728705,0.95,5000,0.024922454742075745
DETR,seed3,5,50,auroc_correct,absolute,9665,1421,0.8041302196415047,0.7179032222066668,0.08622699743483786,0.06183345127766465,0.11032404431897778,0.95,5000,0.0123535992213996
DETR,seed3,5,50,e_aurc,absolute,9665,1421,0.03125048519770343,0.1750278564440596,-0.14377737124635617,-0.1594100715943756,-0.12874755337960503,0.95,5000,0.007817494623790725
DETR,seed3,5,50,e_aurc,relative,9665,1421,0.03125048519770343,0.1750278564440596,-0.8214542197304956,-0.8496053965784397,-0.7900171971568188,0.95,5000,0.015217878116817773
DETR,seed3,5,50,rer_at_50,absolute,9665,1421,0.6893025329259058,0.39412308204073454,0.2951794508851713,0.22187370180110255,0.36579086791728954,0.95,5000,0.037043362225405795
DETR,seed3,5,50,rer_at_80,absolute,9665,1421,0.4871244635193133,0.16053156975293234,0.326592893766381,0.27672051841395734,0.3742126906984408,0.95,5000,0.024992201668876637
GDINO,seed1,5,10,auroc_correct,absolute,10402,1489,0.828142080555408,0.7730998638098486,0.055042216745559314,0.04060355804964344,0.06913666375530447,0.95,5000,0.007259012964546725
GDINO,seed1,5,10,e_aurc,absolute,10402,1489,0.0319014968981343,0.07216729440152583,-0.040265797503391536,-0.04613751478039566,-0.03475489904261705,0.95,5000,0.002909467770139365
GDINO,seed1,5,10,e_aurc,relative,10402,1489,0.0319014968981343,0.07216729440152583,-0.5579507703220782,-0.6037172986218293,-0.5113056904261422,0.95,5000,0.023512832457364245
GDINO,seed1,5,10,rer_at_50,absolute,10402,1489,0.810118675827608,0.5920509936257968,0.21806768220181116,0.16702455618362613,0.2633547407935056,0.95,5000,0.024569207703171937
GDINO,seed1,5,10,rer_at_80,absolute,10402,1489,0.4347554648087795,0.27309455820545886,0.16166090660332066,0.1295611035277559,0.19954009410341159,0.95,5000,0.017662159130981268
GDINO,seed1,5,20,auroc_correct,absolute,10402,1489,0.828142080555408,0.7014754300700785,0.12666665048532944,0.10900330681563813,0.14436622267284133,0.95,5000,0.009057276328333488
GDINO,seed1,5,20,e_aurc,absolute,10402,1489,0.0319014968981343,0.14455076415958223,-0.11264926726144794,-0.12323409536757604,-0.1024345823129233,0.95,5000,0.00532684527851245
GDINO,seed1,5,20,e_aurc,relative,10402,1489,0.0319014968981343,0.14455076415958223,-0.7793059269965849,-0.8052774470530545,-0.7520202593579047,0.95,5000,0.013752888683685445
GDINO,seed1,5,20,rer_at_50,absolute,10402,1489,0.810118675827608,0.3560528992878943,0.4540657765397137,0.40092921925561703,0.505250642603854,0.95,5000,0.026888916364846655
GDINO,seed1,5,20,rer_at_80,absolute,10402,1489,0.4347554648087795,0.14805722761592602,0.2866982371928535,0.24626406235790968,0.32749844051937155,0.95,5000,0.020446737708511183
GDINO,seed1,5,50,auroc_correct,absolute,10402,1489,0.828142080555408,0.5892917875746188,0.2388502929807892,0.21803492674623143,0.259322448561362,0.95,5000,0.010620699229458219
GDINO,seed1,5,50,e_aurc,absolute,10402,1489,0.0319014968981343,0.3065592539582751,-0.2746577570601408,-0.29009368058114826,-0.25878474389794864,0.95,5000,0.008024163913159433
GDINO,seed1,5,50,e_aurc,relative,10402,1489,0.0319014968981343,0.3065592539582751,-0.8959369306709093,-0.909713045660238,-0.88069665975277,0.95,5000,0.007393312147777037
GDINO,seed1,5,50,rer_at_50,absolute,10402,1489,0.810118675827608,0.13611929946245868,0.6739993763651493,0.6190071405302243,0.723322478045911,0.95,5000,0.026690059687653367
GDINO,seed1,5,50,rer_at_80,absolute,10402,1489,0.4347554648087795,0.057180744831524626,0.3775747199772549,0.33481073047492116,0.4212586581982708,0.95,5000,0.021694446683334534
GDINO,seed2,5,10,auroc_correct,absolute,10402,1489,0.8308980524815383,0.7761086021325551,0.05478945034898319,0.04122135932524866,0.06849108369689064,0.95,5000,0.006991495740114068
GDINO,seed2,5,10,e_aurc,absolute,10402,1489,0.030900558178383886,0.07044521104279375,-0.03954465286440986,-0.04518541871456341,-0.03415044170378435,0.95,5000,0.002800965831400262
GDINO,seed2,5,10,e_aurc,relative,10402,1489,0.030900558178383886,0.07044521104279375,-0.5613533166986674,-0.606111258315427,-0.5157897758841102,0.95,5000,0.023003481251405625
GDINO,seed2,5,10,rer_at_50,absolute,10402,1489,0.8064110622250155,0.5980502437195351,0.20836081850548038,0.15933992199312644,0.2562446292175994,0.95,5000,0.02466890215480483
GDINO,seed2,5,10,rer_at_80,absolute,10402,1489,0.44534407145698024,0.27309455820545886,0.17224951325152138,0.14076664727109992,0.21153038937168142,0.95,5000,0.017785234918328903
GDINO,seed2,5,20,auroc_correct,absolute,10402,1489,0.8308980524815383,0.7036624582180883,0.12723559426345,0.11031394264657847,0.14422443633609902,0.95,5000,0.008705594411206467
GDINO,seed2,5,20,e_aurc,absolute,10402,1489,0.030900558178383886,0.1418913107431023,-0.11099075256471841,-0.12133267741934475,-0.10097131351397819,0.95,5000,0.005172091363930303
GDINO,seed2,5,20,e_aurc,relative,10402,1489,0.030900558178383886,0.1418913107431023,-0.7822237456504288,-0.8077059254991494,-0.7551614521314823,0.95,5000,0.013434694408737577
GDINO,seed2,5,20,rer_at_50,absolute,10402,1489,0.8064110622250155,0.35801217038539546,0.44839889183962,0.3912331349577195,0.49812293106270666,0.95,5000,0.027245379474330804
GDINO,seed2,5,20,rer_at_80,absolute,10402,1489,0.44534407145698024,0.14938165804073655,0.2959624134162437,0.26032935440039295,0.33972470067073884,0.95,5000,0.020135683328764243
GDINO,seed2,5,50,auroc_correct,absolute,10402,1489,0.8308980524815383,0.590643723098782,0.24025432938275626,0.2201115874209241,0.2609194847237274,0.95,5000,0.010421775228865393
GDINO,seed2,5,50,e_aurc,absolute,10402,1489,0.030900558178383886,0.30143943753843155,-0.27053887936004767,-0.2859925074441144,-0.2551910860763769,0.95,5000,0.007964585520960571
GDINO,seed2,5,50,e_aurc,relative,10402,1489,0.030900558178383886,0.30143943753843155,-0.8974899952351315,-0.9109243055921756,-0.8826610425141287,0.95,5000,0.007254501321507744
GDINO,seed2,5,50,rer_at_50,absolute,10402,1489,0.8064110622250155,0.13019486118296258,0.6762162010420529,0.6251858109786204,0.7260231230019607,0.95,5000,0.02619250890615347
GDINO,seed2,5,50,rer_at_80,absolute,10402,1489,0.44534407145698024,0.05634816998298229,0.38899590147399793,0.3506389338363242,0.4352143821991561,0.95,5000,0.02152185429977788
GDINO,seed3,5,10,auroc_correct,absolute,10402,1489,0.8332312758560084,0.7793108961236904,0.053920379732318,0.040340096072100116,0.06769355686664888,0.95,5000,0.00702658812491026
GDINO,seed3,5,10,e_aurc,absolute,10402,1489,0.030995957026552556,0.07002067159588621,-0.03902471456933365,-0.04470039871118391,-0.03365139012154119,0.95,5000,0.0028336737689471808
GDINO,seed3,5,10,e_aurc,relative,10402,1489,0.030995957026552556,0.07002067159588621,-0.557331337730648,-0.6032902293548531,-0.5109426223487626,0.95,5000,0.02349484368381112
GDINO,seed3,5,10,rer_at_50,absolute,10402,1489,0.8028696194635059,0.6025592773805043,0.20031034208300158,0.1534201220184154,0.24932675667771495,0.95,5000,0.024427189618776584
GDINO,seed3,5,10,rer_at_80,absolute,10402,1489,0.45027595608630333,0.2872943258533526,0.16298163023295076,0.12932712364797913,0.19814001476388143,0.95,5000,0.017613432891845394
GDINO,seed3,5,20,auroc_correct,absolute,10402,1489,0.8332312758560084,0.7068359014808095,0.12639537437519888,0.10872318343623177,0.14395165369607893,0.95,5000,0.008904064266180388
GDINO,seed3,5,20,e_aurc,absolute,10402,1489,0.030995957026552556,0.14076645933672988,-0.10977050231017732,-0.12027446924256072,-0.09978005150476112,0.95,5000,0.005221055180003304
GDINO,seed3,5,20,e_aurc,relative,10402,1489,0.030995957026552556,0.14076645933672988,-0.7798058062083767,-0.8056398257276509,-0.7526427401500775,0.95,5000,0.013801795493610483
GDINO,seed3,5,20,rer_at_50,absolute,10402,1489,0.8028696194635059,0.36669232743135766,0.4361772920321482,0.38478449974903817,0.4889572026810681,0.95,5000,0.026643723681564573
GDINO,seed3,5,20,rer_at_80,absolute,10402,1489,0.45027595608630333,0.15419769963362648,0.2960782564526768,0.25684875411825314,0.3377335281625946,0.95,5000,0.02045872949155079
GDINO,seed3,5,50,auroc_correct,absolute,10402,1489,0.8332312758560084,0.6025375571473024,0.23069371870870603,0.21043149184708848,0.250378296765708,0.95,5000,0.01037845387790474
GDINO,seed3,5,50,e_aurc,absolute,10402,1489,0.030995957026552556,0.297490852494864,-0.26649489546831145,-0.2821022392169635,-0.2504858533912093,0.95,5000,0.008022170053676963
GDINO,seed3,5,50,e_aurc,relative,10402,1489,0.030995957026552556,0.297490852494864,-0.8958087054892295,-0.9096533221339369,-0.880598355200784,0.95,5000,0.00746182873700405
GDINO,seed3,5,50,rer_at_50,absolute,10402,1489,0.8028696194635059,0.14965277777777777,0.6532168416857281,0.6045280478181909,0.7021727664290586,0.95,5000,0.025049032981989648
GDINO,seed3,5,50,rer_at_80,absolute,10402,1489,0.45027595608630333,0.06797014773425206,0.3823058083520513,0.3402202092130324,0.4253317323213252,0.95,5000,0.021641963660421714
