seed,model,macro_auroc,macro_e_aurc,macro_rer50,macro_rer80
1,E_random,0.8168756340252552,0.07964173000891464,0.587855913138045,0.2204910240723111
1,E_curriculum,0.8315105784155141,0.07371552957227082,0.6091408445885338,0.2414343253393978
1,EqualMix,0.8269115599372525,0.07546734734885414,0.6014629005859227,0.2361553280119848
1,StaticMix,0.8304471562580249,0.07408433598615462,0.6063069450437101,0.2390653896446833
1,AdaptiveMix,0.830669877389181,0.07398254816516132,0.6067852139447891,0.2392419604378066
2,E_random,0.8141965756468661,0.0821207169201834,0.5867688504028439,0.22260195151301143
2,E_curriculum,0.820754181715841,0.07912318443625142,0.5900110652112113,0.22697240487362125
2,EqualMix,0.8196933625677499,0.07964661413171535,0.590001011664292,0.22809089459515391
2,StaticMix,0.8208323976703744,0.07910261951540283,0.5895375892228788,0.2289137362613644
2,AdaptiveMix,0.8209847422986533,0.07901217675169803,0.5905145523855447,0.2284726141162789
3,E_random,0.8198020001396137,0.07945282550415211,0.5934078106077328,0.2266111103951163
3,E_curriculum,0.8282456563009488,0.07582959842588444,0.6064032072193356,0.2370655245647856
3,EqualMix,0.8257213377626147,0.07690185328695767,0.6014114435218764,0.23384243042504133
3,StaticMix,0.8281761649331401,0.07585705386539927,0.6070079611421468,0.23712268097950595
3,AdaptiveMix,0.8282451704661683,0.07582973330286721,0.6064032072193356,0.2370655245647856
