family,seed,quantity,point,ci_low,ci_high,valid_replicates,invalid_replicates,n_replicates,bootstrap_seed,ci_level
RPN,seed1,nS,4373.0,4204.0,4539.0,5000,0,5000,0,0.95
RPN,seed2,nS,4416.0,4247.0,4592.0,5000,0,5000,0,0.95
RPN,seed3,nS,4449.0,4280.0,4620.025,5000,0,5000,0,0.95
RPN,seed1,nF,3727.0,3574.975,3880.0,5000,0,5000,0,0.95
RPN,seed2,nF,3700.0,3552.0,3853.0,5000,0,5000,0,0.95
RPN,seed3,nF,3698.0,3551.0,3851.0,5000,0,5000,0,0.95
RPN,seed1,nE,2186.0,2041.0,2338.0,5000,0,5000,0,0.95
RPN,seed2,nE,2170.0,2032.0,2314.0,5000,0,5000,0,0.95
RPN,seed3,nE,2139.0,1999.0,2283.0,5000,0,5000,0,0.95
RPN,seed1,U_SE_p5,0.9191386719930941,0.9107473706500882,0.9274991384690979,5000,0,5000,0,0.95
RPN,seed2,U_SE_p5,0.9141568364723168,0.9054943742817531,0.9224855583578397,5000,0,5000,0,0.95
RPN,seed3,U_SE_p5,0.9175274165859377,0.909168341118678,0.9258108678904274,5000,0,5000,0,0.95
RPN,seed1,U_FE_p5,0.753091421836793,0.7375731099971706,0.768623785854039,5000,0,5000,0,0.95
RPN,seed2,U_FE_p5,0.7469560343753893,0.732177664676665,0.762345319365549,5000,0,5000,0,0.95
RPN,seed3,U_FE_p5,0.750014980994996,0.7343442913209614,0.76556017610375,5000,0,5000,0,0.95
RPN,seed1,U_SF_p5,0.6963950740239503,0.6809463157773804,0.7124404840296427,5000,0,5000,0,0.95
RPN,seed2,U_SF_p5,0.7000532461809635,0.6846699900408441,0.7151218715734472,5000,0,5000,0,0.95
RPN,seed3,U_SF_p5,0.7017468330764104,0.6864383725619688,0.716716581833441,5000,0,5000,0,0.95
RPN,seed1,new_comparison_p5,-0.14039664969237256,-0.15176066715728345,-0.12922250860296242,5000,0,5000,0,0.95
RPN,seed2,new_comparison_p5,-0.13495456287529936,-0.14590780687336483,-0.12435585929196281,5000,0,5000,0,0.95
RPN,seed3,new_comparison_p5,-0.136706629744429,-0.14751017586547105,-0.12609587403270567,5000,0,5000,0,0.95
RPN,seed1,removed_comparison_p5,0.07640223473241162,0.06987247725966476,0.08324291286093324,5000,0,5000,0,0.95
RPN,seed2,removed_comparison_p5,0.0762251069194963,0.06994856219443242,0.08240324113266792,5000,0,5000,0,0.95
RPN,seed3,removed_comparison_p5,0.07603547156196178,0.06929241841541749,0.08276239812764957,5000,0,5000,0,0.95
RPN,seed1,label_path_p5,-0.06399441495996094,-0.080152862773185,-0.048070595562703905,5000,0,5000,0,0.95
RPN,seed2,label_path_p5,-0.058729455955803145,-0.07444906945167425,-0.04369626966333776,5000,0,5000,0,0.95
RPN,seed3,label_path_p5,-0.060671158182467266,-0.07626354456599328,-0.04525479738644242,5000,0,5000,0,0.95
RPN,seed1,U_SE_p50,0.8374904727064878,0.824110276494855,0.849748782901673,5000,0,5000,0,0.95
RPN,seed2,U_SE_p50,0.8251520445134576,0.8117842011880063,0.837834182347209,5000,0,5000,0,0.95
RPN,seed3,U_SE_p50,0.8346548924799486,0.8219232290145566,0.8468627056320094,5000,0,5000,0,0.95
RPN,seed1,U_FE_p50,0.6228399078851663,0.6043310762480062,0.6412768456378243,5000,0,5000,0,0.95
RPN,seed2,U_FE_p50,0.6037670942832233,0.5849884131565427,0.6218653470571123,5000,0,5000,0,0.95
RPN,seed3,U_FE_p50,0.6180828574180957,0.5996709764999438,0.6366312738201442,5000,0,5000,0,0.95
RPN,seed1,U_SF_p50,0.7631429931616253,0.7494067688393687,0.7764128432524442,5000,0,5000,0,0.95
RPN,seed2,U_SF_p50,0.7621269707207208,0.7496583531579528,0.7744918034540663,5000,0,5000,0,0.95
RPN,seed3,U_SF_p50,0.7657690348193534,0.7531547718744089,0.7784313198539282,5000,0,5000,0,0.95
RPN,seed1,new_comparison_p50,-0.046861670262760474,-0.05477969284544959,-0.03895691487982758,5000,0,5000,0,0.95
RPN,seed2,new_comparison_p50,-0.03972619642813053,-0.04780683364804262,-0.031576268779359394,5000,0,5000,0,0.95
RPN,seed3,new_comparison_p50,-0.043642265141148016,-0.05165724642703425,-0.03554207633847669,5000,0,5000,0,0.95
RPN,seed1,removed_comparison_p50,0.09876575988753891,0.09166622129466503,0.1063099081030912,5000,0,5000,0,0.95
RPN,seed2,removed_comparison_p50,0.10092709658105802,0.09387513107946187,0.10811542991313487,5000,0,5000,0,0.95
RPN,seed3,removed_comparison_p50,0.09830408563382009,0.0914189957418093,0.10529962802259232,5000,0,5000,0,0.95
RPN,seed1,label_path_p50,0.05190408962477844,0.03831500310225106,0.06629840887174615,5000,0,5000,0,0.95
RPN,seed2,label_path_p50,0.06120090015292745,0.04785458838832466,0.07503858658838801,5000,0,5000,0,0.95
RPN,seed3,label_path_p50,0.054661820492671875,0.04139596930748867,0.06834378791199482,5000,0,5000,0,0.95
RPN,seed1,alpha,0.46012345679012345,0.44497702706106507,0.47581399879419983,5000,0,5000,0,0.95
RPN,seed2,alpha,0.4558896007885658,0.4404629290494959,0.4710492126593854,5000,0,5000,0,0.95
RPN,seed3,alpha,0.453909414508408,0.438854049534107,0.469328955922772,5000,0,5000,0,0.95
RPN,seed1,beta,0.63030610519195,0.6116012643643863,0.6484387631642196,5000,0,5000,0,0.95
RPN,seed2,beta,0.6303236797274276,0.6124823447275773,0.6476185562371868,5000,0,5000,0,0.95
RPN,seed3,beta,0.6335446290902861,0.6161335012829463,0.6513064971751412,5000,0,5000,0,0.95
RPN,seed1,A00,0.8427364372606825,0.8324297371024416,0.8534711573032172,5000,0,5000,0,0.95
RPN,seed2,A00,0.8379317295528206,0.8275848990300593,0.8483681093013277,5000,0,5000,0,0.95
RPN,seed3,A00,0.841491945023976,0.8310028017152041,0.852378570035233,5000,0,5000,0,0.95
RPN,seed1,A10,0.7787420223007215,0.7666254027970303,0.7911367536644697,5000,0,5000,0,0.95
RPN,seed2,A10,0.7792022735970174,0.7671290342827238,0.790901210809011,5000,0,5000,0,0.95
RPN,seed3,A10,0.7808207868415087,0.7687529184516824,0.7926049513505903,5000,0,5000,0,0.95
RPN,seed1,A01,0.7387247128189489,0.7242893073913611,0.752581864004692,5000,0,5000,0,0.95
RPN,seed2,A01,0.7242249479323996,0.7096288579730254,0.7386928875557605,5000,0,5000,0,0.95
RPN,seed3,A01,0.7363508068461286,0.721715670337149,0.7499807197243963,5000,0,5000,0,0.95
RPN,seed1,A11,0.7906288024437274,0.7787323591399368,0.8023874323612894,5000,0,5000,0,0.95
RPN,seed2,A11,0.785425848085327,0.7740479028095008,0.7965857999393456,5000,0,5000,0,0.95
RPN,seed3,A11,0.7910126273388005,0.779905739390693,0.8019839763035758,5000,0,5000,0,0.95
RPN,seed1,delta_U_SE,-0.08164819928660627,-0.09308809535280026,-0.07062913348303791,5000,0,5000,0,0.95
RPN,seed2,delta_U_SE,-0.08900479195885924,-0.10085911987910554,-0.07749562672741338,5000,0,5000,0,0.95
RPN,seed3,delta_U_SE,-0.08287252410598911,-0.09438558225873789,-0.07199422523607373,5000,0,5000,0,0.95
RPN,seed1,delta_U_FE,-0.1302515139516267,-0.14823992882809237,-0.11276871844436193,5000,0,5000,0,0.95
RPN,seed2,delta_U_FE,-0.14318894009216598,-0.16199404642206056,-0.12564123770600427,5000,0,5000,0,0.95
RPN,seed3,delta_U_FE,-0.13193212357690032,-0.15018697811531298,-0.11359502264372545,5000,0,5000,0,0.95
RPN,seed1,delta_U_SF,0.06674791913767497,0.05138339842630088,0.08206380769935323,5000,0,5000,0,0.95
RPN,seed2,delta_U_SF,0.062073724539757236,0.04739115691950257,0.07751141489835989,5000,0,5000,0,0.95
RPN,seed3,delta_U_SF,0.06402220174294304,0.04952132390906987,0.07887123627666794,5000,0,5000,0,0.95
RPN,seed1,C0_SE,-0.0440799475901641,-0.050415680923968066,-0.03796492354701328,5000,0,5000,0,0.95
RPN,seed2,C0_SE,-0.04842843288446555,-0.05491426603663967,-0.04214995263964049,5000,0,5000,0,0.95
RPN,seed3,C0_SE,-0.04525590521020567,-0.05158973928208353,-0.03913641867201129,5000,0,5000,0,0.95
RPN,seed1,C0_FE,-0.059931776851569474,-0.06831610028279862,-0.05190634539908665,5000,0,5000,0,0.95
RPN,seed2,C0_FE,-0.06527834873595541,-0.07413943052321832,-0.05683717484770673,5000,0,5000,0,0.95
RPN,seed3,C0_FE,-0.059885232967641755,-0.06849159039168592,-0.05152243915912925,5000,0,5000,0,0.95
RPN,seed1,C1_SE,-0.030184840798329324,-0.034635675348291074,-0.02598781447525479,5000,0,5000,0,0.95
RPN,seed2,C1_SE,-0.03290296397797692,-0.03745386850823878,-0.028476305955391773,5000,0,5000,0,0.95
RPN,seed3,C1_SE,-0.030369081559484448,-0.03472712504052039,-0.02617720796416617,5000,0,5000,0,0.95
RPN,seed1,C1_SF,0.04207162094133513,0.032194651797545326,0.05199105255355695,5000,0,5000,0,0.95
RPN,seed2,C1_SF,0.039126538466286505,0.02981277325282555,0.04897893876094393,5000,0,5000,0,0.95
RPN,seed3,C1_SF,0.04056092205677632,0.0313601295395088,0.05016409322633269,5000,0,5000,0,0.95
RPN,seed1,C0,-0.10401172444173357,-0.11687750277617553,-0.09182315003382688,5000,0,5000,0,0.95
RPN,seed2,C0,-0.11370678162042103,-0.12750487871983412,-0.10074258953026576,5000,0,5000,0,0.95
RPN,seed3,C0,-0.10514113817784732,-0.11828147690050382,-0.09218375516220932,5000,0,5000,0,0.95
RPN,seed1,C1,0.011886780143005815,-0.0001158321855060149,0.02415626867530188,5000,0,5000,0,0.95
RPN,seed2,C1,0.006223574488309569,-0.005207481049931698,0.018012250561024873,5000,0,5000,0,0.95
RPN,seed3,C1,0.010191840497291826,-0.001302400809609685,0.02167740168055919,5000,0,5000,0,0.95
RPN,seed1,I_new_comparison,0.09353497942961209,0.08302687863080216,0.10444656808912113,5000,0,5000,0,0.95
RPN,seed2,I_new_comparison,0.09522836644716884,0.08460075676856485,0.10661533160548796,5000,0,5000,0,0.95
RPN,seed3,I_new_comparison,0.09306436460328096,0.08252169403240085,0.10403406506271161,5000,0,5000,0,0.95
RPN,seed1,I_removed_comparison,0.022363525155127295,0.015684809932443766,0.02906157011790841,5000,0,5000,0,0.95
RPN,seed2,I_removed_comparison,0.024701989661561716,0.018137048163763114,0.03161688540462835,5000,0,5000,0,0.95
RPN,seed3,I_removed_comparison,0.022268614071858317,0.015584651869252193,0.02862367315692051,5000,0,5000,0,0.95
RPN,seed1,interaction_I,0.11589850458473938,0.10067042023430851,0.13145226148777298,5000,0,5000,0,0.95
RPN,seed2,interaction_I,0.1199303561087306,0.10471196952625841,0.13675379302157023,5000,0,5000,0,0.95
RPN,seed3,interaction_I,0.11533297867513914,0.09978940792416482,0.13119456304303276,5000,0,5000,0,0.95
DETR,seed1,nS,5647.0,5457.0,5828.025,5000,0,5000,0,0.95
DETR,seed2,nS,5655.0,5463.975,5838.0,5000,0,5000,0,0.95
DETR,seed3,nS,5658.0,5468.0,5843.0,5000,0,5000,0,0.95
DETR,seed1,nF,2873.0,2716.0,3034.0249999999996,5000,0,5000,0,0.95
DETR,seed2,nF,2858.0,2702.0,3017.0,5000,0,5000,0,0.95
DETR,seed3,nF,2842.0,2688.0,3002.0,5000,0,5000,0,0.95
DETR,seed1,nE,1145.0,1030.0,1258.0,5000,0,5000,0,0.95
DETR,seed2,nE,1152.0,1035.975,1267.0,5000,0,5000,0,0.95
DETR,seed3,nE,1165.0,1046.0,1283.0,5000,0,5000,0,0.95
DETR,seed1,U_SE_p5,0.817133029633542,0.7955263596082658,0.8388506821171038,5000,0,5000,0,0.95
DETR,seed2,U_SE_p5,0.8224111068130465,0.8012720401173765,0.8431201471249331,5000,0,5000,0,0.95
DETR,seed3,U_SE_p5,0.8257657887271166,0.8047653732884537,0.8462284716448781,5000,0,5000,0,0.95
DETR,seed1,U_FE_p5,0.7493063714723893,0.7233619474233415,0.7756022003849087,5000,0,5000,0,0.95
DETR,seed2,U_FE_p5,0.7546956399191354,0.7297097212800658,0.7800084834406803,5000,0,5000,0,0.95
DETR,seed3,U_FE_p5,0.761057014192387,0.7361249298946014,0.7859612976371438,5000,0,5000,0,0.95
DETR,seed1,U_SF_p5,0.5917749019944796,0.5736619689399441,0.6097263836879794,5000,0,5000,0,0.95
DETR,seed2,U_SF_p5,0.5900442334143259,0.5712543215661762,0.6081435114357633,5000,0,5000,0,0.95
DETR,seed3,U_SF_p5,0.5929193193348572,0.5750536874709659,0.6101522117917215,5000,0,5000,0,0.95
DETR,seed1,new_comparison_p5,-0.1611383525901011,-0.1804058085867664,-0.14192487159869271,5000,0,5000,0,0.95
DETR,seed2,new_comparison_p5,-0.1656121007914074,-0.18533022504079252,-0.14690720353186748,5000,0,5000,0,0.95
DETR,seed3,new_comparison_p5,-0.16514840679131548,-0.18444796471044644,-0.14687800840595797,5000,0,5000,0,0.95
DETR,seed1,removed_comparison_p5,0.022871594940961443,0.01756429121794672,0.028256454342586782,5000,0,5000,0,0.95
DETR,seed2,removed_comparison_p5,0.02273356095181465,0.017642290434725746,0.027920868116631383,5000,0,5000,0,0.95
DETR,seed3,removed_comparison_p5,0.02163556908561193,0.016627717396281293,0.02653535424239529,5000,0,5000,0,0.95
DETR,seed1,label_path_p5,-0.13826675764913965,-0.1610887741256057,-0.11581939146854849,5000,0,5000,0,0.95
DETR,seed2,label_path_p5,-0.14287853983959276,-0.1655639055795119,-0.12096094906528372,5000,0,5000,0,0.95
DETR,seed3,label_path_p5,-0.14351283770570356,-0.16582087429022013,-0.1218472309391111,5000,0,5000,0,0.95
DETR,seed1,U_SE_p50,0.6580042887091573,0.6296848122537915,0.6856289786111268,5000,0,5000,0,0.95
DETR,seed2,U_SE_p50,0.6574103239512722,0.6283584603519324,0.6846164668045536,5000,0,5000,0,0.95
DETR,seed3,U_SE_p50,0.663395670530693,0.6340990736473882,0.6905272426323134,5000,0,5000,0,0.95
DETR,seed1,U_FE_p50,0.43459463731747316,0.4043756390658609,0.4639794180841305,5000,0,5000,0,0.95
DETR,seed2,U_FE_p50,0.4372242146800404,0.4073567442002059,0.46667528137171044,5000,0,5000,0,0.95
DETR,seed3,U_FE_p50,0.44022132754241255,0.40883771059755647,0.4699145685140155,5000,0,5000,0,0.95
DETR,seed1,U_SF_p50,0.7368334273205879,0.7216982726411911,0.7513789499730157,5000,0,5000,0,0.95
DETR,seed2,U_SF_p50,0.7316540846764539,0.7158768865281996,0.7470596419098325,5000,0,5000,0,0.95
DETR,seed3,U_SF_p50,0.740247098949281,0.7257312257186924,0.7551785731309544,5000,0,5000,0,0.95
DETR,seed1,new_comparison_p50,0.056365384577063235,0.03678010779713905,0.0772218537114806,5000,0,5000,0,0.95
DETR,seed2,new_comparison_p50,0.05291487983854595,0.032630220844581254,0.073709604079938,5000,0,5000,0,0.95
DETR,seed3,new_comparison_p50,0.05450755167597378,0.0351269023362487,0.07505312690707824,5000,0,5000,0,0.95
DETR,seed1,removed_comparison_p50,0.07533520286951977,0.06882455324598437,0.08205665878427539,5000,0,5000,0,0.95
DETR,seed2,removed_comparison_p50,0.0739212851282956,0.06722262765987626,0.08060339463592453,5000,0,5000,0,0.95
DETR,seed3,removed_comparison_p50,0.07461899797325801,0.06838318283790788,0.08119633473734696,5000,0,5000,0,0.95
DETR,seed1,label_path_p50,0.13170058744658297,0.10979411177877949,0.15493808947740648,5000,0,5000,0,0.95
DETR,seed2,label_path_p50,0.12683616496684158,0.10413346414153062,0.1499665312978747,5000,0,5000,0,0.95
DETR,seed3,label_path_p50,0.12912654964923176,0.10688960887325927,0.15206797468443475,5000,0,5000,0,0.95
DETR,seed1,alpha,0.33720657276995303,0.32220199153408385,0.3528284469720592,5000,0,5000,0,0.95
DETR,seed2,alpha,0.33572183719017973,0.32063593774352345,0.3511665036225548,5000,0,5000,0,0.95
DETR,seed3,alpha,0.3343529411764706,0.3190633096192636,0.3500812395790459,5000,0,5000,0,0.95
DETR,seed1,beta,0.7150323544051767,0.6921725930638938,0.7387009496580297,5000,0,5000,0,0.95
DETR,seed2,beta,0.7127182044887781,0.6898973657739218,0.7362615378232781,5000,0,5000,0,0.95
DETR,seed3,beta,0.7092587971050661,0.6856544574388744,0.7330510275706764,5000,0,5000,0,0.95
DETR,seed1,A00,0.7942614346925805,0.7724772275292527,0.8165468692691543,5000,0,5000,0,0.95
DETR,seed2,A00,0.7996775458612319,0.7784122890526154,0.8209532480056202,5000,0,5000,0,0.95
DETR,seed3,A00,0.8041302196415047,0.7831811031964746,0.8250044358498702,5000,0,5000,0,0.95
DETR,seed1,A10,0.6559946770434408,0.6398452636396834,0.6716860124485301,5000,0,5000,0,0.95
DETR,seed2,A10,0.6567990060216391,0.6403229426858816,0.6727369262977609,5000,0,5000,0,0.95
DETR,seed3,A10,0.6606173819358011,0.6448527825335924,0.6757237425346679,5000,0,5000,0,0.95
DETR,seed1,A01,0.5826690858396375,0.5547744100741534,0.609070787229286,5000,0,5000,0,0.95
DETR,seed2,A01,0.5834890388229765,0.5554120064678879,0.6098100962354808,5000,0,5000,0,0.95
DETR,seed3,A01,0.588776672557435,0.5601948281146633,0.6156594664770378,5000,0,5000,0,0.95
DETR,seed1,A11,0.7143696732862205,0.6991934111258116,0.7290941212106552,5000,0,5000,0,0.95
DETR,seed2,A11,0.7103252037898181,0.6948941993750732,0.725227206996699,5000,0,5000,0,0.95
DETR,seed3,A11,0.7179032222066668,0.7029095932662573,0.73286557425589,5000,0,5000,0,0.95
DETR,seed1,delta_U_SE,-0.15912874092438467,-0.19301643424517761,-0.12606049854723134,5000,0,5000,0,0.95
DETR,seed2,delta_U_SE,-0.16500078286177433,-0.20007803710227076,-0.13108045895155934,5000,0,5000,0,0.95
DETR,seed3,delta_U_SE,-0.16237011819642355,-0.19651174309642427,-0.1293740815567603,5000,0,5000,0,0.95
DETR,seed1,delta_U_FE,-0.31471173415491616,-0.35307440880032176,-0.2783272298570017,5000,0,5000,0,0.95
DETR,seed2,delta_U_FE,-0.31747142523909494,-0.35530278369351004,-0.280192595701941,5000,0,5000,0,0.95
DETR,seed3,delta_U_FE,-0.32083568664997447,-0.35916387673178596,-0.2842987248886846,5000,0,5000,0,0.95
DETR,seed1,delta_U_SF,0.1450585253261083,0.12147344338387607,0.16903147209635422,5000,0,5000,0,0.95
DETR,seed2,delta_U_SF,0.141609851262128,0.11639609575907946,0.16650869627410003,5000,0,5000,0,0.95
DETR,seed3,delta_U_SF,0.14732777961442378,0.12442267692787302,0.17113369122705957,5000,0,5000,0,0.95
DETR,seed1,C0_SE,-0.10546948356807515,-0.12767005272651588,-0.08335350478767092,5000,0,5000,0,0.95
DETR,seed2,C0_SE,-0.10960641690160153,-0.13288863789258515,-0.08712098078291093,5000,0,5000,0,0.95
DETR,seed3,C0_SE,-0.10808119161827819,-0.13087395837475743,-0.08607785186543435,5000,0,5000,0,0.95
DETR,seed1,C0_FE,-0.10612286528486785,-0.11976715396391024,-0.09315342836492282,5000,0,5000,0,0.95
DETR,seed2,C0_FE,-0.10658209013665375,-0.12013807208714722,-0.09321273593828223,5000,0,5000,0,0.95
DETR,seed3,C0_FE,-0.10727235546579146,-0.12097052836817447,-0.09439480985725972,5000,0,5000,0,0.95
DETR,seed1,C1_SE,-0.045346542647690516,-0.055635091809880854,-0.035658488471341364,5000,0,5000,0,0.95
DETR,seed2,C1_SE,-0.04740172116128778,-0.05799838223363671,-0.037380685807686165,5000,0,5000,0,0.95
DETR,seed3,C1_SE,-0.047207683478620775,-0.05737760664899486,-0.03734232544819621,5000,0,5000,0,0.95
DETR,seed1,C1_SF,0.10372153889047016,0.08622397738144863,0.1212292249846287,5000,0,5000,0,0.95
DETR,seed2,C1_SF,0.10092791892946679,0.08261992273880082,0.11891885836473536,5000,0,5000,0,0.95
DETR,seed3,C1_SF,0.10449352374948649,0.08787349737204408,0.12155191479101068,5000,0,5000,0,0.95
DETR,seed1,C0,-0.21159234885294298,-0.24560053240515242,-0.17950439650060063,5000,0,5000,0,0.95
DETR,seed2,C0,-0.21618850703825532,-0.25058910450916294,-0.18340177387767834,5000,0,5000,0,0.95
DETR,seed3,C0,-0.21535354708406962,-0.24887646152747014,-0.18310753746007857,5000,0,5000,0,0.95
DETR,seed1,C1,0.05837499624277964,0.035985532241886255,0.0807364835067889,5000,0,5000,0,0.95
DETR,seed2,C1,0.05352619776817902,0.030523340893755826,0.07643226909492774,5000,0,5000,0,0.95
DETR,seed3,C1,0.057285840270865696,0.035941836955873295,0.07900637269708627,5000,0,5000,0,0.95
DETR,seed1,I_new_comparison,0.2175037371671643,0.19094043551886428,0.24610042839194882,5000,0,5000,0,0.95
DETR,seed2,I_new_comparison,0.21852698062995335,0.1908051369405655,0.2470498284647199,5000,0,5000,0,0.95
DETR,seed3,I_new_comparison,0.21965595846728925,0.19289061992016066,0.24805066904672485,5000,0,5000,0,0.95
DETR,seed1,I_removed_comparison,0.05246360792855832,0.044283324069004266,0.06073470602415708,5000,0,5000,0,0.95
DETR,seed2,I_removed_comparison,0.051187724176480945,0.042669087084064,0.05954156120764935,5000,0,5000,0,0.95
DETR,seed3,I_removed_comparison,0.05298342888764608,0.04520244595813839,0.06086263431645955,5000,0,5000,0,0.95
DETR,seed1,interaction_I,0.2699673450957226,0.23931996266741926,0.3026796352661071,5000,0,5000,0,0.95
DETR,seed2,interaction_I,0.26971470480643434,0.23744824643093604,0.30256884801094064,5000,0,5000,0,0.95
DETR,seed3,interaction_I,0.2726393873549353,0.241647285392683,0.30515755537083583,5000,0,5000,0,0.95
GDINO,seed1,nS,4635.0,4455.0,4814.025,5000,0,5000,0,0.95
GDINO,seed2,nS,4603.0,4426.0,4776.0,5000,0,5000,0,0.95
GDINO,seed3,nS,4642.0,4466.0,4817.0,5000,0,5000,0,0.95
GDINO,seed1,nF,4166.0,3989.0,4344.0,5000,0,5000,0,0.95
GDINO,seed2,nF,4208.0,4031.0,4383.0,5000,0,5000,0,0.95
GDINO,seed3,nF,4157.0,3982.0,4336.0,5000,0,5000,0,0.95
GDINO,seed1,nE,1601.0,1465.0,1744.0,5000,0,5000,0,0.95
GDINO,seed2,nE,1591.0,1455.0,1736.0,5000,0,5000,0,0.95
GDINO,seed3,nE,1603.0,1467.0,1747.0,5000,0,5000,0,0.95
GDINO,seed1,U_SE_p5,0.9049215464714273,0.8926524202719645,0.916692644916004,5000,0,5000,0,0.95
GDINO,seed2,U_SE_p5,0.9063816632035538,0.8944143392144572,0.9180749745621879,5000,0,5000,0,0.95
GDINO,seed3,U_SE_p5,0.9085274191029691,0.8966921674411411,0.9199316031850727,5000,0,5000,0,0.95
GDINO,seed1,U_FE_p5,0.7427189349671338,0.7219684816806661,0.7635499449218682,5000,0,5000,0,0.95
GDINO,seed2,U_FE_p5,0.7483288841941242,0.7272135227931754,0.7692446342969985,5000,0,5000,0,0.95
GDINO,seed3,U_FE_p5,0.749150280678623,0.7281782916075915,0.7699934022591925,5000,0,5000,0,0.95
GDINO,seed1,U_SF_p5,0.750250913932637,0.7349215184539607,0.7658911032171802,5000,0,5000,0,0.95
GDINO,seed2,U_SF_p5,0.7466421045871059,0.7310647472983334,0.7620639127837953,5000,0,5000,0,0.95
GDINO,seed3,U_SF_p5,0.7519976375350227,0.7366651252320361,0.7671532893793883,5000,0,5000,0,0.95
GDINO,seed1,new_comparison_p5,-0.11173189789432988,-0.12335262514209777,-0.1003035113923448,5000,0,5000,0,0.95
GDINO,seed2,new_comparison_p5,-0.11591378904259579,-0.12756504308439845,-0.10481390011541393,5000,0,5000,0,0.95
GDINO,seed3,new_comparison_p5,-0.11296776076006132,-0.12458158831939181,-0.10200470648168006,5000,0,5000,0,0.95
GDINO,seed1,removed_comparison_p5,0.0767794659160194,0.06835205341588187,0.08527604600111326,5000,0,5000,0,0.95
GDINO,seed2,removed_comparison_p5,0.07548361072201563,0.06688705452317707,0.08387801478401988,5000,0,5000,0,0.95
GDINO,seed3,removed_comparison_p5,0.07529614324696064,0.06701001075675218,0.08393574093726693,5000,0,5000,0,0.95
GDINO,seed1,label_path_p5,-0.03495243197831044,-0.05400181448606832,-0.0164239123895735,5000,0,5000,0,0.95
GDINO,seed2,label_path_p5,-0.04043017832058016,-0.058912570142643256,-0.02213200625075908,5000,0,5000,0,0.95
GDINO,seed3,label_path_p5,-0.037671617513100775,-0.05642789880890485,-0.01967545706522469,5000,0,5000,0,0.95
GDINO,seed1,U_SE_p50,0.580585758496409,0.5530149401869144,0.6087507219708976,5000,0,5000,0,0.95
GDINO,seed2,U_SE_p50,0.5840848199320177,0.5566555651152376,0.6119651484842736,5000,0,5000,0,0.95
GDINO,seed3,U_SE_p50,0.586398348852042,0.5592979125594236,0.613601085786656,5000,0,5000,0,0.95
GDINO,seed1,U_FE_p50,0.48939333104039934,0.4643583919977755,0.5151065934345705,5000,0,5000,0,0.95
GDINO,seed2,U_FE_p50,0.4928823730441911,0.46695073412633986,0.5177797457271075,5000,0,5000,0,0.95
GDINO,seed3,U_FE_p50,0.48099583547867236,0.4558589997385434,0.5064546820984871,5000,0,5000,0,0.95
GDINO,seed1,U_SF_p50,0.5926375275060191,0.5747537982301164,0.6100764108422534,5000,0,5000,0,0.95
GDINO,seed2,U_SF_p50,0.5931235745575087,0.5754074423784147,0.6109060559861181,5000,0,5000,0,0.95
GDINO,seed3,U_SF_p50,0.6087610719169205,0.5909243117101229,0.6264456811300304,5000,0,5000,0,0.95
GDINO,seed1,new_comparison_p50,0.008706029078209703,-0.010470419916016742,0.027743080358441648,5000,0,5000,0,0.95
GDINO,seed2,new_comparison_p50,0.006558903166764354,-0.012508379450481772,0.02587522282168382,5000,0,5000,0,0.95
GDINO,seed3,new_comparison_p50,0.01613920829526042,-0.0034022042798131113,0.03530423948120639,5000,0,5000,0,0.95
GDINO,seed1,removed_comparison_p50,0.04316641890486722,0.034882602453232055,0.05172299672068424,5000,0,5000,0,0.95
GDINO,seed2,removed_comparison_p50,0.043556905743272534,0.03511098317647362,0.05204076594350526,5000,0,5000,0,0.95
GDINO,seed3,removed_comparison_p50,0.04979636868883937,0.04156857760102602,0.058140632073668715,5000,0,5000,0,0.95
GDINO,seed1,label_path_p50,0.051872447983077,0.02948643846799837,0.07428667139054178,5000,0,5000,0,0.95
GDINO,seed2,label_path_p50,0.05011580891003686,0.0276575484959606,0.07323052635183033,5000,0,5000,0,0.95
GDINO,seed3,label_path_p50,0.0659355769840998,0.043450297309173366,0.08794067397860268,5000,0,5000,0,0.95
GDINO,seed1,alpha,0.47335530053403024,0.45754392789800136,0.48929507535028033,5000,0,5000,0,0.95
GDINO,seed2,alpha,0.47758483713539895,0.4618443207887003,0.4934256231308239,5000,0,5000,0,0.95
GDINO,seed3,alpha,0.47244005000568245,0.4562343765467007,0.4882232003534071,5000,0,5000,0,0.95
GDINO,seed1,beta,0.7223859892491763,0.7017211061228241,0.7417333697277935,5000,0,5000,0,0.95
GDINO,seed2,beta,0.7256423521296775,0.7054613696167839,0.7449315762760681,5000,0,5000,0,0.95
GDINO,seed3,beta,0.7217013888888889,0.7014122206840006,0.7407612812016343,5000,0,5000,0,0.95
GDINO,seed1,A00,0.8281420805554078,0.8126479705807381,0.8432631693531831,5000,0,5000,0,0.95
GDINO,seed2,A00,0.8308980524815381,0.815627602679542,0.8459531988362725,5000,0,5000,0,0.95
GDINO,seed3,A00,0.8332312758560084,0.8179901808714802,0.8480955290698211,5000,0,5000,0,0.95
GDINO,seed1,A10,0.7931896485770974,0.779625270118922,0.8066284412950853,5000,0,5000,0,0.95
GDINO,seed2,A10,0.790467874160958,0.7770899084070554,0.8036047738534773,5000,0,5000,0,0.95
GDINO,seed3,A10,0.7955596583429076,0.78251229910702,0.8084299594485175,5000,0,5000,0,0.95
GDINO,seed1,A01,0.5374193395915418,0.5122743529516217,0.5626128463126702,5000,0,5000,0,0.95
GDINO,seed2,A01,0.5405279141887451,0.5155433420643288,0.5654551673249129,5000,0,5000,0,0.95
GDINO,seed3,A01,0.5366019801632026,0.5118148872003881,0.5614725333223358,5000,0,5000,0,0.95
GDINO,seed1,A11,0.5892917875746188,0.5720468947750754,0.6067536825716369,5000,0,5000,0,0.95
GDINO,seed2,A11,0.590643723098782,0.5736547455964349,0.60805390348138,5000,0,5000,0,0.95
GDINO,seed3,A11,0.6025375571473024,0.585763238062136,0.6197960409254312,5000,0,5000,0,0.95
GDINO,seed1,delta_U_SE,-0.3243357879750183,-0.352829848313196,-0.29599383990363526,5000,0,5000,0,0.95
GDINO,seed2,delta_U_SE,-0.3222968432715362,-0.350974611736656,-0.2941061562853207,5000,0,5000,0,0.95
GDINO,seed3,delta_U_SE,-0.3221290702509271,-0.3509191240614378,-0.29328308457290625,5000,0,5000,0,0.95
GDINO,seed1,delta_U_FE,-0.2533256039267345,-0.2852046286776577,-0.22145410482206326,5000,0,5000,0,0.95
GDINO,seed2,delta_U_FE,-0.25544651114993316,-0.28750439603762223,-0.2239661792925788,5000,0,5000,0,0.95
GDINO,seed3,delta_U_FE,-0.26815444519995063,-0.3008914872865547,-0.23594845933520145,5000,0,5000,0,0.95
GDINO,seed1,delta_U_SF,-0.15761338642661793,-0.18254713288430516,-0.13315769926058693,5000,0,5000,0,0.95
GDINO,seed2,delta_U_SF,-0.15351853002959714,-0.1781456629195716,-0.1292789119173874,5000,0,5000,0,0.95
GDINO,seed3,delta_U_SF,-0.14323656561810216,-0.16819193024969084,-0.11971429193060448,5000,0,5000,0,0.95
GDINO,seed1,C0_SE,-0.17080972358416197,-0.18689949949176363,-0.15531367151910044,5000,0,5000,0,0.95
GDINO,seed2,C0_SE,-0.16837275786844635,-0.1841105016423301,-0.15292189353382585,5000,0,5000,0,0.95
GDINO,seed3,C0_SE,-0.1699423961932951,-0.18582732344318253,-0.15402871036345267,5000,0,5000,0,0.95
GDINO,seed1,C0_FE,-0.11991301737970411,-0.13496361926149114,-0.10475134657593241,5000,0,5000,0,0.95
GDINO,seed2,C0_FE,-0.1219973804243467,-0.13748282990278932,-0.1073023236300664,5000,0,5000,0,0.95
GDINO,seed3,C0_FE,-0.1266868994995107,-0.14217777369683912,-0.11145875994661485,5000,0,5000,0,0.95
GDINO,seed1,C1_SE,-0.0900401589297736,-0.09998623238512666,-0.08078743807792854,5000,0,5000,0,0.95
GDINO,seed2,C1_SE,-0.08842460383600863,-0.09824850851696575,-0.07936253794922873,5000,0,5000,0,0.95
GDINO,seed3,C1_SE,-0.08964807284934653,-0.09930080496417602,-0.08056974119111646,5000,0,5000,0,0.95
GDINO,seed1,C1_SF,-0.11385770207270508,-0.1324194337390704,-0.09549527426421096,5000,0,5000,0,0.95
GDINO,seed2,C1_SF,-0.1113995472261674,-0.1298014287140497,-0.09336158477611363,5000,0,5000,0,0.95
GDINO,seed3,C1_SF,-0.1033740283462588,-0.12201903318319852,-0.08576457890707917,5000,0,5000,0,0.95
GDINO,seed1,C0,-0.2907227409638661,-0.3180741102602386,-0.26352842228130724,5000,0,5000,0,0.95
GDINO,seed2,C0,-0.290370138292793,-0.31862389045032885,-0.26344934115199503,5000,0,5000,0,0.95
GDINO,seed3,C0,-0.2966292956928058,-0.3243077537814268,-0.26915181616205847,5000,0,5000,0,0.95
GDINO,seed1,C1,-0.20389786100247864,-0.22523520060073696,-0.1826577507830156,5000,0,5000,0,0.95
GDINO,seed2,C1,-0.199824151062176,-0.22143110871990535,-0.17893815653822415,5000,0,5000,0,0.95
GDINO,seed3,C1,-0.19302210119560526,-0.21424182266409514,-0.17215681671414373,5000,0,5000,0,0.95
GDINO,seed1,I_new_comparison,0.12043792697253959,0.09793756640432966,0.14373278062266406,5000,0,5000,0,0.95
GDINO,seed2,I_new_comparison,0.12247269220936015,0.1003033318605237,0.1455708002660652,5000,0,5000,0,0.95
GDINO,seed3,I_new_comparison,0.12910696905532174,0.10655631243205713,0.15187812768677197,5000,0,5000,0,0.95
GDINO,seed1,I_removed_comparison,-0.03361304701115218,-0.04557791155397136,-0.021666049957462637,5000,0,5000,0,0.95
GDINO,seed2,I_removed_comparison,-0.0319267049787431,-0.043985239988282576,-0.019900174029418023,5000,0,5000,0,0.95
GDINO,seed3,I_removed_comparison,-0.025499774558121274,-0.03759871216881694,-0.013867945189191431,5000,0,5000,0,0.95
GDINO,seed1,interaction_I,0.08682487996138744,0.0573283761225697,0.11650079906849717,5000,0,5000,0,0.95
GDINO,seed2,interaction_I,0.09054598723061702,0.061313207993464604,0.12054570758729409,5000,0,5000,0,0.95
GDINO,seed3,interaction_I,0.10360719449720057,0.07397600213288438,0.13283002637489175,5000,0,5000,0,0.95
