eval_split,K,metric,cosine,b3_mean,b3_std,delta_mean,delta_ci_low,delta_ci_high,ci_level,n,n_clusters,n_replicates,n_seeds,status
__pooled__,5,accuracy,,,,,,,0.95,,,,3,cosine_missing
__pooled__,5,ece_adaptive,,,,,,,0.95,,,,3,cosine_missing
__pooled__,5,e_aurc,,,,,,,0.95,,,,3,cosine_missing
__pooled__,5,auroc_correct,,,,,,,0.95,,,,3,cosine_missing
__pooled__,5,rer_at_50,,,,,,,0.95,,,,3,cosine_missing
__pooled__,5,rer_at_80,,,,,,,0.95,,,,3,cosine_missing
__pooled__,20,accuracy,,,,,,,0.95,,,,3,cosine_missing
__pooled__,20,ece_adaptive,,,,,,,0.95,,,,3,cosine_missing
__pooled__,20,e_aurc,,,,,,,0.95,,,,3,cosine_missing
__pooled__,20,auroc_correct,,,,,,,0.95,,,,3,cosine_missing
__pooled__,20,rer_at_50,,,,,,,0.95,,,,3,cosine_missing
__pooled__,20,rer_at_80,,,,,,,0.95,,,,3,cosine_missing
__pooled__,50,accuracy,,,,,,,0.95,,,,3,cosine_missing
__pooled__,50,ece_adaptive,,,,,,,0.95,,,,3,cosine_missing
__pooled__,50,e_aurc,,,,,,,0.95,,,,3,cosine_missing
__pooled__,50,auroc_correct,,,,,,,0.95,,,,3,cosine_missing
__pooled__,50,rer_at_50,,,,,,,0.95,,,,3,cosine_missing
__pooled__,50,rer_at_80,,,,,,,0.95,,,,3,cosine_missing
