analysis,model,seed,K_a,K_b,variant,metric,diff_kind,n,n_clusters,resample_unit,mean_a,mean_b,diff,ci_low,ci_high,ci_level,n_replicates,std_diff
C1,cosine_b0,seed1,5,10,global_T,auroc_correct,absolute,15762,2937,image,0.7498492647403835,0.7388419227983589,0.011007341942024573,0.0024922180588447212,0.019583221877066643,0.95,5000,0.00433576265410538
C1,cosine_b0,seed1,5,10,global_T,e_aurc,absolute,15762,2937,image,0.13112840761237918,0.1688878174529802,-0.03775940984060103,-0.04417674109558729,-0.0313509077362855,0.95,5000,0.0032537336254748277
C1,cosine_b0,seed1,5,10,global_T,e_aurc,relative,15762,2937,image,0.13112840761237918,0.1688878174529802,-0.22357687138158183,-0.2565966356666964,-0.18900053147492965,0.95,5000,0.017045024360761832
C1,cosine_b0,seed1,5,10,global_T,rer_at_50,absolute,15762,2937,image,0.41787645886706526,0.2795985907974806,0.13827786806958464,0.12016765148755755,0.15714446111019648,0.95,5000,0.009445854024665063
C1,cosine_b0,seed1,5,20,global_T,auroc_correct,absolute,15762,2937,image,0.7498492647403835,0.7365289155428062,0.013320349197577297,0.0024108159186433183,0.024009653224373543,0.95,5000,0.005511448394584031
C1,cosine_b0,seed1,5,20,global_T,e_aurc,absolute,15762,2937,image,0.13112840761237918,0.18214658542316509,-0.05101817781078591,-0.05925527889323032,-0.04266526427202638,0.95,5000,0.004300664440397442
C1,cosine_b0,seed1,5,20,global_T,e_aurc,relative,15762,2937,image,0.13112840761237918,0.18214658542316509,-0.28009406650286567,-0.3183006583929947,-0.24046255132791053,0.95,5000,0.02018165240456513
C1,cosine_b0,seed1,5,20,global_T,rer_at_50,absolute,15762,2937,image,0.41787645886706526,0.20465285350781529,0.21322360535924997,0.19283660571960737,0.23326530979000618,0.95,5000,0.010274770454550273
C1,cosine_b0,seed1,5,50,global_T,auroc_correct,absolute,15762,2937,image,0.7498492647403835,0.7404431862585565,0.009406078481826952,-0.003971503477102496,0.022925195874624146,0.95,5000,0.006891419932003403
C1,cosine_b0,seed1,5,50,global_T,e_aurc,absolute,15762,2937,image,0.13112840761237918,0.17771016530269607,-0.04658175769031689,-0.05691187994137254,-0.036441640690495304,0.95,5000,0.0053256321997038145
C1,cosine_b0,seed1,5,50,global_T,e_aurc,relative,15762,2937,image,0.13112840761237918,0.17771016530269607,-0.26212207732165216,-0.3099927592010766,-0.21146122645194992,0.95,5000,0.02555302566155403
C1,cosine_b0,seed1,5,50,global_T,rer_at_50,absolute,15762,2937,image,0.41787645886706526,0.1321114020471316,0.2857650568199337,0.2630319024001691,0.3073572932085386,0.95,5000,0.011335000896109835
C1,cosine_b0,seed2,5,10,global_T,auroc_correct,absolute,15762,2937,image,0.7498492647403835,0.7388419227983589,0.011007341942024573,0.0024922180588447212,0.019583221877066643,0.95,5000,0.00433576265410538
C1,cosine_b0,seed2,5,10,global_T,e_aurc,absolute,15762,2937,image,0.13112840761237918,0.1688878174529802,-0.03775940984060103,-0.04417674109558729,-0.0313509077362855,0.95,5000,0.0032537336254748277
C1,cosine_b0,seed2,5,10,global_T,e_aurc,relative,15762,2937,image,0.13112840761237918,0.1688878174529802,-0.22357687138158183,-0.2565966356666964,-0.18900053147492965,0.95,5000,0.017045024360761832
C1,cosine_b0,seed2,5,10,global_T,rer_at_50,absolute,15762,2937,image,0.41787645886706526,0.2795985907974806,0.13827786806958464,0.12016765148755755,0.15714446111019648,0.95,5000,0.009445854024665063
C1,cosine_b0,seed2,5,20,global_T,auroc_correct,absolute,15762,2937,image,0.7498492647403835,0.7365289155428062,0.013320349197577297,0.0024108159186433183,0.024009653224373543,0.95,5000,0.005511448394584031
C1,cosine_b0,seed2,5,20,global_T,e_aurc,absolute,15762,2937,image,0.13112840761237918,0.18214658542316509,-0.05101817781078591,-0.05925527889323032,-0.04266526427202638,0.95,5000,0.004300664440397442
C1,cosine_b0,seed2,5,20,global_T,e_aurc,relative,15762,2937,image,0.13112840761237918,0.18214658542316509,-0.28009406650286567,-0.3183006583929947,-0.24046255132791053,0.95,5000,0.02018165240456513
C1,cosine_b0,seed2,5,20,global_T,rer_at_50,absolute,15762,2937,image,0.41787645886706526,0.20465285350781529,0.21322360535924997,0.19283660571960737,0.23326530979000618,0.95,5000,0.010274770454550273
C1,cosine_b0,seed2,5,50,global_T,auroc_correct,absolute,15762,2937,image,0.7498492647403835,0.7404431862585565,0.009406078481826952,-0.003971503477102496,0.022925195874624146,0.95,5000,0.006891419932003403
C1,cosine_b0,seed2,5,50,global_T,e_aurc,absolute,15762,2937,image,0.13112840761237918,0.17771016530269607,-0.04658175769031689,-0.05691187994137254,-0.036441640690495304,0.95,5000,0.0053256321997038145
C1,cosine_b0,seed2,5,50,global_T,e_aurc,relative,15762,2937,image,0.13112840761237918,0.17771016530269607,-0.26212207732165216,-0.3099927592010766,-0.21146122645194992,0.95,5000,0.02555302566155403
C1,cosine_b0,seed2,5,50,global_T,rer_at_50,absolute,15762,2937,image,0.41787645886706526,0.1321114020471316,0.2857650568199337,0.2630319024001691,0.3073572932085386,0.95,5000,0.011335000896109835
C1,cosine_b0,seed3,5,10,global_T,auroc_correct,absolute,15762,2937,image,0.7498492647403835,0.7388419227983589,0.011007341942024573,0.0024922180588447212,0.019583221877066643,0.95,5000,0.00433576265410538
C1,cosine_b0,seed3,5,10,global_T,e_aurc,absolute,15762,2937,image,0.13112840761237918,0.1688878174529802,-0.03775940984060103,-0.04417674109558729,-0.0313509077362855,0.95,5000,0.0032537336254748277
C1,cosine_b0,seed3,5,10,global_T,e_aurc,relative,15762,2937,image,0.13112840761237918,0.1688878174529802,-0.22357687138158183,-0.2565966356666964,-0.18900053147492965,0.95,5000,0.017045024360761832
C1,cosine_b0,seed3,5,10,global_T,rer_at_50,absolute,15762,2937,image,0.41787645886706526,0.2795985907974806,0.13827786806958464,0.12016765148755755,0.15714446111019648,0.95,5000,0.009445854024665063
C1,cosine_b0,seed3,5,20,global_T,auroc_correct,absolute,15762,2937,image,0.7498492647403835,0.7365289155428062,0.013320349197577297,0.0024108159186433183,0.024009653224373543,0.95,5000,0.005511448394584031
C1,cosine_b0,seed3,5,20,global_T,e_aurc,absolute,15762,2937,image,0.13112840761237918,0.18214658542316509,-0.05101817781078591,-0.05925527889323032,-0.04266526427202638,0.95,5000,0.004300664440397442
C1,cosine_b0,seed3,5,20,global_T,e_aurc,relative,15762,2937,image,0.13112840761237918,0.18214658542316509,-0.28009406650286567,-0.3183006583929947,-0.24046255132791053,0.95,5000,0.02018165240456513
C1,cosine_b0,seed3,5,20,global_T,rer_at_50,absolute,15762,2937,image,0.41787645886706526,0.20465285350781529,0.21322360535924997,0.19283660571960737,0.23326530979000618,0.95,5000,0.010274770454550273
C1,cosine_b0,seed3,5,50,global_T,auroc_correct,absolute,15762,2937,image,0.7498492647403835,0.7404431862585565,0.009406078481826952,-0.003971503477102496,0.022925195874624146,0.95,5000,0.006891419932003403
C1,cosine_b0,seed3,5,50,global_T,e_aurc,absolute,15762,2937,image,0.13112840761237918,0.17771016530269607,-0.04658175769031689,-0.05691187994137254,-0.036441640690495304,0.95,5000,0.0053256321997038145
C1,cosine_b0,seed3,5,50,global_T,e_aurc,relative,15762,2937,image,0.13112840761237918,0.17771016530269607,-0.26212207732165216,-0.3099927592010766,-0.21146122645194992,0.95,5000,0.02555302566155403
C1,cosine_b0,seed3,5,50,global_T,rer_at_50,absolute,15762,2937,image,0.41787645886706526,0.1321114020471316,0.2857650568199337,0.2630319024001691,0.3073572932085386,0.95,5000,0.011335000896109835
C1,b3,seed1,5,10,global_T_corrected,auroc_correct,absolute,15762,2937,image,0.849746920419591,0.8154321289184342,0.034314791501156794,0.026614308649805005,0.041820291995969074,0.95,5000,0.00387277686818278
C1,b3,seed1,5,10,global_T_corrected,e_aurc,absolute,15762,2937,image,0.03394916994876945,0.06559092997236876,-0.03164176002359931,-0.03500313083506807,-0.028236693141515487,0.95,5000,0.0016935504875921481
C1,b3,seed1,5,10,global_T_corrected,e_aurc,relative,15762,2937,image,0.03394916994876945,0.06559092997236876,-0.4824106021507686,-0.514796494842586,-0.44765520929711733,0.95,5000,0.01713259285703776
C1,b3,seed1,5,10,global_T_corrected,rer_at_50,absolute,15762,2937,image,0.838116736536601,0.6739579034255055,0.16415883311109547,0.13838268480010654,0.19070852976804237,0.95,5000,0.01336150806805422
C1,b3,seed1,5,20,global_T_corrected,auroc_correct,absolute,15762,2937,image,0.849746920419591,0.8027119261212087,0.047034994298382315,0.03716074953100428,0.05656914214729048,0.95,5000,0.00492839661756222
C1,b3,seed1,5,20,global_T_corrected,e_aurc,absolute,15762,2937,image,0.03394916994876945,0.09058180531294158,-0.056632635364172124,-0.061341066914409,-0.05192055417299338,0.95,5000,0.0024137773637774563
C1,b3,seed1,5,20,global_T_corrected,e_aurc,relative,15762,2937,image,0.03394916994876945,0.09058180531294158,-0.6252098329075908,-0.6545186048942849,-0.5939921527343628,0.95,5000,0.01532466710410991
C1,b3,seed1,5,20,global_T_corrected,rer_at_50,absolute,15762,2937,image,0.838116736536601,0.5306277549779601,0.3074889815586409,0.2777086878275906,0.33610528273624085,0.95,5000,0.014907379195632934
C1,b3,seed1,5,50,global_T_corrected,auroc_correct,absolute,15762,2937,image,0.849746920419591,0.7947680453375763,0.05497887508201471,0.04375233244945166,0.06607365880965124,0.95,5000,0.005651501429371417
C1,b3,seed1,5,50,global_T_corrected,e_aurc,absolute,15762,2937,image,0.03394916994876945,0.11784356719652744,-0.08389439724775799,-0.08995812052354327,-0.07776303086896492,0.95,5000,0.003130216680494884
C1,b3,seed1,5,50,global_T_corrected,e_aurc,relative,15762,2937,image,0.03394916994876945,0.11784356719652744,-0.7119132528281964,-0.7370880317760179,-0.6851522841598743,0.95,5000,0.01334773640744733
C1,b3,seed1,5,50,global_T_corrected,rer_at_50,absolute,15762,2937,image,0.838116736536601,0.3859729543891817,0.4521437821474193,0.42585621706906196,0.47967549797774295,0.95,5000,0.013900897174685295
C1,b3,seed2,5,10,global_T_corrected,auroc_correct,absolute,15762,2937,image,0.8469731746515654,0.8152711636704119,0.03170201098115355,0.02433458030777874,0.039288492202674566,0.95,5000,0.003873716113983513
C1,b3,seed2,5,10,global_T_corrected,e_aurc,absolute,15762,2937,image,0.034643911549442845,0.06525483896634517,-0.03061092741690232,-0.03388511237636031,-0.027373655438992502,0.95,5000,0.0016661512113612844
C1,b3,seed2,5,10,global_T_corrected,e_aurc,relative,15762,2937,image,0.034643911549442845,0.06525483896634517,-0.46909819872040054,-0.5017520251887848,-0.4347607957977153,0.95,5000,0.01727652715498031
C1,b3,seed2,5,10,global_T_corrected,rer_at_50,absolute,15762,2937,image,0.8403090792015453,0.6819118252987229,0.15839725390282244,0.1305037149265315,0.18282054502252748,0.95,5000,0.01338251557509111
C1,b3,seed2,5,20,global_T_corrected,auroc_correct,absolute,15762,2937,image,0.8469731746515654,0.8038137392636726,0.0431594353878928,0.03333411537296059,0.052768873710883665,0.95,5000,0.004913409535250986
C1,b3,seed2,5,20,global_T_corrected,e_aurc,absolute,15762,2937,image,0.034643911549442845,0.08978722225826463,-0.05514331070882179,-0.05990580205220494,-0.05027618920042426,0.95,5000,0.002419844763765996
C1,b3,seed2,5,20,global_T_corrected,e_aurc,relative,15762,2937,image,0.034643911549442845,0.08978722225826463,-0.6141554368416383,-0.6438741672769601,-0.5814678138684304,0.95,5000,0.01554813017792644
C1,b3,seed2,5,20,global_T_corrected,rer_at_50,absolute,15762,2937,image,0.8403090792015453,0.5429885057471265,0.29732057345441876,0.2649885897552359,0.3229336879545106,0.95,5000,0.014789495317146907
C1,b3,seed2,5,50,global_T_corrected,auroc_correct,absolute,15762,2937,image,0.8469731746515654,0.7933560192869872,0.05361715536457823,0.042891516538685864,0.0643068578999925,0.95,5000,0.005473954905940386
C1,b3,seed2,5,50,global_T_corrected,e_aurc,absolute,15762,2937,image,0.034643911549442845,0.11883680318785894,-0.08419289163841609,-0.0903373329557259,-0.0780088362084125,0.95,5000,0.003124493109148925
C1,b3,seed2,5,50,global_T_corrected,e_aurc,relative,15762,2937,image,0.034643911549442845,0.11883680318785894,-0.70847489481287,-0.7336866884931534,-0.6816201991288829,0.95,5000,0.013159992733270622
C1,b3,seed2,5,50,global_T_corrected,rer_at_50,absolute,15762,2937,image,0.8403090792015453,0.386005560704356,0.4543035184971893,0.4230939598036176,0.47952514836661136,0.95,5000,0.014366723770783222
C1,b3,seed3,5,10,global_T_corrected,auroc_correct,absolute,15762,2937,image,0.8492679477945877,0.8162786491765829,0.032989298618004814,0.025229702912088894,0.04049571127350678,0.95,5000,0.003958362380228122
C1,b3,seed3,5,10,global_T_corrected,e_aurc,absolute,15762,2937,image,0.033974789667233996,0.06491075156411841,-0.030935961896884412,-0.034226545988697635,-0.027635447336979722,0.95,5000,0.0016898066908684112
C1,b3,seed3,5,10,global_T_corrected,e_aurc,relative,15762,2937,image,0.033974789667233996,0.06491075156411841,-0.47659226170453556,-0.510101622020251,-0.44005973468418036,0.95,5000,0.017706743051640477
C1,b3,seed3,5,10,global_T_corrected,rer_at_50,absolute,15762,2937,image,0.835225429776192,0.6782229603487648,0.15700246942742713,0.1329922049240731,0.18538796903267163,0.95,5000,0.013371665258526724
C1,b3,seed3,5,20,global_T_corrected,auroc_correct,absolute,15762,2937,image,0.8492679477945877,0.8034417885555114,0.04582615923907629,0.03596783852351542,0.055567347423876104,0.95,5000,0.004903467243982434
C1,b3,seed3,5,20,global_T_corrected,e_aurc,absolute,15762,2937,image,0.033974789667233996,0.09054427816593769,-0.05656948849870369,-0.06142170771418053,-0.05186724374450284,0.95,5000,0.002417686552685322
C1,b3,seed3,5,20,global_T_corrected,e_aurc,relative,15762,2937,image,0.033974789667233996,0.09054427816593769,-0.6247715443159263,-0.6540350963258424,-0.5934996775655242,0.95,5000,0.015399391084610954
C1,b3,seed3,5,20,global_T_corrected,rer_at_50,absolute,15762,2937,image,0.835225429776192,0.5356869937337613,0.2995384360424307,0.2710252995626048,0.3287016657952636,0.95,5000,0.014428491510433909
C1,b3,seed3,5,50,global_T_corrected,auroc_correct,absolute,15762,2937,image,0.8492679477945877,0.7909585605006376,0.05830938729395008,0.047210551784967254,0.06937498474657011,0.95,5000,0.00560917092763484
C1,b3,seed3,5,50,global_T_corrected,e_aurc,absolute,15762,2937,image,0.033974789667233996,0.11924705258539098,-0.08527226291815698,-0.09143329900987512,-0.07916060847956295,0.95,5000,0.003156092031915506
C1,b3,seed3,5,50,global_T_corrected,e_aurc,relative,15762,2937,image,0.033974789667233996,0.11924705258539098,-0.7150890614851452,-0.7396746354975613,-0.6883599428044377,0.95,5000,0.013164945557196507
C1,b3,seed3,5,50,global_T_corrected,rer_at_50,absolute,15762,2937,image,0.835225429776192,0.3866171003717473,0.4486083294044447,0.42149368729673675,0.47676627106741387,0.95,5000,0.014009206379814882
C1,b3,mean,5,10,global_T_corrected,auroc_correct,absolute,15762,2937,image,,,0.03300203370010505,0.025392863956557547,0.04053483182405015,0.95,5000,0.001066701191575904
C1,b3,mean,5,20,global_T_corrected,auroc_correct,absolute,15762,2937,image,,,0.045340196308450466,0.0354875678091601,0.05496845442735008,0.95,5000,0.0016190757022913835
C1,b3,mean,5,50,global_T_corrected,auroc_correct,absolute,15762,2937,image,,,0.055635139246847674,0.04461813359103493,0.06658516715207129,0.95,5000,0.001971001794399165
C1,b3,mean,5,10,global_T_corrected,e_aurc,absolute,15762,2937,image,,,-0.031062883112462015,-0.03437159640004201,-0.02774859863916257,0.95,5000,0.0004302988976515418
C1,b3,mean,5,20,global_T_corrected,e_aurc,absolute,15762,2937,image,,,-0.056115144857232534,-0.06088952556026483,-0.05135466237264016,0.95,5000,0.0006876739007541066
C1,b3,mean,5,50,global_T_corrected,e_aurc,absolute,15762,2937,image,,,-0.08445318393477702,-0.09057625082971477,-0.07831082518564679,0.95,5000,0.0005918572525390736
C1,b3,mean,5,10,global_T_corrected,e_aurc,relative,15762,2937,image,,,-0.4760336875252349,-0.508883380683874,-0.4408252465930043,0.95,5000,0.005449099320594478
C1,b3,mean,5,20,global_T_corrected,e_aurc,relative,15762,2937,image,,,-0.6213789380217184,-0.650809289499029,-0.5896532147227725,0.95,5000,0.00511091976043193
C1,b3,mean,5,50,global_T_corrected,e_aurc,relative,15762,2937,image,,,-0.7118257363754039,-0.7368164519222442,-0.685044142031065,0.95,5000,0.0027009312640014966
C1,b3,mean,5,10,global_T_corrected,rer_at_50,absolute,15762,2937,image,,,0.159852852147115,0.1339595348835704,0.18630568127441383,0.95,5000,0.0030975753937364722
C1,b3,mean,5,20,global_T_corrected,rer_at_50,absolute,15762,2937,image,,,0.30144933035183014,0.2712408590484771,0.3292468788286717,0.95,5000,0.004365605619672488
C1,b3,mean,5,50,global_T_corrected,rer_at_50,absolute,15762,2937,image,,,0.4516852100163511,0.42348128805647206,0.47865563913725606,0.95,5000,0.0023475534782795597
C1,cosine_b0,mean,5,10,global_T,auroc_correct,absolute,15762,2937,image,,,0.011007341942024573,0.0024922180588447212,0.019583221877066643,0.95,5000,0.0
C1,cosine_b0,mean,5,20,global_T,auroc_correct,absolute,15762,2937,image,,,0.013320349197577297,0.0024108159186433183,0.024009653224373543,0.95,5000,0.0
C1,cosine_b0,mean,5,50,global_T,auroc_correct,absolute,15762,2937,image,,,0.009406078481826952,-0.003971503477102496,0.022925195874624146,0.95,5000,0.0
C1,cosine_b0,mean,5,10,global_T,e_aurc,absolute,15762,2937,image,,,-0.03775940984060103,-0.04417674109558729,-0.0313509077362855,0.95,5000,0.0
C1,cosine_b0,mean,5,20,global_T,e_aurc,absolute,15762,2937,image,,,-0.05101817781078591,-0.05925527889323032,-0.04266526427202638,0.95,5000,0.0
C1,cosine_b0,mean,5,50,global_T,e_aurc,absolute,15762,2937,image,,,-0.04658175769031689,-0.05691187994137254,-0.036441640690495304,0.95,5000,0.0
C1,cosine_b0,mean,5,10,global_T,e_aurc,relative,15762,2937,image,,,-0.22357687138158186,-0.2565966356666964,-0.18900053147492965,0.95,5000,2.7755575615628914e-17
C1,cosine_b0,mean,5,20,global_T,e_aurc,relative,15762,2937,image,,,-0.28009406650286567,-0.3183006583929947,-0.24046255132791053,0.95,5000,0.0
C1,cosine_b0,mean,5,50,global_T,e_aurc,relative,15762,2937,image,,,-0.26212207732165216,-0.3099927592010766,-0.2114612264519499,0.95,5000,0.0
C1,cosine_b0,mean,5,10,global_T,rer_at_50,absolute,15762,2937,image,,,0.13827786806958464,0.12016765148755755,0.15714446111019648,0.95,5000,0.0
C1,cosine_b0,mean,5,20,global_T,rer_at_50,absolute,15762,2937,image,,,0.21322360535924997,0.19283660571960737,0.23326530979000618,0.95,5000,0.0
C1,cosine_b0,mean,5,50,global_T,rer_at_50,absolute,15762,2937,image,,,0.2857650568199337,0.2630319024001691,0.3073572932085386,0.95,5000,0.0
C4,e1b_stats_semantic vs stats_logistic,b3_seed1,5,5,hard5,delta_auroc,absolute,7261,1401,image,,,0.03468820045283183,0.03102518732880007,0.038699358224029846,0.95,5000,
C4,e1b_stats_semantic vs stats_logistic,b3_seed1,5,5,hard5,e_aurc_reduction,absolute,7261,1401,image,,,0.17549855593400057,0.1549401299432842,0.19647568765478174,0.95,5000,
C4,e1b_stats_semantic vs stats_logistic,b3_seed1,5,5,hard5,rer50_gain_pp,absolute,7261,1401,image,,,4.578394564774769,2.900509431303406,6.116145638873919,0.95,5000,
C4,diff_of_diffs,b3_seed1,5,5,hard5_vs_rand5,auroc_correct,absolute,7261,,image,,,0.0314848250341313,0.026896582724255668,0.036231368760887825,0.95,5000,
C4,diff_of_diffs,b3_seed1,5,5,hard5_vs_rand5,e_aurc_reduction,absolute,7261,,image,,,0.16210744856368012,0.13431040714692014,0.1916387527058128,0.95,5000,
C4,diff_of_diffs,b3_seed1,5,5,hard5_vs_rand5,rer_at_50_gain_pp,absolute,7261,,image,,,5.252610543795577,3.091542995058197,7.634281502931279,0.95,5000,
C4,e1b_stats_semantic vs stats_logistic,b3_seed2,5,5,hard5,delta_auroc,absolute,7261,1401,image,,,0.029695655586515435,0.026173637881239,0.03345588256556598,0.95,5000,
C4,e1b_stats_semantic vs stats_logistic,b3_seed2,5,5,hard5,e_aurc_reduction,absolute,7261,1401,image,,,0.15478125041354265,0.13618167041759077,0.1744846156413477,0.95,5000,
C4,e1b_stats_semantic vs stats_logistic,b3_seed2,5,5,hard5,rer50_gain_pp,absolute,7261,1401,image,,,5.5715218350681495,3.867812329303096,7.089671923401861,0.95,5000,
C4,diff_of_diffs,b3_seed2,5,5,hard5_vs_rand5,auroc_correct,absolute,7261,,image,,,0.028693295155489906,0.024279259369059253,0.03327032168654019,0.95,5000,
C4,diff_of_diffs,b3_seed2,5,5,hard5_vs_rand5,e_aurc_reduction,absolute,7261,,image,,,0.15456988666604005,0.12777047802820163,0.18296560936254566,0.95,5000,
C4,diff_of_diffs,b3_seed2,5,5,hard5_vs_rand5,rer_at_50_gain_pp,absolute,7261,,image,,,5.706365030872307,3.4258798539017614,8.018165112902564,0.95,5000,
C4,e1b_stats_semantic vs stats_logistic,b3_seed3,5,5,hard5,delta_auroc,absolute,7261,1401,image,,,0.031352783931218764,0.027701341620393147,0.035083677758785625,0.95,5000,
C4,e1b_stats_semantic vs stats_logistic,b3_seed3,5,5,hard5,e_aurc_reduction,absolute,7261,1401,image,,,0.15230776766010892,0.13324056020183084,0.17182660799567753,0.95,5000,
C4,e1b_stats_semantic vs stats_logistic,b3_seed3,5,5,hard5,rer50_gain_pp,absolute,7261,1401,image,,,3.163406137046476,1.6484593488459713,4.81474866935289,0.95,5000,
C4,diff_of_diffs,b3_seed3,5,5,hard5_vs_rand5,auroc_correct,absolute,7261,,image,,,0.030033541088574367,0.02570031856865577,0.03434406678803865,0.95,5000,
C4,diff_of_diffs,b3_seed3,5,5,hard5_vs_rand5,e_aurc_reduction,absolute,7261,,image,,,0.15115572306732972,0.12496683276988899,0.1778666489735287,0.95,5000,
C4,diff_of_diffs,b3_seed3,5,5,hard5_vs_rand5,rer_at_50_gain_pp,absolute,7261,,image,,,3.9846482700139796,2.3471875007244893,6.490755295363481,0.95,5000,
C4,e1b_stats_semantic vs stats_logistic,b3_mean,5,5,hard5,summary,absolute,,,image,,,0.03191221332352201,0.028300055610144075,0.03574630618279382,0.95,5000,
C4,diff_of_diffs,b3_mean_dod_auroc,5,5,hard5_vs_rand5,auroc_correct,absolute,,,image,,,0.030070553759398527,0.025625386887323565,0.03461525241182222,0.95,5000,
